board_position,player_white,voc,move_time,elo,n_candidates,ply
8/6pk/7p/3p1pr1/3Pq3/2Q4P/1P3PP1/R5K1,True,0.38,26,2253,5,0
2rq1rk1/1b2bppp/p1nppn2/1pp5/4P3/2PPBN1P/PP2BPP1/R2QRNK1,True,0.0,3,2186,5,0
2rq1rk1/1b2bppp/p1nppn2/1pp5/4P3/2PPBNNP/PP2BPP1/R2QR1K1,False,0.035,9,2266,5,0
7k/7p/2p1bq2/1p1p3r/2p4R/6r1/P1P4Q/4R2K,True,0.0,2,2118,5,0
1rr3k1/p2n1pp1/4pn1p/2Pp4/3P4/2N1P2P/P3KPPN/R6R,True,0.0,5,2037,5,0
1rr3k1/p2n1pp1/4pn1p/2Pp4/3P4/2N1PN1P/P3KPP1/R6R,False,0.0,4,2020,5,0
1r1bk1nr/1p1q1pp1/p2p2np/P1pPp3/2P1P1PP/R3BP2/1P1QB3/4K1NR,True,0.0,13,2284,5,0
8/p7/3p2k1/PPpP1p2/2P5/2Q1pP2/8/1K4q1,True,0.001,7,2174,5,0
r2q1rk1/pp3ppb/5n1p/2b1p3/1PP4N/P1Nn3P/4BPP1/R1BQ1RK1,False,0.0,13,2142,5,0
r5k1/pp3p2/5p2/4p3/1P6/P1N4P/2r3P1/2B1R2K,True,0.094,3,2038,5,0
r5k1/pp3p2/5p2/4p3/1P2N3/P6P/2r3P1/2B1R2K,False,0.0,4,2142,5,0
rnbq1rk1/pp2nppp/3p4/8/8/5N2/PPP1PPPP/R1BQKB1R,True,0.04899999999999993,12,2250,5,0
r1bq1rk1/pp2nppp/2n5/3p4/8/3BPN2/PPPB1PPP/R2QK2R,False,0.0,2,2250,5,0
5rk1/pp3qp1/2ppn2p/4p3/1PP3bK/2QPP3/PB1N1rB1/R4RN1,False,0.0,6,2130,5,0
5rk1/pp3Rp1/2ppn2p/4p3/1PP3bK/2QPP3/PB1N2r1/R5N1,False,0.534,1,2130,5,0
r1bqk2r/pp1pnpbp/6p1/2p1n3/2PN4/1P2P3/PB2BPPP/RN1QK2R,True,0.0,16,2079,5,0
r1bq1k1r/pp1p1p1p/3N2p1/2pn4/2P5/1P2P3/Pb3PPP/RN1QK2R,True,0.0,4,2079,5,0
r1b2k1r/pp1pqp1p/3N2p1/2pQb3/2P5/1P2P3/P2N1PPP/5RK1,True,0.0,7,2079,5,0
1rb4r/p2p1pkp/1p1N1q2/5Pp1/2P5/1P1Q4/P5PP/5R1K,True,0.0,12,2079,5,0
1rb1r3/p2p2kp/1p3p2/4qP2/2P1N3/1P1Q4/P5PP/5R1K,True,0.0,11,2079,5,0
r2qk2r/pbpnbpp1/1p2p2p/3p4/3Pn3/1P1BPN2/PBPN1PPP/R2QR1K1,True,0.0,3,2327,5,0
2k5/1b3pp1/pP2p2p/4n1q1/2Prp3/P5P1/3NQP1P/R2R2K1,True,0.0,29,2327,5,0
2k4r/pbp2pp1/1p3B1p/n1P1pP2/4P3/2P2Q2/q2RB1PP/2K3NR,False,0.0,84,2107,5,0
rnbqk2r/2p1n1b1/pp1pp1pp/5p2/3PPP2/2PBBN2/PP4PP/RNQ2RK1,True,0.0,4,2183,5,0
r1bqk2r/4n1b1/pppp1npp/5p2/2BP1P2/2P2N2/PP1N1BPP/R1Q1R1K1,False,0.03400000000000003,10,2191,5,0
r1bq1rk1/4n1b1/ppp3pp/3pNp2/3PnP2/2PB4/PP1N1BPP/R1Q1R1K1,True,0.151,11,2183,5,0
r1b2rk1/4n1b1/pppq2pp/3pNp2/2PPnP2/3B4/PP1N1BPP/R1Q1R1K1,True,0.482,9,2183,5,0
r1b2rk1/4n1b1/pppq2pp/3pN3/2PPpP2/8/PP1N1BPP/R1Q1R1K1,True,0.005,8,2183,5,0
r4r2/2q1n1bk/2p1b1pp/1pPpN3/1P1PpP2/7P/5BP1/R1Q1RNK1,False,0.0,7,2191,5,0
5r2/2q3bk/2p1b3/1pPpNnQ1/1P1PpP2/4B2P/6P1/4R1K1,True,0.0,7,2183,5,0
r2q1rk1/4ppbp/n2p1np1/p2P4/Pp1NP3/4BP2/P5PP/1BRQ1RK1,False,0.0,60,2195,5,0
r1bqk2r/1p2bppp/p7/2pP4/3n4/3P2P1/PP2NPBP/R1BQK2R,True,0.0,8,2144,5,0
r1bq1rk1/1p2bppp/p7/2pP4/3n4/2NP2P1/PP3PBP/R1BQ1RK1,False,0.0,15,2164,5,0
r2q1rk1/1pb2ppp/p7/3P1b2/3pN3/3P2P1/PP3PBP/R2Q1RK1,True,0.0,7,2144,5,0
2rq1r1k/1pb2ppp/p7/3P1b2/Q2pN3/3P2P1/PP3PBP/2R2RK1,False,0.0,18,2164,5,0
2r2r1k/1pb2ppp/p7/3q1b2/Q2pN3/3P2P1/PP3PBP/2R2RK1,True,0.999,17,2144,5,0
2r2r1k/1pb2ppp/p7/2Rq1b2/Q2pN3/3P2P1/PP3PBP/5RK1,False,0.0,14,2164,5,0
2r2r1k/1p1q1ppp/pb6/2R2b2/Q2pN3/3P2P1/PP3PBP/2R3K1,True,0.19099999999999995,4,2144,5,0
rn1q1rk1/pppb1p2/4pP1p/6p1/1b3P1B/2NB4/PPP3PP/R2QK1NR,False,0.0,1,2014,5,0
rn1q1rk1/pppb1p2/4pP1p/8/1b3P1p/2NB4/PPP3PP/R2QK1NR,True,0.0,1,2263,5,0
r3kbnr/pp2pppp/2n5/q2P4/6b1/2N2N2/PP3PPP/R1BQKB1R,False,0.0,1,2073,5,0
r1b2rk1/pp1n1ppp/2nqp3/3p4/2pP1P2/P1P1P3/1PBN2PP/R2QK1NR,True,0.14600000000000002,1,2132,5,0
r1bqk2r/1p2bppp/p1nppn2/8/3PP3/2N2N2/PP2BPPP/R1BQ1RK1,False,0.05499999999999994,3,2080,5,0
4r1k1/7p/p1q1Pbp1/1p1p1p2/8/3BQ1P1/5PP1/3R2K1,True,0.0,6,2095,5,0
6k1/Q6p/p1q1rbp1/3p1p2/1p6/3B2P1/5PP1/4R1K1,True,0.0,8,2095,5,0
r1bq1rk1/pp1nppbp/2pp1np1/8/P2P1B2/2P1PN1P/1P1N1PP1/R2QKB1R,False,0.048999999999999995,2,2262,5,0
1rr2nk1/3bqpb1/4p3/pp1pP1Np/P2P3P/3B2B1/1P2Q1P1/R2R2K1,True,0.0,8,2277,5,0
1rr2nk1/3bqpb1/4p3/pp1pP1NQ/P2P3P/3B2B1/1P4P1/R2R2K1,False,0.0,9,2262,5,0
1rr2nk1/3bq3/4pb2/pp1p2NQ/P2P3P/3B2B1/1P4P1/R2R2K1,True,0.0,7,2277,5,0
1r3nk1/3bq3/4pb2/pp1p2NQ/P2P3P/3B4/1P4P1/R2R2K1,True,0.0,2,2277,5,0
1k1b4/1p3qp1/p2p3p/2pPp3/2N3P1/P3Q2P/KP3r2/3R4,False,0.0,3,2082,5,0
r2qr1k1/1p1nbppp/p2p1n2/2pP1b2/2P5/P1N2N2/1P2BPPP/R1BQ1RK1,True,0.0,4,2171,5,0
r3r1k1/1p3ppp/p2p2n1/2pP4/N1P2n2/P4BPq/1P5N/R2QR1K1,False,0.28300000000000003,1,2235,5,0
r3r1k1/1p3ppp/p2p2n1/2pP4/N1P5/P4Bq1/1P3R1N/R2Q3K,False,0.0,1,2235,5,0
r3r1k1/5ppp/3p2n1/1ppP4/N7/P4B2/1P5N/6RK,True,0.0,4,2171,5,0
r3r1k1/5ppp/3p2n1/3P4/1p6/2N2B2/1P5N/6RK,True,0.0,2,2171,5,0
r3r1k1/5ppp/3p2n1/3P4/1p2N3/5B2/1P5N/6RK,False,0.0,13,2235,5,0
r1bq1rk1/p4ppp/1pnbpn2/2pp4/3P1P2/2PBPN2/PP1NQ1PP/R1B2RK1,False,0.0,3,2214,5,0
r2q1rk1/1b3ppp/1pnbpn2/p1pp4/3P1P2/P1PBPN2/1P1NQ1PP/R1B2RK1,True,0.002,5,2098,5,0
r6k/5p2/4pPp1/3pP2p/p7/P1P2qr1/1P1Q3P/R5K1,True,0.0,1,2098,2,0
r2r2k1/p1q1bpp1/1p2p2p/2p1P3/8/1P4P1/PBQ1PPKP/R2R4,True,0.004,27,2115,5,0
8/5p2/1k2p2p/2b1P1p1/p1PBP1P1/p3P2P/2K5/8,True,0.008,3,2115,5,0
rn3rk1/ppp1ppbp/6p1/8/2P3q1/1P3N2/P1Q2PPP/3RKB1R,True,0.0,3,2203,5,0
3r2k1/p1p1pp1p/2B3pb/8/8/1P5P/P4KP1/4R3,True,0.0,3,2203,5,0
1r2r1k1/Qb1p1p2/3PpqpB/3n4/Pp6/3P2P1/1PP2PBP/R4RK1,True,0.0,32,2232,5,0
r3k2r/ppp1bppp/2n1p3/1N2n3/2P2B2/5P2/PP3P1P/R3KB1R,False,0.15899999999999992,3,2150,5,0
r1qk1b1r/p1p1n3/1p1pPpp1/4nP1B/4P3/6B1/PPP3PP/R2Q1RK1,True,0.0,8,2348,5,0
r1b1k2r/ppp1nppp/3p2q1/2b1n3/3NP3/2P1BB2/PP1N1PPP/R2QK2R,False,0.015,30,2264,5,0
r1b2rk1/pp4pp/1bpp2q1/5N2/P7/1NP1BQ2/1P3PPP/R4RK1,False,0.0,2,2264,5,0
r1b3k1/pp4pp/1bpp2q1/5r2/P3Q3/1NP1B3/1P3PPP/R4RK1,False,0.0,25,2264,5,0
r1bqr1k1/pp1n1pbp/5np1/4p3/8/2P2N1P/PP1NBPPB/R2QK2R,True,0.0,3,2119,5,0
r1bq2k1/pp1r1p1p/3B2p1/8/8/2P4P/PP2QPP1/3R1RK1,False,0.0,1,2200,5,0
r1b3k1/pp3p1p/4q1p1/8/8/2P4P/PP2QPP1/3R2K1,True,0.0,14,2119,5,0
r1bR4/pp3pkp/4q1p1/8/8/2P4P/PP2QPP1/6K1,True,0.0,16,2119,5,0
r1bR4/p4pkp/1p4p1/8/6P1/2P5/PP3PP1/6K1,True,0.0,3,2119,5,0
r1b2rk1/2q1bppp/pp1ppn2/8/P1nNP3/2N3PP/1PP2PB1/R1BQR1K1,True,0.0,11,2325,5,0
2r2rk1/1bq1bppp/pp1pp3/4n3/P3P3/1PN1Q1PP/1BP1RPBK/4R3,False,0.03,2,2275,5,0
r4k1r/p4Bpp/2p2n2/np6/1b1qN3/8/P3Q1PP/R1B2RK1,True,0.0,9,2278,5,0
r4k1r/p4Bpp/2p2n2/np6/1b1qN3/8/P3Q1PP/R1B2R1K,False,1.0,57,2289,5,0
r6r/p3k1pp/2p2N2/np5Q/1bq5/8/PB4PP/R4R1K,False,0.0,13,2289,5,0
r6r/p6p/1kp2B2/np2Q3/1bq5/8/P5PP/3R1R1K,True,0.0,11,2278,5,0
6rB/p6p/1kp5/1pb5/2n5/8/P5PP/3R1R1K,True,0.134,5,2278,5,0
6r1/p6p/1kp5/1p6/2nR4/8/P5PP/5R1K,False,0.0,1,2289,5,0
6r1/p6p/2p5/1pk5/7R/4n3/P4RPP/7K,False,0.732,14,2289,5,0
8/p6p/2p5/1pk5/7R/4n2P/P4RP1/3r3K,True,0.0,3,2278,2,0
1k6/pp6/3q3p/3p2p1/3nn3/P4rP1/1P1B2QP/1KR5,False,0.0,14,2105,5,0
rnb1k1r1/ppq1np1Q/4p3/3pP3/3p4/P1P5/2P2PPP/R1B1KBNR,True,0.0,83,2005,5,0
r1b1k1r1/ppq1np2/4p3/3pn3/3Q4/P1P5/2P1NPPP/R1B1KB1R,False,0.0,3,2027,5,0
r1b1k1r1/ppq2p2/2n1p3/3pn3/5Q2/P1P5/2P1NPPP/R1B1KB1R,False,0.0,179,2027,5,0
2kr4/pp1b1p2/6r1/q2pn3/2n1p3/P1P4P/1BP1NPP1/1RQ1KB1R,True,0.0,8,2005,5,0
2kr4/pp3p2/2b3n1/q7/2p1p3/P1P4P/1BP2PP1/1RQ2RK1,False,0.03,61,2027,5,0
1k5r/ppq2p2/2bQ4/8/2p1pn2/P1P4P/1BP2PP1/1R1R2K1,True,0.0,22,2005,5,0
r1bq1rk1/p6p/2pbp1pQ/5p2/8/1N4P1/PPP2P1P/R1BR2K1,False,0.31499999999999995,6,2185,5,0
r1b2rk1/p1q4p/2p3pQ/4ppN1/8/6P1/PPP2P1P/R2R2K1,False,0.0,9,2185,5,0
4r1k1/1bqn1pbp/4p1p1/pQpp2B1/8/2P4P/PP1N1PP1/R3R1K1,True,0.0,6,2133,5,0
4r1k1/1bqn1pbp/4p1p1/pQpp4/7B/2P4P/PP1N1PP1/R3R1K1,False,0.0,3,2088,5,0
4r1k1/2qn1pbp/2b1p1p1/pQpp4/7B/2P4P/PP1N1PP1/R3R1K1,True,0.0,8,2133,5,0
4r1k1/2qn1pbp/2b1p1p1/p1pp4/7B/2PQ3P/PP1N1PP1/R3R1K1,False,0.0,9,2088,5,0
rnbq1rk1/2p1bppp/pp2pn2/3pP3/3P4/3B1N2/PPPNQPPP/R1B1K2R,False,0.0,1,2009,5,0
rn1q1rk1/3n1ppp/b3p3/3pP3/1b1P4/2p3N1/1PBNQPPP/R1B1R1K1,True,0.0,5,2031,5,0
r2qr1k1/p3bppp/2p2n2/1pn2PN1/5B2/6N1/PPP1Q1PP/R4R1K,False,0.001,3,2079,5,0
5rk1/1b3ppp/p2p1n2/1p2pP2/4P2Q/P2P3P/BPq1N1P1/5RK1,True,0.0,18,2160,5,0
5rk1/1b3ppp/p2p1n2/1p2pP2/4P2Q/P2P3P/BPq3P1/2N2RK1,False,0.014,3,2251,5,0
7k/1b4p1/1q1p1nBp/pp2pP2/4P1PK/P2P3P/Q7/8,False,0.0,14,2251,5,0
8/1k3p1p/4pqp1/Pprr4/3pQ3/5P2/5PPP/R2R2K1,True,0.0,33,2105,5,0
r1bq1rk1/pp3ppp/3bpn2/3pN3/1n1P1B2/3BP3/PP1N1PPP/R2QK2R,True,0.0,3,2031,5,0
2rq1rk1/pb3p1p/np2pbp1/3pN3/3P4/P2QPN2/1P3PPP/RB3RK1,True,0.0,11,2031,5,0
r2q1rk1/ppp2pp1/3p1n1p/nBb1p2b/4P3/2PP1N1P/PP3PP1/R1BQRNK1,False,0.0,11,2073,5,0
r2q1rk1/2p2pp1/p2p1n1p/npb1p2b/4P3/2PP1N1P/PPB2PP1/R1BQRNK1,False,0.0,23,2073,5,0
r2q1rk1/2p2pp1/p1np1nbp/1p6/3PP3/5NNP/PPBb1PP1/R2QR1K1,True,0.0,2,2092,5,0
r3r1k1/pbpq1ppp/1pnp4/3Nn3/4P3/3B1N1P/PPPQ1PP1/1K1R3R,True,0.626,15,2048,5,0
r5k1/pbpqrppp/1p1p4/3P4/5PPN/3Q3P/PPP5/1K1R3R,True,0.0,9,2048,5,0
r3r1k1/1bpq2pp/1p1p1p2/p2P1N2/5PPP/3Q4/PPP5/1K1R3R,False,0.0,6,2044,5,0
1R3rk1/6pp/p1p5/q1p2p2/P1P5/b1P2P2/2Q1N1PP/5R1K,False,0.0,3,2153,5,0
1r4k1/6pp/p1p5/2p2Q2/q1P2N2/b1P2P2/6PP/5R1K,False,0.0,10,2153,5,0
1r4k1/6pp/p1p5/2p2Q2/2q2N2/b1P2P2/6PP/5R1K,True,0.0,7,2262,5,0
1r4k1/7p/p1p3p1/2p1Q3/2q2N2/b1P2P2/6PP/4R2K,False,0.0,9,2153,5,0
r2qk2r/2pbbppp/2np1n2/pp6/3PP3/PB3N1P/1P3PP1/RNBQR1K1,False,0.0,1,2049,5,0
r2q1rk1/2pbbppp/2np1n2/pp6/3PP3/PBN2N1P/1P3PP1/R1BQR1K1,False,0.0,20,2049,5,0
1r1q1rk1/5ppp/p4b2/8/3pB1b1/P7/1P2RPPP/1RBQ2K1,True,0.0,5,2088,5,0
3q1rk1/5ppp/Q4b2/1P6/2b1B3/P1rp1P2/3R2PP/1RB3K1,False,0.0,4,2091,5,0
3q1rk1/5ppp/Q7/1P4b1/2b1B3/P1rp1P2/6PP/1RBR2K1,False,0.0,5,2091,5,0
5rk1/5ppp/Q7/1P6/2bqB3/P2p1P2/2r3PP/2RR3K,True,0.0,7,2088,5,0
4r1k1/5p1p/2b3p1/8/P4P2/1B6/4q1PP/3R2QK,False,0.0,16,2091,5,0
r1b1k2r/ppppqppp/8/3P4/1n2n3/5N2/PP2BPPP/RN1QK2R,False,0.0,45,2032,5,0
r1b2rk1/pppp1ppp/8/2qn4/2P5/5N2/P3BPPP/R2Q1RK1,False,0.0,5,2032,5,0
r1b2rk1/pppp1ppp/8/2q5/2P5/2n2N2/P1Q1BPPP/R4RK1,False,0.0,2,2032,5,0
4r1k1/ppp1rppp/8/2p5/2P5/6P1/P4P1P/R4RK1,True,0.0,6,2128,5,0
4r1k1/ppp1rppp/8/2p5/P1P5/6P1/5P1P/R4RK1,False,0.0,5,2032,5,0
8/5ppk/7p/R7/1pp2P2/p5P1/1rK4P/8,True,0.0,3,2128,2,0
r1bBk2r/pp1p1ppp/4p3/2p5/8/3P2P1/PPP1KPBP/R6R,False,0.0,2,2207,5,0
8/pp6/3k1p1p/2p1pP2/2P1K3/8/PP5P/8,True,0.0,29,2111,5,0
8/p7/2k2p2/Ppp1pP1p/2P5/1P3K2/7P/8,False,0.0,6,2207,5,0
8/p7/5p2/k1pKpP1p/2P5/8/7P/8,True,0.0,2,2111,5,0
r1b1k1nr/pppp1ppp/1b6/8/3PP2q/5P2/PPP1K2P/RNBQ1B1R,True,0.06,2,2133,5,0
r3r1k1/ppp2ppp/1b3n2/3pPb1q/3P3P/2NQ1P2/PPPK1B2/R4B1R,True,0.001,18,2133,5,0
r3r1k1/pp1n1ppp/1b6/3NPb1q/3p3P/5P2/PPPKQB2/4RB1R,True,0.0,5,2133,5,0
r3r1k1/pp1n1ppp/1b6/3NPb1q/3p1P1P/8/PPPKQB2/4RB1R,False,0.0,12,2224,5,0
r3r1k1/pp1n1ppp/1b5q/3NPb2/3p1P1P/8/PPPKQB2/4RB1R,True,0.0,13,2133,5,0
4r1k1/pp1n1ppp/1b5q/3N1b2/2Qp1P1P/6B1/PPP5/4KB1R,True,0.0,2,2133,5,0
4r1k1/pp1n1ppp/1b5q/3N4/2QpbP1P/6B1/PPP5/3K1BR1,False,0.0,6,2224,5,0
rn1qk2r/1bp1bppp/p2p1n2/1p6/3NP3/1BN2P1P/PPP3P1/R1BQK2R,False,0.0,1,2098,5,0
1n1q1rk1/2r1bppp/p2p4/1ppQ1N2/4P3/4BP1P/PPP3P1/3RK2R,False,0.0,26,2098,5,0
1n2r1k1/2r2ppp/3R4/2p5/p3P3/p3BP1P/1PP3P1/3R2K1,True,0.0,1,2103,5,0
1n2r1k1/2r2ppp/3R4/8/p1p1P3/P3BP1P/2P3P1/3R2K1,True,0.0,2,2103,5,0
6k1/6pp/5p2/1r6/R1p1P3/P1P2P1P/6P1/6K1,False,0.0,2,2098,5,0
r4rk1/1pqnbppp/p3bn2/4p1B1/4P3/1NNB1Q2/PPP3PP/R4R1K,False,0.013,12,2211,5,0
2rr3k/2q1bppp/p4n2/1p2pQ2/2n1P3/1N1B3P/PPP3P1/2BR1R1K,False,0.02,9,2211,5,0
2rr3k/2q1bppp/5n2/pp2p3/4P3/1P1B1Q1P/P1PB2P1/3R1R1K,False,0.361,2,2211,5,0
3r1r1k/5ppp/5b2/p3p3/1p2P3/1PqB1Q1P/P1PR2P1/3R3K,True,0.018,1,2187,5,0
3r3k/5ppp/8/p3p1b1/1p1rP3/1PqB3P/P1PRQKP1/3R4,True,0.0,5,2187,5,0
3r3k/6pp/5p2/p3p2P/1p1rP3/1PqB2P1/P1PRQK2/8,False,0.0,2,2211,5,0
r3k2r/1p2ppb1/2n2n1p/1p1p1bp1/2pP4/P1P1PNB1/1P1NBPPP/2R1K2R,False,0.002,2,2301,5,0
r3k2r/1p2ppb1/2n4p/1p1p1bp1/n1pP4/P1P1PNB1/RP1NBPPP/5RK1,False,0.001,12,2301,5,0
r6r/1p1kp3/5b1p/n2p1pp1/p1pP4/P1PbPN1P/RP1N1PPB/4R1K1,False,0.0,7,2301,5,0
r6r/1p1kp3/7p/3pPpp1/p1p5/P1PbP2P/RP1N1PP1/4R1K1,False,0.0,20,2301,5,0
r6r/1p1kp3/7p/3pPp2/p1p3p1/P1PbP2P/RP1N1PP1/4R1K1,True,0.0,10,2325,5,0
r6r/1p2p3/4k2p/3pP3/p1p2Pp1/P1PbP3/RP1N1KP1/4R3,False,0.003,6,2301,5,0
2r5/1p2p3/1r2k1b1/3pP2p/p1p2PpR/P1P1P1P1/RP1NK3/8,True,0.0,11,2325,5,0
r1bq1rk1/pp2bppp/2n2n2/2p1p3/P2pP3/3P1NP1/1PPN1PBP/R1BQ1RK1,True,0.0,4,2266,5,0
r3r1k1/ppq1bppp/2n2n2/2p1p3/P1NpP1bN/2PP2P1/1PQ2PBP/R1B2RK1,False,0.054,14,2222,5,0
2r1r1k1/1p2q1p1/1pn4p/2p1pP2/P2pB1Pb/2PP4/1P1B2QP/R4RK1,True,0.0,29,2266,5,0
2r2rk1/1p4p1/1pn4p/2p1pP2/P2pB1Pq/2PP1R2/1P4Q1/R5K1,False,0.0,6,2222,5,0
rnbq1rk1/p3bpp1/1ppp1n1p/3N4/2BNPP2/8/PPP3PP/R1BQ1RK1,True,0.0,19,2007,5,0
r3qrk1/pb1n1pp1/1pNp1n1p/8/4PP2/3B4/PPP3PP/R1BQR1K1,True,0.268,10,2007,5,0
r3qrk1/pb1n1pp1/1p1p1n1p/8/3NPP2/3B4/PPP3PP/R1BQR1K1,False,0.0,7,2027,5,0
r1q2rk1/pb3pp1/1p1p1n1p/1Bn5/3NPP2/8/PPP3PP/R1BQR1K1,True,0.0,21,2007,5,0
r1q2rk1/pb3pp1/1p3n1p/1Bn1p3/3N1P2/8/PPP3PP/R1BQR1K1,True,0.0,3,2007,5,0
r1b1k2r/pp3ppp/5n2/4p3/2Pn4/b2B4/PP3PPP/R1B1K1NR,True,0.0,2,2062,5,0
r3k2r/pp3ppp/5n2/4pb2/2Pn4/P2B4/P4PPP/R1B1K1NR,True,0.0,3,2062,5,0
r4rk1/pp3pp1/5n1p/5nN1/2P1p3/P7/P4PPP/R1B2RK1,True,0.0,1,2062,5,0
r2r2k1/pp3pp1/5n1p/8/2Pnp3/P6N/PB3PPP/R4RK1,True,0.0,9,2062,5,0
3r2k1/pp3p2/5n1p/6p1/2P1p3/P1N5/P2r1PPP/R3R1K1,False,0.0,9,2068,5,0
6k1/1p3p2/p4n1p/6p1/2Prp3/P1N5/P2r1PPP/2R1R1K1,True,0.0,16,2062,5,0
8/1p3p1k/p6N/6p1/2P1pn2/P6P/P2r2P1/1R4K1,True,0.0,5,2062,5,0
8/1p3p1k/p7/6p1/2P1pnN1/P6P/P5r1/1R4K1,True,0.0,1,2062,2,0
8/5R2/p7/4N1p1/2P1pn1k/P6P/r7/7K,True,0.0,20,2062,5,0
8/5R2/p7/2P1N1p1/4pn1k/P6P/r7/7K,False,0.0,5,2068,5,0
r1bq1rk1/pp1pppbp/2n2np1/8/3NP3/2N1B3/PPP1BPPP/R2QK2R,True,0.001,2,2094,5,0
2rq1rk1/pp1bppbp/2np1np1/8/3NPP2/P1N1B3/1PP1B1PP/R2Q1RK1,True,0.021999999999999992,2,2094,5,0
2rq1rk1/pp1npp2/3p2p1/3P4/3b4/P2B4/1PP3PP/R2Q1R1K,False,0.0,8,2089,5,0
2rq1rk1/pp2ppb1/3p2p1/3Pn3/6Q1/P2B4/1PP3PP/R4R1K,True,0.0,12,2094,5,0
2rq1rk1/pp2ppb1/3p2p1/3P4/8/P2Q4/1PP3PP/R4R1K,False,0.0,5,2089,5,0
2r2rk1/pp2ppb1/1q1p2p1/3P4/8/P2Q4/1PP3PP/R4R1K,True,0.0,6,2094,5,0
5rk1/pp2ppb1/3p2p1/3Pq3/2r5/P1P2Q1P/1P4P1/3R1R1K,True,0.0,2,2094,5,0
5rk1/pp2ppb1/3p2p1/3P4/5r2/P1P4P/1P4P1/3RR2K,True,0.0,2,2094,5,0
4rk2/pp3pb1/3p2p1/3P4/5r2/P1P4P/1PR3P1/3R2K1,False,0.0,5,2089,5,0
5k2/pp3pb1/3p2p1/3P4/2P2r2/PP2r2P/2R3P1/3R2K1,True,0.0,3,2094,5,0
5k2/pp3pb1/3p2p1/3P4/1PP2r2/r6P/2R3P1/3R2K1,True,0.0,1,2094,5,0
r2qk2r/pp3ppp/2nbp3/3p4/8/2PQ1P2/PP3P1P/RNB2RK1,True,0.0,3,2238,5,0
r3k2r/pp3ppp/2n1p3/3p4/5b2/2PQ1N1q/PP3P1P/R1B2RK1,True,0.0,5,2238,5,0
r1bq1b1r/pppnpkpp/1n6/2P5/8/2N5/PP1P1PPP/R1BQKB1R,False,0.21599999999999997,19,2045,5,0
3q1b1r/1pp1p1pp/1p4k1/r2n4/3PN3/1Q2B3/PP3PPP/R4RK1,False,0.0040000000000000036,10,2045,5,0
r4rk1/1pp1b1p1/1p1qP2p/3n4/1P1P4/P2QB1N1/6PP/R4RK1,True,0.0,10,2044,5,0
3rr1k1/1pp3p1/1p1qPb1p/3P4/1P2Q3/P5N1/6PP/3R1RK1,True,0.0,3,2044,5,0
4r3/1pp2Npk/1p2Pb2/3rq3/1P4Q1/P7/6PP/3R1RK1,False,0.0,9,2045,5,0
4r3/1pp2Npk/1p2qb2/8/1P4Q1/P7/6PP/3R3K,True,0.0,30,2044,5,0
r1bqk2r/pp2ppbp/2np1np1/8/2BNP3/P1N5/1PP2PPP/R1BQK2R,True,0.012,7,2011,5,0
r1bq1rk1/pp3pbp/3p1np1/4B3/2BQP3/P1N5/1PP2PPP/R4RK1,False,0.382,1,2008,5,0
r2qr1k1/pp3pbp/4bnp1/1B6/4PQ2/P1N5/1PP2PPP/R4RK1,False,0.0,5,2008,5,0
3r2k1/p4p1p/1p2b1p1/1n2R3/5P2/P1P3P1/1P5P/6K1,True,0.0,2,2011,5,0
8/p4pkp/1p2b1p1/8/4RP2/P1P3P1/1P1r3P/6K1,True,0.0,11,2011,5,0
8/p4pkp/1p2b1p1/8/1P2RP2/P1P3P1/r6P/6K1,True,0.0,8,2011,5,0
r1bq1rk1/pp1nbppp/3pp1n1/8/2PNPP2/2N5/PP2B1PP/R1BQ1RK1,True,0.21899999999999997,1,2055,5,0
r1bq1rk1/1p2bppp/p2p1nn1/5N2/2P1Pp2/P1N1B3/1P2B1PP/R2Q1R1K,True,0.018,1,2055,5,0
r4rk1/1p1bqppp/p2p4/3P4/4PR2/P2B4/1P4PP/R2Q3K,False,0.004,5,2051,5,0
5r2/3b1pkp/p2p1Rp1/1prPq2P/4P1P1/P2B4/1P1Q4/5R1K,False,0.645,7,2051,5,0
r2qr1k1/pp2ppb1/1nn3p1/6Pp/3PNB1P/2PQ1P2/PP2N3/1K1R3R,False,0.16100000000000003,8,2072,5,0
r2qr1k1/4ppb1/p1n3p1/1pN3Pp/2nP1Q1P/2P2PN1/PP6/1KBRR3,True,0.0,6,2007,5,0
r2qr1k1/4ppb1/p1n3p1/1pN3Pp/2nP1Q1P/1PP2PN1/P7/1KBRR3,False,0.0,11,2072,5,0
r2qr1k1/4ppb1/pnn3p1/1pN3Pp/3PNQ1P/1PP2P2/P7/1KBRR3,False,0.04299999999999998,1,2072,5,0
r2qr1k1/4ppb1/p1n3p1/1pNn2Pp/3PN2P/1PP2P2/P2Q4/1KBRR3,False,0.301,8,2072,5,0
r2qr1k1/4ppb1/2n3p1/p2n2Pp/1p1PN2P/1PPN1P2/P2Q4/1KBRR3,True,0.0,3,2007,5,0
r2qr1k1/4ppb1/1nn3p1/p5Pp/1pPPN2P/1P1N1P2/P2Q4/1KBRR3,True,0.1519999999999999,20,2007,5,0
r2qr1k1/4ppb1/1n4p1/p1N3Pp/1pPnN2P/1P2QP2/P7/1KBRR3,False,0.0,4,2072,5,0
r3r1k1/4qpb1/1n4p1/p1N1p1Pp/1pPBN2P/1P2QP2/P7/1K1RR3,False,0.0,2,2072,5,0
2kr1bnr/pppq1pp1/2n5/4P2p/Q1Pp4/5NPb/PP1NPPBP/R1B2RK1,True,0.953,3,2198,5,0
2kr2nr/pppq1pp1/2n5/4P2p/QbPp4/5NPb/P2NPPBP/1RB2RK1,False,0.0,3,2284,5,0
2kr2nr/1ppq1pp1/2n5/B3P3/Q1Pp3p/P4NP1/4PPKP/1R3R2,False,0.967,8,2284,5,0
2kr2nr/1ppq1pp1/2n5/B3P3/Q1Pp4/P4NP1/4P1KP/1R3R2,False,0.967,2,2284,5,0
2kr2nr/1pp2pp1/8/B3n3/Q1Pp4/P4NPq/4P2P/1R3RK1,True,0.0,5,2198,5,0
rnb1k2r/ppp1p1bp/6p1/4Pp2/2P2P2/2N3nP/PP4P1/R1BK1BNR,True,0.0,19,2359,5,0
r3k2r/ppp1p1bp/2n3p1/4P3/2P2Pb1/2N5/PP2N3/R1B1KB1n,True,0.0,3,2359,5,0
2kr3r/ppp1p1bp/2n3p1/4P3/2P2Pb1/2N5/PP2N3/R1B1K2B,False,0.0,1,2359,5,0
2kr3r/ppp1p1bp/6p1/4P3/1nP2Pb1/2N5/PP2N3/R1B1K2B,True,0.0,12,2359,5,0
2kr3r/ppp1p1bp/6p1/4P3/1nP2Pb1/2N5/PP2NK2/R1B4B,False,0.0,5,2359,5,0
2kr1r2/ppp1p1bp/6p1/4P3/1nP2Pb1/2N5/PP2NK2/R1B4B,True,0.0,5,2359,5,0
2kr1r2/ppp1p1bp/6p1/4P3/1nP2Pb1/2N1B3/PP2NK2/R6B,False,0.0,7,2359,5,0
2kr1r2/ppp1p2p/6p1/4b3/1nP2Pb1/2N1B3/PP2NK2/R6B,True,0.0,10,2359,5,0
2kr1r2/ppp1p2p/6p1/4b3/2P2P2/P2nB1K1/1P2N3/R6B,False,0.0,9,2359,5,0
2kr1r2/ppp1p2p/6p1/8/2P2P2/P2nB1K1/1b2N3/R6B,True,0.0,2,2359,5,0
2kr1r2/pp2p2p/2p3p1/8/2P1BP2/P2nB1K1/1b2N3/1R6,False,0.0,4,2359,5,0
2kr1r2/pp2p2p/2p3p1/8/2P1BP2/b2nB1K1/4N3/1R6,True,0.0,3,2359,5,0
2kr1r2/pp2p2p/2p3p1/8/2PNBP2/b2nB1K1/8/1R6,False,0.0,8,2359,5,0
2kr1r2/pp5p/2p1N1p1/4p3/2P1BP2/b2nB1K1/8/1R6,False,0.0,2,2359,5,0
2kr1r2/pp5p/2p1N1p1/8/2P1Bp2/b2nB1K1/8/1R6,True,0.0,24,2359,5,0
r1bqkb1r/1p3ppp/p1n1p3/2pN4/3P4/4PN2/PP2BPPP/R1BQK2R,False,0.0,5,2219,5,0
r1b2rk1/1p3ppp/p1nbp3/3q4/3P4/4BN2/PPQ1BPPP/R4RK1,False,0.0,8,2219,5,0
2r2rk1/1p1b1ppp/p1nbp3/3q4/3P4/P3BN2/1PQ1BPPP/R4RK1,True,0.0,31,2143,5,0
2r2rk1/1p1b1ppp/p1nbp3/3q2N1/3P4/P3B3/1PQ1BPPP/R4RK1,False,0.0,23,2219,5,0
2r2rk1/1p1b1p1p/p1nbp1p1/3q2N1/3P4/P3B3/1PQ1BPPP/R4RK1,True,0.013,18,2143,5,0
2r2rk1/1p1b1p1p/p1nbp1p1/3q2N1/3P4/P2QB3/1P2BPPP/R4RK1,False,0.119,44,2219,5,0
2r2rk1/1p1b1p1p/p1nb2p1/3qp3/3PN3/P2QB3/1P2BPPP/R4RK1,False,0.0,11,2219,5,0
2r2rk1/1p1bbp1p/p1n3p1/3qp3/3P4/P1NQB3/1P2BPPP/R4RK1,False,0.0,46,2219,5,0
2r2rk1/1p1bbp1p/p1nq2p1/4p3/3P4/P1NQB3/1P2BPPP/R4RK1,True,0.022999999999999996,5,2143,5,0
2r2rk1/1p1bbp1p/p2q2p1/n2Pp3/8/P1NQB3/1P2BPPP/R4RK1,True,0.0,11,2143,5,0
1qr2rk1/1p1bbp1p/p5p1/n2Pp3/4N3/P2QB3/1P2BPPP/R4RK1,True,0.02300000000000002,51,2143,5,0
1qrb1rk1/1p1b1p1p/p2P2p1/n3p3/4N3/P2QB3/1P2BPPP/R4RK1,True,0.0,26,2143,5,0
1qrb1rk1/1p1b1p1p/p2P2p1/n2Qp3/4N3/P3B3/1P2BPPP/R4RK1,False,0.0,22,2219,5,0
1qrb1rk1/1p1b1p1p/p1nP2p1/3Qp3/4N3/P3B3/1P2BPPP/R4RK1,True,0.0,41,2143,5,0
1qrbr1k1/1p1b1p1p/p1nP2pB/3Qp1N1/8/P7/1P2BPPP/R4RK1,False,0.0,10,2219,5,0
rn2kbnr/pp3ppp/q1p1p3/3pP3/3P4/2Q5/PPPB1PPP/RN2K1NR,True,0.05700000000000001,2,2172,5,0
rn2kbnr/pp3ppp/q1p1p3/3pP3/3P1P2/2Q5/PPPB2PP/RN2K1NR,False,0.0020000000000000018,4,2272,5,0
r3kbnr/pp1n1ppp/q1p1p3/3pP3/3P1P2/2Q5/PPPB2PP/RN2K1NR,True,0.019,6,2172,5,0
r3kb1r/pp1n1ppp/q1p1p2n/3pP3/1P1P1P2/2Q2N2/P1PB2PP/RN2K2R,False,0.0,12,2272,5,0
r3kb1r/p2n1ppp/qpp1p2n/3pP3/1P1P1P2/2Q2N2/P1PB2PP/RN2K2R,True,0.025,31,2172,5,0
r3kb1r/p2n1ppp/qpp1p2n/3pP3/1P1P1P2/2Q2N2/P1PB1KPP/RN5R,False,0.032,4,2272,5,0
r3kb1r/p2n1ppp/qp2p2n/2ppP3/1P1P1P2/2Q2N2/P1PB1KPP/RN5R,True,0.003,6,2172,5,0
r3kb1r/p2n1ppp/q3p2n/2ppP3/3P1P2/2Q1BN2/P1P2KPP/RN5R,False,0.0,3,2272,5,0
r3kb1r/p2n1ppp/q3p3/2ppP3/3P1Pn1/2Q1BN2/P1P2KPP/RN5R,True,0.0,1,2172,3,0
r3kb1r/p2n1ppp/q3p3/2ppP3/3P1Pn1/2Q1BNK1/P1P3PP/RN5R,False,0.0,6,2272,5,0
r3kb1r/p2n1ppp/q3p3/3pP3/3N1P2/4Q1K1/P1P3PP/RN5R,False,0.005,3,2272,5,0
r3k2r/p2n1ppp/q3p3/2bpP3/3N1P2/4Q1K1/P1P3PP/RN5R,True,0.001,9,2172,5,0
r3k2r/p2n1ppp/q3p3/2bpP3/3N1P2/4Q1K1/P1PN2PP/R6R,False,0.014,10,2272,5,0
r4rk1/p2n1ppp/q3p3/2bpP3/3N1P2/1N2Q1K1/P1P3PP/R6R,False,0.0,2,2272,5,0
r4rk1/p2n1ppp/qb2p3/3pP3/3N1P2/1N2Q1K1/P1P3PP/R6R,True,0.0,7,2172,5,0
2r2rk1/p2n1ppp/qb2p3/3pP3/3N1P1P/1NP1Q1K1/P5P1/R6R,False,0.0,11,2272,5,0
2r2rk1/p2n1ppp/1b2p3/3pP3/2qN1P1P/1NP1Q1K1/P5P1/R6R,True,0.0,3,2172,5,0
2r2rk1/p2n1ppp/1b2p3/3pP3/2qN1P1P/1NP1Q1K1/P5P1/2R4R,False,0.0,21,2272,5,0
2r2rk1/3n1pp1/1b2p2p/p2pP2P/2qN1P2/1NP1Q1K1/P5P1/2R4R,True,0.0,20,2172,5,0
2r2rk1/3n1pp1/1b2p2p/3pP2P/p1qN1P2/2P1QK2/P2N2P1/2R4R,False,0.0,10,2272,5,0
2r2rk1/3n1pp1/qb2p2p/3pP2P/p2N1PP1/2P1QK2/P2N4/2R4R,False,0.0,24,2272,5,0
2r2rk1/5pp1/qb2p2p/2npP2P/p2N1PP1/2P1QK2/P2N4/2R4R,True,0.0,20,2172,5,0
2r2rk1/5pp1/qb2p2p/2npP1PP/p2N1P2/2P1QK2/P2N4/2R4R,False,0.0,10,2272,5,0
2r2rk1/5pp1/qb2p3/2npP1pP/p2N1P2/2P1QK2/P2N4/2R4R,True,0.0,35,2172,5,0
2r2rk1/5pp1/qb2p3/2npP1pP/p1PN1P2/4QK2/P2N4/2R4R,False,0.0,7,2272,5,0
2r2rk1/5pp1/qb2p3/2n1P1pP/p1pN1P2/4QK2/P2N4/2R4R,True,0.0,8,2172,5,0
2r2rk1/5pp1/qb2p2P/2n1P1p1/p1pN1P2/4QK2/P2N4/2R4R,False,0.0,11,2272,5,0
q1r2rk1/5pp1/1b2p2P/4P1P1/p1pN4/3nQ1K1/P2N4/2R4R,False,0.0,11,2272,5,0
q1r2rk1/5pP1/1b2p3/4P1P1/p1pN4/4Q1K1/P2N4/2n4R,False,0.967,9,2272,5,0
q1r4r/5pk1/1b2p1P1/4P3/p1pN4/4Q1K1/P2N4/2n4R,True,0.0,3,2172,5,0
2r4r/5pk1/1b2p1P1/4P1Q1/p1pN4/6K1/P2N4/2n4q,True,0.0,1,2172,5,0
r1b2rk1/1p3ppp/p1nq1n2/2ppp3/3P4/2P1PN1P/PP1NBPP1/2RQK2R,True,0.0,2,2151,5,0
r1b2rk1/1p3ppp/p1nq1n2/2ppP3/8/2P1PN1P/PP1NBPP1/2RQK2R,False,0.0,3,2109,5,0
r1b2rk1/1p3ppp/p2q1n2/2ppn3/8/2P1PN1P/PP1NBPP1/2RQK2R,True,0.001,1,2151,5,0
r1b2rk1/1p3ppp/p2q1n2/2ppN3/8/2P1P2P/PP1NBPP1/2RQK2R,False,0.0,1,2109,5,0
r1b2rk1/1p3ppp/p4n2/2ppq3/8/2P1PN1P/PP2BPP1/2RQK2R,False,0.0,22,2109,5,0
r1b2rk1/1p2qppp/p4n2/2pp4/8/2P1PN1P/PP2BPP1/2RQK2R,True,0.0,7,2151,5,0
r4rk1/1p2qppp/p4n2/2pp1b2/8/2P1PN1P/PP2BPP1/2RQ1RK1,True,0.012,18,2151,5,0
r4rk1/1p2qppp/p4n2/2pp1b2/8/2PBPN1P/PP3PP1/2RQ1RK1,False,0.0,4,2109,5,0
r4rk1/1p2qppp/p7/2pp1b2/4n3/2PBPN1P/PP3PP1/2RQ1RK1,True,0.009999999999999998,7,2151,5,0
r4rk1/1p2qppp/p7/2pp1b2/4n3/2PBPN1P/PPQ2PP1/2R2RK1,False,0.034,8,2109,5,0
2r2rk1/1p2qppp/p7/2pp1b2/4n3/1PPBPN1P/P1Q2PP1/2R2RK1,False,0.012,5,2109,5,0
2r2rk1/4qppp/p7/1ppp1b2/4n3/1PPBPN1P/P1Q2PP1/2R2RK1,True,0.003,18,2151,5,0
2r2rk1/4qppp/p7/1ppp1b2/4n3/1PPBP2P/P1QN1PP1/2R2RK1,False,0.16899999999999998,7,2109,5,0
2r2rk1/4qppp/p7/1p3b2/2p1p3/1PP1P2P/P1Q1BPP1/2R2RK1,False,0.21899999999999997,5,2109,5,0
2r1r1k1/5ppp/p7/1p3bq1/2p1p3/1PP1P2P/P1Q1BPP1/2R2R1K,True,0.35,2,2151,5,0
2r1r1k1/5ppp/p7/1p3bq1/2p1p3/1PP1P2P/P1Q1BPP1/3R1R1K,False,0.0,16,2109,5,0
2r1r1k1/5pp1/p6p/1p3bq1/2p1p3/1PP1P2P/P1Q1BPP1/3R1R1K,True,0.017000000000000015,3,2151,5,0
2r1r1k1/5pp1/p6p/1p1R1bq1/2p1p3/1PP1P2P/P1Q1BPP1/5R1K,False,0.0,1,2109,5,0
2r1r1k1/5pp1/p5qp/1p1R1b2/2p1p3/1PP1P2P/P1Q1BPP1/5R1K,True,0.0,8,2151,5,0
2r1r1k1/5pp1/p4q1p/1p1R1b2/2p1p3/1PP1P2P/P1Q1BPP1/3R3K,True,0.13199999999999998,12,2151,5,0
2r3k1/5pp1/p2Rrq1p/1p3b2/2p1p3/1PP1P2P/P1Q1BPP1/3R3K,True,0.189,7,2151,5,0
2r3k1/5pp1/p3rq1p/1p1R1b2/2p1p3/1PP1P2P/P1Q1BPP1/3R3K,False,0.0,6,2109,5,0
2r3k1/5pp1/p3rq1p/1p1R1b2/4p3/1PP1P2P/2Q1BPP1/3R3K,False,0.0,8,2109,5,0
6k1/5pp1/p3rq1p/1p1R1b2/4p3/1Pr1P2P/2Q1BPP1/3R3K,True,0.0,16,2151,5,0
3R4/5ppk/p3rq1p/1p3b2/4p3/1Pr1P2P/2Q1BPP1/3R3K,True,0.0,19,2151,5,0
3R4/5ppk/p3rq1p/1p3b2/4p3/1Pr1P2P/Q3BPP1/3R3K,False,0.0,16,2109,5,0
3R4/5ppk/p1r1rq1p/1p3b2/4p3/QP2P2P/4BPP1/3R3K,False,0.0,24,2109,5,0
3R4/5ppk/p1r1r2p/1p3b2/4p3/QP2P2P/5qP1/3R1B1K,True,0.0,1,2151,5,0
3R1Q2/5ppk/p1r1r2p/1p6/4p3/1P2P2b/5qP1/3R1B1K,True,0.0,8,2151,5,0
3R1Q2/5ppk/p1r1r2p/1p6/4p3/1P2P2P/5q2/3R1B1K,False,0.0,3,2109,5,0
3R1Q2/5ppk/p3r2p/1p6/4p3/1P2P2P/2r2q2/3R1B1K,True,0.0,7,2151,5,0
3R3Q/5pp1/p3r1kp/1p6/4p3/1P2P2P/2rR1q2/5B1K,False,0.0,7,2109,5,0
7Q/5pp1/p3r1kp/1p6/4p3/1P2P2P/3R1q2/5B1K,False,0.0,1,2109,5,0
7Q/5pp1/p3r1kp/1p6/4p3/1P2P2P/3q4/5B1K,True,0.0,2,2151,5,0
1Q6/5pp1/p3r1kp/1p6/4p3/1P2P2P/3q4/5B1K,False,0.0,10,2109,5,0
1Q6/5pp1/p3r1kp/1p6/4p3/1P2q2P/8/5B1K,True,0.0,5,2151,5,0
r2qk1nr/pp2bppp/2n1b3/2pp4/5P2/1B1P1N2/PPP3PP/RNBQ1RK1,False,0.11900000000000001,5,2000,5,0
r2qk2r/pp2bppp/2n1bn2/2pp4/5P2/1B1P1N2/PPP3PP/RNBQ1RK1,True,0.013,1,2006,5,0
r2qk2r/pp2bppp/2n1bn2/2pp4/5P2/1BNP1N2/PPP3PP/R1BQ1RK1,False,0.16499999999999998,3,2000,5,0
r2q1rk1/pp2bppp/2n1bn2/2pp4/5P2/1BNP1N2/PPP3PP/R1BQ1RK1,True,0.001,2,2006,5,0
r2q1rk1/pp2bppp/2n1bn2/2ppN3/5P2/1BNP4/PPP3PP/R1BQ1RK1,False,0.0,10,2000,5,0
r4rk1/pp2bppp/1qn1bn2/2ppN3/5P2/1BNP4/PPP3PP/R1BQ1RK1,True,0.002,5,2006,5,0
r4rk1/pp2bppp/1qn1bn2/2ppN3/5P2/1BNP4/PPP3PP/R1BQ1R1K,False,0.008,9,2000,5,0
r4rk1/pp2bppp/1qn1bn2/2p1N3/3pNP2/1B1P4/PPP3PP/R1BQ1R1K,False,0.994,11,2000,5,0
r4rk1/pp2bppp/1qn2n2/2p1N3/3pNP2/1b1P4/PPP3PP/R1BQ1R1K,True,0.0,2,2006,5,0
r4rk1/pp2bppp/1qn2n2/2p1N3/3pNP2/1P1P4/1PP3PP/R1BQ1R1K,False,0.027000000000000003,11,2000,5,0
r4rk1/ppq2ppp/2n2b2/2p1N3/3p1P2/1P1P4/1PP3PP/R1BQ1R1K,True,0.0,2,2006,5,0
r4rk1/ppq2ppp/2n2b2/2p1N3/3p1PQ1/1P1P4/1PP3PP/R1B2R1K,False,0.0,3,2000,5,0
r4rk1/ppq2ppp/5b2/2p1n3/3p1PQ1/1P1P4/1PP3PP/R1B2R1K,True,0.0,1,2006,5,0
r4rk1/ppq2ppp/5b2/2p1P3/3p2Q1/1P1P4/1PP3PP/R1B2R1K,False,0.0,10,2000,5,0
r4rk1/ppq2ppp/8/2p1b3/3p2Q1/1P1P4/1PP3PP/R1B2R1K,True,0.0,2,2006,5,0
r4rk1/ppq2ppp/7B/2p1b3/3p2Q1/1P1P4/1PP3PP/R4R1K,False,0.0,7,2000,5,0
r3r1k1/ppq2ppp/7B/2p1b3/3p2Q1/1P1P4/1PP3PP/R4R1K,True,0.0,4,2006,5,0
r3r1k1/ppq2ppp/7B/2p1b3/3p2Q1/1P1P4/1PP3PP/4RR1K,False,0.0,7,2000,5,0
r5k1/ppq2ppp/4r2B/2p1b3/3p2Q1/1P1P4/1PP3PP/4RR1K,True,0.0,21,2006,5,0
r5k1/ppq2ppp/4r3/2p1b3/3p2Q1/1P1P4/1PPB2PP/4RR1K,False,0.0,12,2000,5,0
r5k1/ppq2ppp/6r1/2p1b3/3p2Q1/1P1P4/1PPB2PP/4RR1K,True,0.0,5,2006,5,0
r5k1/ppq2ppp/6r1/2p1b2Q/3p4/1P1P4/1PPB2PP/4RR1K,False,0.0,16,2000,5,0
r5k1/pp3ppp/2q2br1/2p4Q/3p1B2/1P1P4/1PP1R1PP/5R1K,False,0.0,19,2000,5,0
4r1k1/pp3ppp/2q2br1/2p4Q/3p1B2/1P1P4/1PP1R1PP/5R1K,True,0.0,5,2006,5,0
4r1k1/pp3ppp/2q2br1/2p4Q/3p1B2/1P1P4/1PP1R1PP/4R2K,False,0.0,45,2000,5,0
4r1k1/pp3ppp/5br1/2p4Q/3p1B2/1P1P4/1PP1R1qP/4R2K,True,0.0,8,2006,1,0
6k1/pp3ppp/5br1/2p4Q/3p1B2/1P1P4/1PP4P/4r1RK,False,0.0,1,2000,5,0
r1bq1rk1/ppp2pbp/2np1np1/4p3/2PPP3/2N2N2/PP2BPPP/R1BQ1RK1,True,0.0,1,2422,5,0
r1bq1rk1/ppp2pbp/2np1np1/3Pp3/2P1P3/2N2N2/PP2BPPP/R1BQ1RK1,False,0.0,1,2292,5,0
r1bq1rk1/ppp1npbp/3p1np1/3Pp3/P1P1P3/2N2N2/1P2BPPP/R1BQ1RK1,False,0.7799999999999999,4,2292,5,0
r1bq1rk1/ppp1npbp/3p2p1/3Pp2n/P1P1P3/2N2N2/1P2BPPP/R1BQ1RK1,True,0.0,2,2422,5,0
r1bq1rk1/ppp1npbp/3p2p1/P2Pp2n/2P1P3/2N2N2/1P2BPPP/R1BQ1RK1,False,0.09899999999999998,4,2292,5,0
r1bq1rk1/ppp1npbp/3p2p1/P2Pp3/1PP1Pn2/2N2N2/4BPPP/R1BQ1RK1,False,0.19,12,2292,5,0
r1bq1rk1/ppp1n1bp/3p2p1/P2Ppp2/1PP1Pn2/2N2N2/4BPPP/R1BQ1RK1,True,0.0,7,2422,5,0
r1bq1rk1/ppp1n1bp/3p2p1/P2PppN1/1PP1Pn2/2N5/4BPPP/R1BQ1RK1,False,0.039999999999999994,4,2292,5,0
r1bq1rk1/ppp1n1b1/3p2pp/P2PppN1/1PP1Pn2/2N5/4BPPP/R1BQ1RK1,True,0.012,17,2422,5,0
r1bq1rk1/ppp1n1b1/3p2pp/P2Ppp2/1PP1Pn2/2N2N2/4BPPP/R1BQ1RK1,False,0.0,52,2292,5,0
r1bq1rk1/ppp1n1b1/3p2pp/P2Pp3/1PP1pn2/2N2N2/4BPPP/R1BQ1RK1,True,0.0,3,2422,5,0
r1bq1rk1/ppp1n1b1/3p2pp/P2Pp3/1PP1Nn2/5N2/4BPPP/R1BQ1RK1,False,0.2,2,2292,5,0
r1bq1rk1/ppp1n1b1/3p2pp/P2Pp3/1PP1N3/5N2/4QPPP/R1B2RK1,False,0.209,1,2292,5,0
r2q1rk1/ppp1n1b1/3p2pp/P2Pp3/1PP1N1b1/5N2/4QPPP/R1B2RK1,True,0.105,5,2422,5,0
r2q1rk1/ppp1n1b1/3p2pp/P2Pp3/1PP3b1/5N2/3NQPPP/R1B2RK1,False,0.074,2,2292,5,0
r2q1rk1/ppp3b1/3p2pp/P2Ppn2/1PP3b1/5N2/1B1NQPPP/R4RK1,False,0.0,1,2292,5,0
r2q1rk1/ppp3b1/3p2pp/P2Pp3/1PP3bn/5N2/1B1NQPPP/R4RK1,True,0.0,4,2422,5,0
r2q1rk1/ppp3b1/3p2pp/P2Pp3/1PP3bn/R4N2/1B1NQPPP/5RK1,False,0.0,20,2292,5,0
r2q1rk1/ppp3b1/3p2pp/P2Pp3/1PP3b1/R4N2/1B2QPPP/5RK1,False,0.28700000000000003,12,2292,5,0
r4rk1/ppp3b1/3p1qpp/P2Pp3/1PP3b1/R4N2/1B2QPPP/5RK1,True,0.0,18,2422,5,0
r4rk1/ppp3b1/3p1qpp/P2Pp3/1PP3b1/R4N1P/1B2QPP1/5RK1,False,0.0,30,2292,5,0
r4rk1/pppb2b1/3p1qpp/P2Pp3/1PP5/R4N1P/1B2QPP1/5RK1,True,0.0,8,2422,5,0
r4rk1/pppb2b1/3p1qpp/P2Pp3/1PP5/R6P/1B1NQPP1/5RK1,False,0.0,12,2292,5,0
4rrk1/pppb2b1/3p1qpp/P2Pp3/1PP5/R6P/1B1NQPP1/5RK1,True,0.0,4,2422,5,0
4rrk1/pppb2b1/3p1qpp/P2Pp3/1PP1N3/R6P/1B2QPP1/5RK1,False,0.0,10,2292,5,0
4rrk1/pppbq1b1/3p2pp/P2Pp3/1PP1N3/R6P/1B2QPP1/5RK1,True,0.03200000000000003,2,2422,5,0
4rrk1/pppbq1b1/3p2pp/P1PPp3/1P2N3/R6P/1B2QPP1/5RK1,False,0.05900000000000005,10,2292,5,0
4r1k1/pppbq1b1/3p2pp/P1PPp3/1P2Nr2/R6P/1B2QPP1/5RK1,True,0.015000000000000013,12,2422,5,0
4r1k1/pppbq1b1/3P2pp/P2Pp3/1P2Nr2/R6P/1B2QPP1/5RK1,False,0.0,1,2292,5,0
4r1k1/pp1bq1b1/3p2pp/P2Pp3/1P2Nr2/R6P/1B2QPP1/5RK1,True,0.0,8,2422,5,0
4r1k1/pp1bq1b1/3p2pp/P2Pp3/1P2Nr2/R6P/1B2QPP1/2R3K1,False,0.0,12,2292,5,0
4r1k1/pp2q1b1/3p2pp/P2Ppb2/1P2Nr2/R6P/1B2QPP1/2R3K1,True,0.30999999999999994,6,2422,5,0
4r1k1/pp2q1b1/3p2pp/P2Ppb2/1P3r2/R5NP/1B2QPP1/2R3K1,False,0.48199999999999993,10,2292,5,0
4r1k1/pp1bq1b1/3p2pp/P2Pp3/1P3r2/R5NP/1B2QPP1/2R3K1,True,0.0,5,2422,5,0
2b3k1/pp2q1b1/3p2pp/PP1Pp3/5r2/R5NP/1B2QPP1/6K1,True,0.0040000000000000036,4,2422,5,0
2b3k1/pp2q1b1/1P1p2pp/P2Pp3/5r2/R5NP/1B2QPP1/6K1,False,0.0,1,2292,5,0
2b3k1/1p2q1b1/pP1p2pp/P2Pp3/5r2/R5NP/1B2QPP1/6K1,True,0.0,1,2422,5,0
2b3k1/1p2q1b1/pP1p2pp/P2Pp3/5r2/2R3NP/1B2QPP1/6K1,False,0.0,12,2292,5,0
6k1/1p1bq1b1/pP1p2pp/P2Pp3/5r2/2R3NP/1B2QPP1/6K1,True,0.0,2,2422,5,0
6k1/1pRbq1b1/pP1p2pp/P2Pp3/5r2/6NP/1B2QPP1/6K1,False,0.0,23,2292,5,0
6k1/1pRbq1b1/pP1p2pp/P2Pp3/r7/6NP/1B2QPP1/6K1,True,0.0,5,2422,5,0
6k1/1R1bq1b1/pP1p2pp/P2Pp3/r7/6NP/1B2QPP1/6K1,False,0.0,1,2292,5,0
6k1/1R1bq1b1/pP1p2pp/r2Pp3/8/6NP/1B2QPP1/6K1,True,0.0,7,2422,5,0
1R6/1P1bq1bk/p2p2pp/r2Pp3/8/6NP/1B2QPP1/6K1,False,0.0,6,2292,5,0
1R6/1P1bq1bk/p2p2pp/1r1Pp3/8/B5NP/4QPP1/6K1,False,0.0,11,2292,5,0
1R6/1P2q1bk/p2p2pp/1r1Ppb2/8/B5NP/4QPP1/6K1,True,0.987,13,2422,5,0
1R6/1P2q1bk/p2p3p/1r1Ppp2/8/B6P/4QPP1/6K1,True,0.747,16,2422,5,0
1R6/1P2q1bk/p2p3p/1r1Ppp1Q/8/B6P/5PP1/6K1,False,0.0,4,2292,5,0
1R6/1P1q2bk/p2p3p/1r1Ppp1Q/8/B6P/5PP1/6K1,True,0.0,16,2422,5,0
rn1qk1nr/pp3ppp/2pbp1b1/8/6P1/2N4P/PPPP1PB1/R1BQK1NR,True,0.004,1,2445,5,0
rn1qk1nr/pp3ppp/2pbp1b1/8/6P1/2NP3P/PPP2PB1/R1BQK1NR,False,0.021,2,2395,5,0
r2qk1nr/pp1n1ppp/2pbp1b1/8/6P1/2NP3P/PPP2PB1/R1BQK1NR,True,0.008,2,2445,5,0
r2qk1nr/pp1n1ppp/2pbp1b1/8/6P1/2NP3P/PPP1NPB1/R1BQK2R,False,0.004,1,2395,5,0
r3k1nr/ppqn1ppp/2pbp1b1/8/6P1/2NPB2P/PPP1NPB1/R2QK2R,False,0.0,2,2395,5,0
2kr2nr/ppqn1ppp/2pbp1b1/8/6P1/2NPB2P/PPP1NPB1/R2QK2R,True,0.0,2,2445,5,0
2kr2nr/ppqn1ppp/2pbp1b1/8/6P1/2NPB2P/PPPQNPB1/R3K2R,False,0.003,10,2395,5,0
1k1r2nr/ppqn1ppp/2pbp1b1/8/6P1/2NPB2P/PPPQNPB1/R3K2R,True,0.0,3,2445,5,0
1k1r2nr/ppqn1ppp/2pbp1b1/8/6P1/2NPB2P/PPPQNPB1/2KR3R,False,0.26999999999999996,1,2395,5,0
1k1r3r/ppqn1ppp/2pbpnb1/8/6P1/2NPB2P/PPPQNPB1/2KR3R,True,0.10999999999999999,4,2445,5,0
1k1r3r/ppqn1ppp/2pbpnb1/8/5NP1/2NPB2P/PPPQ1PB1/2KR3R,False,0.013000000000000012,5,2395,5,0
1k1r3r/ppqn1ppp/2pbp1b1/3n4/5NP1/2NPB2P/PPPQ1PB1/2KR3R,True,0.296,9,2445,5,0
1k1r3r/ppqn1ppp/2pbp1N1/3n4/6P1/2NPB2P/PPPQ1PB1/2KR3R,False,0.0,2,2395,5,0
1k1r3r/ppqn1pp1/2pbp1p1/3n4/6P1/2NPB2P/PPPQ1PB1/2KR3R,True,0.020999999999999998,2,2445,5,0
1k1r3r/ppqn1pp1/2pb2p1/3p4/6P1/3PB2P/PPPQ1PB1/2KR3R,True,0.0,7,2445,5,0
1k1r3r/ppqn1pp1/2pb2p1/3p4/6P1/3PB2P/PPPQ1PB1/1K1R3R,False,0.07699999999999999,14,2395,5,0
1k2r2r/ppqn1pp1/2pb2p1/3p4/6P1/3PB2P/PPPQ1PB1/1K1R3R,True,0.0,7,2445,5,0
1k2r2r/ppqn1pp1/2pb2p1/3p4/6PP/3PB3/PPPQ1PB1/1K1R3R,False,0.0,14,2395,5,0
1k2r2r/ppqn1pp1/2p3p1/2bp4/6PP/3PB3/PPPQ1PB1/1K1R3R,True,0.0,19,2445,5,0
1k2r2r/ppqn1pp1/2p3p1/2bp4/5BPP/3P4/PPPQ1PB1/1K1R3R,False,0.0,1,2395,5,0
1k2r2r/ppqn1pp1/2pB2p1/3p4/6PP/3P4/PPPQ1PB1/1K1R3R,False,0.0,1,2395,5,0
1k2r2r/pp1n1pp1/2pq2p1/3p4/6PP/3P4/PPPQ1PB1/1K1R3R,True,0.003,15,2445,5,0
1k2r2r/pp1n1pp1/2pq2p1/3p4/6PP/3P3R/PPPQ1PB1/1K1R4,False,0.024,13,2395,5,0
1k2r2r/pp3pp1/2pq1np1/3p4/6PP/3P3R/PPPQ1PB1/1K1R4,True,0.016,2,2445,5,0
1k2r2r/pp3pp1/2pq1np1/3p4/6PP/3P1B1R/PPPQ1P2/1K1R4,False,0.065,15,2395,5,0
1k5r/pp2rpp1/2pq1np1/3p4/6PP/3P1B1R/PPPQ1P2/1K1R4,True,0.0,2,2445,5,0
1k5r/pp2rpp1/2pq1np1/3p4/6PP/3P1B1R/PPPQ1P2/1K5R,False,0.015999999999999997,2,2395,5,0
1k2r3/pp2rpp1/2pq1np1/3p4/6PP/3P1B1R/PPPQ1P2/1K5R,True,0.006999999999999999,16,2445,5,0
1k2r3/pp2rpp1/2pq1np1/3p4/6PP/P2P1B1R/1PPQ1P2/1K5R,False,0.024999999999999994,2,2395,5,0
1k2r3/1p2rpp1/p1pq1np1/3p3P/6P1/P2P1B1R/1PPQ1P2/1K5R,False,0.077,2,2395,5,0
1k2r3/1p2rpp1/p1pq1n2/3p3p/6P1/P2P1B1R/1PPQ1P2/1K5R,True,0.0,2,2445,5,0
1k2r3/1p2rpp1/p1pq1n2/3p2Pp/8/P2P1B1R/1PPQ1P2/1K5R,False,0.0,14,2395,5,0
1k2r3/1p1nrpp1/p1pq4/3p2Pp/8/P2P1B1R/1PPQ1P2/1K5R,True,0.006999999999999999,1,2445,5,0
1k2r3/1p1nrpp1/p1pq4/3p2PR/8/P2P1B2/1PPQ1P2/1K5R,False,0.0,3,2395,5,0
1k2r3/1p2rpp1/p1pq4/3pn1PR/8/P2P1B2/1PPQ1P2/1K5R,True,0.0,2,2445,5,0
1k2r3/1p2rpp1/p1pq4/3pn1PR/8/P2P4/1PPQ1P2/1K1B3R,False,0.0,2,2395,5,0
1k2r3/1p2rp2/p1pq2p1/3pn1PR/8/P2P4/1PPQ1P2/1K1B3R,True,0.022,3,2445,5,0
1k2r2R/1p2rp2/p1pq2p1/3pn1P1/8/P2P4/1PPQ1P2/1K1B3R,False,0.0,9,2395,5,0
1k2r2R/1p2rp2/p1pq2p1/4n1P1/3p4/P2P4/1PPQ1P2/1K1B3R,True,0.10300000000000001,8,2445,5,0
1k2r3/1p3p2/p1pq2p1/4n1P1/3p4/P2P4/1PPQ1P2/1K1B3R,True,0.05199999999999999,4,2445,5,0
1k2r3/1p3p2/p1p1q1p1/4n1P1/3p1Q2/P2P4/1PP2P2/1K1B3R,True,0.0,14,2445,5,0
1k2r3/1p3p2/p1p1q1p1/4n1P1/3p1Q2/P2P4/1PP2P2/1K1BR3,False,0.0,5,2395,5,0
1k2r3/1p3p2/p1pq2p1/4n1P1/3p1Q2/P2P4/1PP2P2/1K1BR3,True,0.248,10,2445,5,0
1k2r3/1p3p2/p1pq2p1/4n1P1/3pRQ2/P2P4/1PP2P2/1K1B4,False,0.0,2,2395,5,0
1k2r3/1p3p2/p2q2p1/2p1n1P1/3pRQ2/P2P4/1PP2P2/1K1B4,True,0.0,14,2445,5,0
1k2r3/1p3p2/p2q2p1/2p1n1P1/3pRQB1/P2P4/1PP2P2/1K6,False,0.02300000000000002,6,2395,5,0
8/1pk1rp2/p2q2p1/2p1n1P1/3pRQ2/P2P3B/1PP2P2/1K6,True,0.191,8,2445,5,0
8/1pk1rp2/p2q2p1/2p1n1P1/3pR3/P2P2QB/1PP2P2/1K6,False,0.09999999999999998,6,2395,5,0
8/2k1rp2/p2q2p1/1pp1n1P1/3pR3/P2P2QB/1PP2P2/1K6,True,0.267,3,2445,5,0
8/2k1rp2/p2q2p1/1pp1n1P1/3pRP2/P2P2QB/1PP5/1K6,False,0.0,3,2395,5,0
8/2k1rp2/p1nq2p1/1pp3P1/3pRP2/P2P2QB/1PP5/1K6,True,0.04500000000000001,2,2445,5,0
8/2k1rp2/p1nq2p1/1pp3P1/3pRP2/P2P3B/1PP5/1K2Q3,False,0.0,4,2395,5,0
8/2k2p2/p1nq2p1/1pp3P1/3prP2/P2P3B/1PP5/1K2Q3,True,0.0,2,2445,5,0
rn1qk2r/pp2ppbp/2ppbnp1/8/3PPB1P/2NB1P2/PPP3P1/R2QK1NR,True,0.6849999999999999,1,2268,5,0
rn1qk2r/pp2ppbp/2ppbnp1/8/3PPB1P/2NB1P2/PPP1Q1P1/R3K1NR,False,0.724,4,2078,5,0
rn1q1rk1/pp2ppbp/2ppbnp1/8/3PPB1P/2NB1P2/PPP1Q1P1/R3K1NR,True,0.533,1,2268,5,0
rn1q1rk1/pp2ppbp/2ppbnp1/8/3PPBPP/2NB1P2/PPP1Q3/R3K1NR,False,0.8019999999999999,18,2078,5,0
rn1q1rk1/pp2ppbp/2p1bnp1/3p4/3PPBPP/2NB1P2/PPP1Q3/R3K1NR,True,0.0,4,2268,5,0
rn1q1rk1/pp2ppbp/2p1bnp1/3pP3/3P1BPP/2NB1P2/PPP1Q3/R3K1NR,False,0.0,5,2078,5,0
rn1q1rk1/pp1nppbp/2p1b1p1/3pP3/3P1BPP/2NB1P2/PPP1Q3/R3K1NR,True,0.0,1,2268,5,0
rn1q1rk1/pp1nppbp/2p1b1p1/3pP2P/3P1BP1/2NB1P2/PPP1Q3/R3K1NR,False,0.0,11,2078,5,0
rn1q1rk1/pp1nppbp/4b1p1/2ppP2P/3P1BP1/2NB1P2/PPP1Q3/R3K1NR,True,0.18699999999999994,1,2268,5,0
rn1q1rk1/pp1nppbp/4b1P1/2ppP3/3P1BP1/2NB1P2/PPP1Q3/R3K1NR,False,0.0020000000000000018,3,2078,5,0
rn1q1rk1/pp1np1bp/4b1p1/2ppP3/3P1BP1/2NB1P2/PPP1Q3/R3K1NR,True,0.0,18,2268,5,0
rn1q1rk1/pp1np1bp/4b1p1/2ppP3/3P2P1/2NBBP2/PPP1Q3/R3K1NR,False,0.0,1,2078,5,0
rn1q1rk1/pp1np1bp/4b1p1/3pP3/2pP2P1/2NBBP2/PPP1Q3/R3K1NR,True,0.0,1,2268,5,0
rn1q1rk1/pp1np1bp/4b1p1/3pP3/2BP2P1/2N1BP2/PPP1Q3/R3K1NR,False,0.0,1,2078,5,0
rn1q1rk1/pp1np1bp/4b1p1/4P3/2pP2P1/2N1BP2/PPP1Q3/R3K1NR,True,0.0,2,2268,5,0
rn1q1rk1/pp1np1bp/4b1p1/4P3/2pP2P1/2N1BP2/PPPQ4/R3K1NR,False,0.0,3,2078,5,0
rn1q1rk1/pp1np1bp/6p1/3bP3/2pP2P1/2N1BP2/PPPQ4/R3K1NR,True,0.0,1,2268,5,0
rn1q1rk1/pp2p1bp/1n4p1/3NP3/2pP2P1/4BP2/PPPQ4/R3K1NR,True,0.0,7,2268,5,0
rn1q1rk1/pp2p1bp/1n4p1/4P3/2pP2P1/2N1BP2/PPPQ4/R3K1NR,False,0.0,5,2078,5,0
rn1q1rk1/pp4bp/1n2p1p1/4P3/2pP2P1/2N1BP2/PPPQ4/R3K1NR,True,0.0,4,2268,5,0
rn1q1rk1/pp4bp/1n2p1p1/4P3/2pP2P1/2N1BP2/PPPQ4/2KR2NR,False,0.0,1,2078,5,0
rn1q1rk1/pp4bp/4p1p1/3nP3/2pP2P1/2N1BP2/PPPQ4/2KR2NR,True,0.0,4,2268,5,0
rn1q1rk1/pp4bp/4p1pB/3nP3/2pP2P1/2N2P2/PPPQ4/2KR2NR,False,0.0,12,2078,5,0
rn1q1rk1/pp4bp/4p1pB/4P3/2pP2P1/2n2P2/PPPQ4/2KR2NR,True,0.0,8,2268,5,0
rn1q1rk1/pp4bp/4p1pB/4P3/2pP2P1/2P2P2/P1PQ4/2KR2NR,False,0.0,4,2078,5,0
rn3rk1/pp2q1bp/4p1pB/4P3/2pP2P1/2P2P2/P1PQ4/2KR2NR,True,0.0,3,2268,5,0
rn3rk1/pp2q1Bp/4p1p1/4P3/2pP2P1/2P2P2/P1PQ4/2KR2NR,False,0.0,9,2078,5,0
rn3rk1/pp4qp/4p1p1/4P3/2pP2P1/2P2P2/P1PQ4/2KR2NR,True,0.0,10,2268,5,0
r4rk1/pp1n2qp/4p1p1/4P3/2pP2P1/2P2P1R/P1PQN3/2KR4,False,0.0,7,2078,5,0
r4rk1/pp1nq2p/4p1p1/4P3/2pP2P1/2P2P1R/P1PQN3/2KR4,True,0.0,2,2268,5,0
r4rk1/pp1nq2p/4p1p1/4P3/2pP2P1/2P2P1R/P1PQN3/2K4R,False,0.0,1,2078,5,0
r5k1/pp1nqr1p/4p1p1/4P3/2pP2P1/2P2P1R/P1PQN3/2K4R,True,0.0,20,2268,5,0
r5k1/pp1nqr1p/4p1p1/4P3/2pP1PP1/2P4R/P1PQN3/2K4R,False,0.0,5,2078,5,0
r5k1/pp2qr1p/1n2p1p1/4P3/2pP1PP1/2P4R/P1PQN3/2K4R,True,0.0,4,2268,5,0
r5k1/pp2qr1p/1n2p1p1/4P3/2pP1PP1/2P1Q2R/P1P1N3/2K4R,False,0.0,2,2078,5,0
r5k1/pp2qr1p/4p1p1/3nP3/2pP1PP1/2P1Q2R/P1P1N3/2K4R,True,0.137,2,2268,5,0
r5k1/pp2qr1p/4p1p1/3nP3/2pPQPP1/2P4R/P1P1N3/2K4R,False,0.0010000000000000009,1,2078,5,0
r5k1/pp3r1p/4p1p1/3nP3/2pPQPP1/q1P4R/P1P1N3/2K4R,True,0.0,1,2268,3,0
r5k1/pp3r1p/4p1p1/3nP3/2pPQPP1/q1P4R/P1PKN3/7R,False,0.0,11,2078,5,0
r5k1/pp2qr1p/4p1p1/3nP3/2pPQPP1/2P4R/P1PKN3/7R,True,0.0,2,2268,5,0
r5k1/pp2qr1p/4p1p1/3nPP2/2pPQ1P1/2P4R/P1PKN3/7R,False,0.0,3,2078,5,0
r5k1/pp2qr1p/4p3/3nPp2/2pPQ1P1/2P4R/P1PKN3/7R,True,0.0,2,2268,5,0
r5k1/pp2qr1p/4p3/3nPP2/2pPQ3/2P4R/P1PKN3/7R,False,0.0,4,2078,5,0
r5k1/pp3r1p/4p3/3nPPq1/2pPQ3/2P4R/P1PKN3/7R,True,0.0,2,2268,5,0
r5k1/pp3r1p/4p3/3nPPq1/2pPQ3/2P4R/P1P1N3/3K3R,False,0.0,5,2078,5,0
r5k1/pp3r1p/4p3/3nPq2/2pPQ3/2P4R/P1P1N3/3K3R,True,0.0,8,2268,5,0
r4k2/pp3r1p/4p3/3nPq2/2pP4/2P4R/P1P1N1Q1/3K3R,True,0.821,1,2268,5,0
r4k2/pp3r1p/4p3/3nPq2/2pP4/2P3R1/P1P1N1Q1/3K3R,False,0.836,1,2078,5,0
r7/pp2kr1p/4p3/3nPq2/2pP4/2P3R1/P1P1N1Q1/3K3R,True,0.488,4,2268,5,0
r7/pp2krRp/4p3/3nPq2/2pP4/2P5/P1P1N1Q1/3K3R,False,0.09599999999999997,2,2078,5,0
r7/pp2krRp/4p3/4Pq2/2pP4/2P1n3/P1P1N1Q1/3K3R,True,0.0,3,2268,3,0
r7/pp2krRp/4p3/4Pq2/2pP4/2P1n3/P1PKN1Q1/7R,False,0.0,1,2078,5,0
r7/pp2krRp/4p3/4Pq2/2pP4/2P5/P1PKN1n1/7R,True,0.0,1,2268,5,0
r7/pp2kr1p/4p3/4Pq2/2pP4/2P5/P1PKN1R1/7R,False,0.0,10,2078,5,0
rnbq1rk1/ppp2ppp/4p3/3p4/2PPn3/2N1PN2/PP1Q1PPP/R3KB1R,True,0.215,15,2026,5,0
rnbq1rk1/ppp2ppp/4p3/3p4/2PPn3/2N1PN2/PPQ2PPP/R3KB1R,False,0.0,17,2055,5,0
rnbq1rk1/ppp3pp/4p3/3p1p2/2PPn3/2N1PN2/PPQ2PPP/R3KB1R,True,0.0,8,2026,5,0
rnbq1rk1/ppp3pp/4p3/3p1p2/2PPn3/2N1P3/PPQN1PPP/R3KB1R,False,0.203,32,2055,5,0
rnbq1rk1/pp4pp/4p3/2pp1p2/2PPn3/2N1P3/PPQN1PPP/R3KB1R,True,0.0,7,2026,5,0
rnbq1rk1/pp4pp/4p3/2pp1p2/2PPn3/2N1PP2/PPQN2PP/R3KB1R,False,0.0,12,2055,5,0
rnb2rk1/pp4pp/4p3/2pp1p2/2PPn2q/2N1PP2/PPQN2PP/R3KB1R,True,0.0,42,2026,3,0
rnb2rk1/pp4pp/4p3/2pp1p2/2PPn2q/2N1PP2/PPQNK1PP/R4B1R,False,0.013,85,2055,5,0
rnb2rk1/pp4pp/4p3/2pp1p2/2PPn3/2N1PP2/PPQNKqPP/R4B1R,True,0.0,17,2026,2,0
rnb2rk1/pp4pp/4p3/2pp1p2/2PPn3/2N1PP2/PPQN1qPP/R2K1B1R,False,0.0,35,2055,5,0
rnb2rk1/pp4pp/4p3/2pp1pn1/2PP4/2N1PP2/PPQN1qPP/R2K1B1R,True,0.04000000000000001,57,2026,5,0
rnb2rk1/pp4pp/4p3/2pp1pn1/2PP4/2NQPP2/PP1N1qPP/R2K1B1R,False,0.116,32,2055,5,0
rnb2rk1/pp4pp/4p3/2p2pn1/2pP4/2NQPP2/PP1N1qPP/R2K1B1R,True,0.0,35,2026,5,0
rnb2rk1/pp4pp/4p3/2p2pn1/2pP4/2N1PP2/PP1NB1PP/R2K3R,False,0.0,1,2055,5,0
rnb2rk1/pp4pp/4p3/5pn1/2pp4/2N1PP2/PP1NB1PP/R2K3R,True,0.0,12,2026,5,0
rnb2rk1/pp4pp/4p3/5pn1/2pP4/2N2P2/PP1NB1PP/R2K3R,False,0.027000000000000003,12,2055,5,0
r1b2rk1/pp4pp/2n1p3/5pn1/2pP4/2N2P2/PP1NB1PP/R2K3R,True,0.0,11,2026,5,0
r1b2rk1/pp4pp/2n5/3N1pn1/2p5/5P2/PP1NB1PP/R2K3R,False,0.0,6,2055,5,0
r4rk1/pp4pp/2n1b3/3N1pn1/2p5/5P2/PP1NB1PP/R2K3R,True,0.0,37,2026,5,0
r4rk1/ppN3pp/2n1b3/5pn1/2p5/5P2/PP1NB1PP/R2K3R,False,0.0010000000000000009,18,2055,5,0
3r1rk1/pp4pp/2n1n3/5p2/2p5/5P2/PP1NB1PP/R2K3R,True,0.0,1,2026,5,0
3r1rk1/pp4pp/2n1n3/5p2/2B5/5P2/PP1N2PP/R2K3R,False,0.0,35,2055,5,0
5rk1/pp4pp/2nrn3/5p2/2B5/5P2/PP1N2PP/R2K3R,True,0.0,7,2026,5,0
5rk1/pp4pp/3rn3/4np2/2B5/5P2/PP1N2PP/R1K4R,True,0.0,16,2026,5,0
5rk1/pp4pp/4r3/4np2/8/5P2/PPKN2PP/R6R,False,0.003,6,2055,5,0
2r3k1/pp4pp/4r3/4np2/8/5P2/PP1N2PP/R2K3R,False,0.0,10,2055,5,0
3r2k1/pp4pp/4r3/4np2/8/5P2/PP1N2PP/R2K3R,True,0.0,31,2026,5,0
3r2k1/pp4pp/2r5/4np2/8/5P2/PPKN2PP/R6R,True,0.0,93,2026,4,0
3r2k1/pp4pp/2r5/4np2/2N5/5P2/PPK3PP/R6R,False,0.0,4,2055,5,0
3r2k1/pp4pp/8/4np2/2r5/5P2/PPK3PP/R6R,True,0.0,3,2026,2,0
3r2k1/pp4pp/8/4np2/2r5/1K3P2/PP4PP/R6R,False,0.0,13,2055,5,0
rnb1k2r/ppq1bpp1/2pp1n1p/4p3/2PPP3/2N2N2/PP2BPPP/R1BQ1RK1,True,0.010000000000000009,3,2295,5,0
rnb1k2r/ppq1bpp1/2pp1n1p/4p3/2PPP3/2N2N1P/PP2BPP1/R1BQ1RK1,False,0.015000000000000013,2,2316,5,0
rnb2rk1/ppq1bpp1/2pp1n1p/4p3/2PPP3/2N2N1P/PP2BPP1/R1BQ1RK1,True,0.03699999999999992,2,2295,5,0
rnb2rk1/ppq1bpp1/2pp1n1p/4p3/2PPP3/2N2N1P/PP2BPP1/R1BQR1K1,False,0.0,2,2316,5,0
rnb2rk1/1pq1bpp1/p1pp1n1p/4p3/P1PPP3/2N2N1P/1P2BPP1/R1BQR1K1,False,0.0,3,2316,5,0
r1b2rk1/1pqnbpp1/p1pp1n1p/4p3/P1PPP3/2N2N1P/1P2BPP1/R1BQR1K1,True,0.0,2,2295,5,0
r1b2rk1/1pqnbpp1/p1pp1n1p/P3p3/2PPP3/2N2N1P/1P2BPP1/R1BQR1K1,False,0.017000000000000015,1,2316,5,0
r1br2k1/1pqnbpp1/p1pp1n1p/P3p3/2PPP3/2N2N1P/1P2BPP1/R1BQR1K1,True,0.21100000000000008,13,2295,5,0
r1br2k1/1pqnbpp1/p1pp1n1p/P3p3/2PPP3/2N1BN1P/1P2BPP1/R2QR1K1,False,0.15700000000000003,6,2316,5,0
r1br2k1/1pqnbpp1/p2p1n1p/P1p1p3/2PPP3/2N1BN1P/1P2BPP1/R2QR1K1,True,0.016000000000000014,35,2295,5,0
r1br2k1/1pqnbpp1/p2p1n1p/P1p1P3/2P1P3/2N1BN1P/1P2BPP1/R2QR1K1,False,0.0,5,2316,5,0
r1br2k1/1pqnbpp1/p4n1p/P1p1p3/2P1P3/2N1BN1P/1P2BPP1/R2QR1K1,True,0.0,3,2295,5,0
r1br2k1/1pqnbpp1/p4n1p/P1pNp3/2P1P3/4BN1P/1P2BPP1/R2QR1K1,False,0.0,3,2316,5,0
r1br2k1/1p1nbpp1/p2q1n1p/P1pNp3/2P1P3/4BN1P/1P2BPP1/R2QR1K1,True,0.0,23,2295,5,0
r1br2k1/1p1nbpp1/p2q1n1p/P1pNp3/2P1P3/4B2P/1P1NBPP1/R2QR1K1,False,0.0,7,2316,5,0
r1br1bk1/1p1n1pp1/p2q1n1p/P1pNp3/2P1P3/4B2P/1PQNBPP1/R3R1K1,False,0.0020000000000000018,3,2316,5,0
r1br1bk1/1p1n1ppn/p2q3p/P1pNp3/2P1P3/4B2P/1PQNBPP1/R3R1K1,True,0.0010000000000000009,5,2295,5,0
r1br1bk1/1p1n1ppn/p2q3p/P1pNp3/2P1P3/4B2P/1PQ1BPP1/R3RNK1,False,0.0,5,2316,5,0
r1br1bk1/1p1n1ppn/p1q4p/P1pNp3/2P1P3/4B2P/1PQ1BPP1/R3RNK1,True,0.0010000000000000009,3,2295,5,0
r1br1bk1/1p1n1ppn/p1q4p/P1pNp3/2P1P3/4B1NP/1PQ1BPP1/R3R1K1,False,0.0020000000000000018,2,2316,5,0
r1br1bk1/1p3ppn/p1q2n1p/P1pNp3/2P1PP2/4B1NP/1PQ1B1P1/R3R1K1,False,0.0,9,2316,5,0
r1br1bk1/1p3ppn/p1q2n1p/P1pN4/2P1Pp2/4B1NP/1PQ1B1P1/R3R1K1,True,0.0,1,2295,5,0
r1br1bk1/1p3ppn/p1q2n1p/P1pN4/2P1PB2/6NP/1PQ1B1P1/R3R1K1,False,0.0,16,2316,5,0
r2r1bk1/1p3ppn/p1q1bn1p/P1pN4/2P1PB2/6NP/1PQ1B1P1/R3R1K1,True,0.0,8,2295,5,0
r2r1bk1/1p3ppn/p1q1bn1p/P1pNB3/2P1P3/6NP/1PQ1B1P1/R3R1K1,False,0.0010000000000000009,3,2316,5,0
r2r1bk1/1p1n1ppn/p1q1b2p/P1pNB3/2P1P3/6NP/1PQ1B1P1/R3R1K1,True,0.28900000000000003,15,2295,5,0
r2r1bk1/1p1n1ppn/p1q1b2p/P1pN4/2P1P3/2B3NP/1PQ1B1P1/R3R1K1,False,0.0,6,2316,5,0
r2r1bk1/1p1n1ppn/p2qb2p/P1pN4/2P1P3/2B3NP/1PQ1B1P1/R3R1K1,True,0.0,5,2295,5,0
r2r1bk1/1p1n1ppn/p2qb2p/P1pN1N2/2P1P3/2B4P/1PQ1B1P1/R3R1K1,False,0.0,2,2316,5,0
r2r1bk1/1p1n1ppn/p2q3p/P1pN1b2/2P1P3/2B4P/1PQ1B1P1/R3R1K1,True,0.0,2,2295,5,0
r2r1bk1/1p1n1ppn/p2q3p/P1pN1P2/2P5/2B4P/1PQ1B1P1/R3R1K1,False,0.014000000000000012,11,2316,5,0
r2r1bk1/1p3ppn/p2q3p/P1pNnP2/2P5/2B4P/1PQ3P1/R3RBK1,False,0.0,2,2316,5,0
r2r1bk1/1p4pn/p2q1p1p/P1pNnP2/2P5/2B4P/1PQ3P1/R3RBK1,True,0.0,5,2295,5,0
r2r1bk1/1p4pn/p2q1p1p/P1pNnP2/2P5/2B4P/1PQ3P1/3RRBK1,False,0.0,3,2316,5,0
r2r1bk1/1p4pn/p1q2p1p/P1pNnP2/2P5/2B4P/1PQ3P1/3RRBK1,True,0.0,6,2295,5,0
r2r1bk1/1p4pn/p1q2p1p/P1pNBP2/2P5/7P/1PQ3P1/3RRBK1,False,0.0,2,2316,5,0
r3rbk1/1p4pn/p1q4p/P1pNRP2/2P5/7P/1PQ3P1/3R1BK1,True,0.43000000000000005,9,2295,5,0
r3rbk1/1p4pn/p1q4p/P1pNRP2/2P5/7P/1PQ3P1/4RBK1,False,0.0,2,2316,5,0
r4bk1/1p4pn/p1q4p/P1pNRP2/2P5/7P/1PQ3P1/5BK1,False,0.0,4,2316,5,0
r5k1/1p4pn/p1qb3p/P1pNRP2/2P5/7P/1PQ3P1/5BK1,True,0.0,4,2295,5,0
r5k1/1p4pn/p1qbR2p/P1pN1P2/2P5/7P/1PQ3P1/5BK1,False,0.0,4,2316,5,0
5rk1/1p4pn/p1qbR2p/P1pN1P2/2P5/7P/1PQ3P1/5BK1,True,0.0010000000000000009,6,2295,5,0
5rk1/1p2b1pn/p1q1R2p/P1p2P2/2P5/7P/1PQ3P1/5BK1,True,0.0,2,2295,5,0
5rk1/1p2b1pn/p1R4p/P1p2P2/2P5/7P/1PQ3P1/5BK1,False,0.0,1,2316,5,0
5rk1/4b1pn/p1p4p/P1p2P2/2P5/7P/1PQ3P1/5BK1,True,0.0,7,2295,5,0
5rk1/4b1pn/p1p4p/P1p2P2/2P1Q3/7P/1P4P1/5BK1,False,0.0,2,2316,5,0
4r1k1/4b1pn/p1p4p/P1p2P2/2P1Q3/7P/1P4P1/5BK1,True,0.0,2,2295,5,0
4r1k1/4b1pn/p1Q4p/P1p2P2/2P5/7P/1P4P1/5BK1,False,0.0,1,2316,5,0
4r1k1/4b1p1/p1Q2n1p/P1p2P2/2P5/7P/1P4P1/5BK1,True,0.0,4,2295,5,0
4r1k1/4b1p1/Q4n1p/P1p2P2/2P5/7P/1P4P1/5BK1,False,0.0,3,2316,5,0
4r2k/4b1p1/Q4n1p/P1p2P2/2P5/7P/1P4P1/5BK1,True,0.0,13,2295,5,0
4r2k/4b1p1/Q4n1p/P1p2P2/2P5/7P/1P2B1P1/6K1,False,0.0,3,2316,5,0
rn1qk2r/pb1p1pbp/1p2pnp1/2p5/2PP4/2N1PN2/PP2BPPP/R1BQ1RK1,True,0.0,12,2189,5,0
rn1qk2r/pb1p1pbp/1p2pnp1/2pP4/2P5/2N1PN2/PP2BPPP/R1BQ1RK1,False,0.018000000000000016,5,2154,5,0
rn1qk2r/pb1p1pbp/1p3np1/2pP4/8/2N1PN2/PP2BPPP/R1BQ1RK1,False,0.0,1,2154,5,0
rn1qk2r/pb3pbp/1p1p1np1/2pP4/8/2N1PN2/PP2BPPP/R1BQ1RK1,True,0.0,8,2189,5,0
r2qk2r/pb1n1pbp/1p1p1np1/1BpP4/8/2N1PN2/PP3PPP/R1BQ1RK1,True,0.0,2,2189,5,0
r2qk2r/pb1n1pbp/1p1p1np1/1BpP4/4P3/2N2N2/PP3PPP/R1BQ1RK1,False,0.0,2,2154,5,0
r2q1rk1/pb1n1pbp/1p1p1np1/1BpP4/4P3/2N2N2/PP3PPP/R1BQ1RK1,True,0.07899999999999996,7,2189,5,0
r2q1rk1/pb1n1pbp/1p1p1np1/1BpP2B1/4P3/2N2N2/PP3PPP/R2Q1RK1,False,0.361,4,2154,5,0
r2q1rk1/1b1n1pbp/pp1p1np1/2pP2B1/4P3/2NB1N2/PP3PPP/R2Q1RK1,False,0.6689999999999999,4,2154,5,0
r2q1rk1/1b1n1pbp/p2p1np1/1ppP2B1/4P3/2NB1N2/PP3PPP/R2Q1RK1,True,0.009000000000000001,7,2189,5,0
r2q1rk1/1b1n1pbp/p2p1np1/1ppP2B1/4P3/2NB1N2/PP3PPP/2RQ1RK1,False,0.0,5,2154,5,0
r4rk1/1bqn1pbp/p2p1np1/1ppP2B1/4P3/2NB1N1P/PP3PP1/2RQ1RK1,False,0.16599999999999998,2,2154,5,0
r3r1k1/1bqn1pbp/p2p1np1/1ppP2B1/4P3/2NB1N1P/PP3PP1/2RQ1RK1,True,0.0,3,2189,5,0
r3r1k1/1bqn1pbp/p2p1np1/1ppP2B1/4P3/2NB1N1P/PP3PP1/2RQR1K1,False,0.614,25,2154,5,0
r5k1/1bqnrpbp/p2p1np1/1ppP2B1/4P3/2NB1N1P/PP3PP1/2RQR1K1,True,0.095,16,2189,5,0
r5k1/1bqnrpbp/p2p1np1/1ppP4/4PB2/2NB1N1P/PP3PP1/2RQR1K1,False,0.42,11,2154,5,0
4r1k1/1bqnrpbp/p2p1np1/1ppP4/4PB2/2NB1N1P/PP3PP1/2RQR1K1,True,0.0,19,2189,5,0
4r1k1/1bqnrpbp/p2p1np1/1BpP4/4PB2/2N2N1P/PP3PP1/2RQR1K1,False,0.854,10,2154,5,0
4r1k1/1bqnrpbp/3p1np1/1ppP4/4PB2/2N2N1P/PP3PP1/2RQR1K1,True,0.0,3,2189,5,0
4r1k1/1bqnrpbp/3p1np1/1NpP4/4PB2/5N1P/PP3PP1/2RQR1K1,False,0.0,1,2154,5,0
4r1k1/1b1nrpbp/1q1p1np1/1NpP4/4PB2/5N1P/PP3PP1/2RQR1K1,True,0.0,5,2189,5,0
4r1k1/1b1nrpbp/1q1N1np1/2pP4/4PB2/5N1P/PP3PP1/2RQR1K1,False,0.0,17,2154,5,0
4r1k1/1b1nrpbp/1q1N2p1/2pP4/4nB2/5N1P/PP3PP1/2RQR1K1,True,0.0,12,2189,5,0
4N1k1/1b1nrpbp/1q4p1/2pP4/4nB2/5N1P/PP3PP1/2RQR1K1,False,0.0,1,2154,5,0
4r1k1/1b1n1pbp/1q4p1/2pP4/4nB2/5N1P/PP3PP1/2RQR1K1,True,0.0019999999999999983,24,2189,5,0
4r1k1/1b1n1pbp/1q4p1/2pP4/4nB2/3Q1N1P/PP3PP1/2R1R1K1,False,0.0,13,2154,5,0
4r1k1/1b3pbp/1q3np1/2pP4/4nB2/3Q1N1P/PP3PP1/2R1R1K1,True,0.0,32,2189,5,0
4r1k1/1b3pbp/1q3np1/2pP4/4nB2/1P1Q1N1P/P4PP1/2R1R1K1,False,0.005999999999999999,41,2154,5,0
4r1k1/1b3pbp/1q3np1/3P4/2p1nB2/1P1Q1N1P/P4PP1/2R1R1K1,True,0.0,12,2189,5,0
4r1k1/1b3pbp/1q3np1/3P4/2P1nB2/3Q1N1P/P4PP1/2R1R1K1,False,0.0,2,2154,5,0
4r1k1/1b3pbp/5np1/3P4/2P1nB2/3Q1N1P/P4qP1/2R1R1K1,True,0.0,5,2189,2,0
4r1k1/1b3pbp/5np1/3P4/2P1nB2/3Q1N1P/P4qP1/2R1R2K,False,0.381,10,2154,5,0
4r1k1/1b3pbp/5np1/3P4/2P1nB2/3Q1N1P/q5P1/2R1R2K,True,0.021,24,2189,5,0
4r1k1/1b3pbp/5np1/3P4/2P1nB2/3Q1N1P/q5PK/2R1R3,False,0.132,18,2154,5,0
4r1k1/1b3pb1/5npp/3P4/2P1nB2/3Q1N1P/q5PK/2R1R3,True,0.0,6,2189,5,0
4r1k1/1b3pb1/5npp/3PB3/2P1n3/3Q1N1P/q5PK/2R1R3,False,0.0,8,2154,5,0
4r1k1/1b3pb1/5npp/3PB3/2P5/3Q1N1P/q4nPK/2R1R3,True,0.0,11,2189,5,0
4r1k1/1b3pb1/5npp/3PB3/2P5/5N1P/q3QnPK/2R1R3,False,0.0,6,2154,5,0
4r1k1/1b3pb1/5npp/3PB3/2P5/5N1P/4qnPK/2R1R3,True,0.0,1,2189,5,0
4r1k1/1b3pb1/5npp/3PB3/2P5/5N1P/4RnPK/2R5,False,0.0,2,2154,5,0
4r1k1/1b3pb1/5npp/3PB3/2P5/3n1N1P/4R1PK/2R5,True,0.0,7,2189,5,0
4r1k1/1b3pb1/5npp/3PB3/2P5/3n1N1P/4R1PK/1R6,False,0.0,6,2154,5,0
4r1k1/1b3pb1/5npp/3Pn3/2P5/5N1P/4R1PK/1R6,True,0.057,3,2189,5,0
4r1k1/1b3pb1/5npp/3PR3/2P5/5N1P/6PK/1R6,False,0.0,26,2154,5,0
6k1/1b3pb1/5npp/3PN3/2P5/7P/6PK/1R6,False,0.0,3,2154,5,0
6k1/5pb1/5npp/3bN3/2P5/7P/6PK/1R6,True,0.6890000000000001,2,2189,5,0
6k1/5pb1/6pp/3nN3/8/7P/6PK/1R6,True,0.0,4,2189,5,0
1R6/5pk1/5bpp/3n4/8/5N1P/6PK/8,True,0.07099999999999998,1,2189,5,0
8/1R3pk1/5bpp/3n4/8/5N1P/6PK/8,False,0.02799999999999997,2,2154,5,0
8/1R3pk1/5b1p/3n2p1/8/5N1P/6PK/8,True,0.0,2,2189,5,0
8/1R3pk1/5b1p/3n2p1/6P1/5N1P/7K/8,False,0.0,3,2154,5,0
8/1R3pk1/5b1p/6p1/5nP1/5N1P/7K/8,True,0.0,3,2189,5,0
r1b1kb1r/1pq1pppp/p1np1n2/8/3NP3/2N1BP2/PPP3PP/R2QKB1R,True,0.0,5,2174,5,0
r1b1kb1r/1pq1pppp/p1np1n2/8/3NP3/2N1BP2/PPPQ2PP/R3KB1R,False,0.08500000000000002,7,2158,5,0
r1b1kb1r/1pq1pppp/p2p1n2/4n3/3NP3/2N1BP2/PPPQ2PP/R3KB1R,True,0.0,9,2174,5,0
r1b1kb1r/1pq1pppp/p2p1n2/4n3/3NP3/2N1BP2/PPPQ2PP/2KR1B1R,False,0.007000000000000006,3,2158,5,0
r1b1kb1r/2q1pppp/p2p1n2/1p2n3/3NP3/2N1BP2/PPPQ2PP/2KR1B1R,True,0.542,6,2174,5,0
r1b1kb1r/2q1ppp1/p2p1n1p/1p2n3/3NP2P/2N1BP2/PPPQ2P1/2KR1B1R,True,0.45799999999999996,2,2174,5,0
r1b1kb1r/2q1ppp1/p2p1n1p/1p2n3/3NP1PP/2N1BP2/PPPQ4/2KR1B1R,False,0.29499999999999993,23,2158,5,0
r1b1kb1r/2q1ppp1/p2p1n1p/3Nn3/1p1NP1PP/4BP2/PPPQ4/2KR1B1R,False,0.0,3,2158,5,0
r1b1kb1r/2q1ppp1/p2p3p/3Pn3/1p1N2PP/4BP2/PPPQ4/2KR1B1R,False,0.0,20,2158,5,0
r3kb1r/2qbppp1/p2p3p/3Pn3/1p1N2PP/4BP2/PPPQ4/2KR1B1R,True,0.03400000000000003,9,2174,5,0
r3kb1r/2qbppp1/p2p3p/3Pn3/1p1N2PP/4BP2/PPPQ4/1K1R1B1R,False,0.0,3,2158,5,0
r3kb1r/2qbppp1/p2p3p/3P4/1pnN2PP/4BP2/PPPQ4/1K1R1B1R,True,0.0,1,2174,5,0
r3kb1r/2qbppp1/p2p3p/3P4/1pBN2PP/4BP2/PPPQ4/1K1R3R,False,0.0,3,2158,5,0
r3kb1r/3bppp1/p2p3p/3P4/1pqN2PP/4BP2/PPPQ4/1K1R3R,True,0.641,20,2174,5,0
r3kb1r/3bppp1/p2p3p/3P2P1/1pqN3P/4BP2/PPPQ4/1K1R3R,False,0.6449999999999999,8,2158,5,0
r3kb1r/3bppp1/p2p3p/3q2P1/1p1N3P/4BP2/PPPQ4/1K1R3R,True,0.0,9,2174,5,0
r3kb1r/3bppp1/p2p3P/3q4/1p1N3P/4BP2/PPPQ4/1K1R3R,False,0.10999999999999999,1,2158,5,0
r3kb1r/3bpp2/p2p3p/3q4/1p1N3P/4BP2/PPPQ4/1K1R3R,True,0.141,17,2174,5,0
r3kb1r/3bpp2/p2p3p/3q4/1Q1N3P/4BP2/PPP5/1K1R3R,False,0.0,11,2158,5,0
r3kb1r/3bpp2/3p3p/p2q4/1Q1N3P/4BP2/PPP5/1K1R3R,True,0.0040000000000000036,19,2174,5,0
r3kb1r/3bpp2/3p3p/p2q4/3N3P/Q3BP2/PPP5/1K1R3R,False,0.473,9,2158,5,0
r3k2r/3bppb1/3p3p/p2q4/3N3P/Q3BP2/PPP5/1K1R3R,True,0.044,2,2174,5,0
r3k2r/3bppb1/3p3p/p2q4/3N3P/Q3BP2/PPP5/1K1RR3,False,0.673,8,2158,5,0
1r2k2r/3bppb1/3p3p/p2q4/3N3P/Q3BP2/PPP5/1K1RR3,True,0.003,29,2174,5,0
1r2k2r/3bppb1/3p3p/p2q4/3N3P/Q1P1BP2/PP6/1K1RR3,False,0.976,29,2158,5,0
1r2k2r/3bppb1/3p3p/3q4/p2N3P/Q1P1BP2/PP6/1K1RR3,True,0.925,32,2174,5,0
1r2k2r/3bppb1/3p3p/3q4/p2N1P1P/Q1P1B3/PP6/1K1RR3,False,0.0,9,2158,5,0
1r2k2r/4ppb1/3p3p/3q4/p2N1PbP/Q1P1B3/PP6/1K1RR3,True,0.0,12,2174,5,0
1r2k2r/4ppb1/3p3p/3q4/p2N1PbP/Q1P1B3/PP1R4/1K2R3,False,0.0,3,2158,5,0
1r2k2r/4ppb1/3p4/3q3p/p2N1PbP/Q1P1B3/PP1R4/1K2R3,True,0.0,24,2174,5,0
1r2k2r/4ppb1/3p4/3q1P1p/p2N2bP/Q1P1B3/PP1R4/1K2R3,False,0.0,31,2158,5,0
1r2k2r/4pp2/3p1b2/3q1P1p/p2N2bP/Q1P1B3/PP1R4/1K2R3,True,0.0,42,2174,5,0
1r2k2r/4pp2/3p1b2/3q1PBp/p2N2bP/Q1P5/PP1R4/1K2R3,False,0.0,12,2158,5,0
1r2k2r/4pp2/3p4/3q1PBp/p2b2bP/Q1P5/PP1R4/1K2R3,True,0.974,2,2174,5,0
1r3k1r/4Rp2/3p4/3q1PBp/p2b2bP/Q1P5/PP1R4/1K6,True,0.0,13,2174,5,0
1r3k1r/4Rp2/3p4/3q1PBp/p2R2bP/Q1P5/PP6/1K6,False,0.0,10,2158,5,0
1r3k1r/4Rp2/3p4/3q1bBp/p2R3P/Q1P5/PP6/1K6,True,0.0,16,2174,5,0
1r3k1r/4Rp2/3p4/5bBp/p2R3P/Q1P5/PP6/2K4q,True,0.0,11,2174,3,0
1r3k1r/4Rp2/3p4/5bBp/p6P/Q1P5/PP6/2KR3q,False,0.0,3,2158,5,0
1r3k1r/4Rp2/3p4/5bBp/p6P/Q1P5/PP5q/2KR4,True,0.0,19,2174,5,0
1r3k1r/4Rp2/3R4/5bBp/p6P/Q1P5/PP5q/2K5,False,0.0,4,2158,5,0
2rqkb1r/pp1bpppp/2np1n2/6B1/3NPP2/2N5/PPP3PP/R2QKB1R,True,0.0,3,2066,5,0
2rqkb1r/pp1bpppp/2np1n2/6B1/4PP2/1NN5/PPP3PP/R2QKB1R,False,0.077,4,2128,5,0
2r1kb1r/pp1bpppp/1qnp1n2/6B1/4PP2/1NN5/PPP3PP/R2QKB1R,True,0.0,2,2066,5,0
2r1kb1r/pp1bpppp/1qnp1n2/6B1/4PP2/1NN2Q2/PPP3PP/R3KB1R,False,0.043000000000000003,5,2128,5,0
2r1kb1r/pp1bpppp/1q1p1n2/6B1/3NPP2/2N2Q2/PPP3PP/R3KB1R,False,0.0,1,2128,5,0
2r1kb1r/pp1bpppp/3p1n2/6B1/3qPP2/2N2Q2/PPP3PP/R3KB1R,True,0.0,19,2066,5,0
2r1kb1r/pp1bpppp/3p1n2/6B1/3qPP2/2N2Q2/PPP3PP/3RKB1R,False,0.0,7,2128,5,0
4kb1r/pp1bpppp/3p1n2/6B1/3qPP2/2r2Q2/PPP3PP/3RKB1R,True,0.0,11,2066,5,0
4kb1r/pp1bpppp/3p1n2/6B1/3RPP2/2r2Q2/PPP3PP/4KB1R,False,0.0,1,2128,5,0
4kb1r/pp1bpppp/3p1n2/6B1/3RPP2/5r2/PPP3PP/4KB1R,True,0.0,1,2066,5,0
4kb1r/pp1bpppp/3p1n2/6B1/3RPP2/5P2/PPP4P/4KB1R,False,0.0,27,2128,5,0
4kb1r/pp1bpppp/3p4/6Bn/3RPP2/5P2/PPP4P/4KB1R,True,0.0,25,2066,5,0
4kb1r/pp1bpppp/3p4/4P1Bn/3R1P2/5P2/PPP4P/4KB1R,False,0.0,4,2128,5,0
4kb1r/pp1bppp1/3p3p/4P1Bn/3R1P2/5P2/PPP4P/4KB1R,True,0.0,3,2066,5,0
4kb1r/pp1bppp1/3p3p/4P2n/3R1P1B/5P2/PPP4P/4KB1R,False,0.0010000000000000009,13,2128,5,0
4kb1r/pp1bppp1/7p/4p2n/3R1P1B/5P2/PPP4P/4KB1R,True,0.0,2,2066,5,0
4kb1r/pp1bppp1/7p/4P2n/3R3B/5P2/PPP4P/4KB1R,False,0.0,1,2128,5,0
4kb1r/pp1bpp2/7p/4P1pn/3R3B/5P2/PPP4P/4KB1R,True,0.0,11,2066,5,0
4kb1r/pp1bpp2/7p/4P1pn/3R4/5PB1/PPP4P/4KB1R,False,0.0050000000000000044,2,2128,5,0
4k2r/pp1bppb1/7p/4P1pn/3R4/5PB1/PPP4P/4KB1R,True,0.0,19,2066,5,0
4k2r/pp1bppb1/7p/4P1pn/4R3/5PB1/PPP4P/4KB1R,False,0.0,15,2128,5,0
4k2r/pp2ppb1/2b4p/4P1pn/4R3/5PB1/PPP4P/4KB1R,True,0.0,3,2066,5,0
4k2r/pp2ppb1/2b4p/4P1pn/8/4RPB1/PPP4P/4KB1R,False,0.010000000000000009,9,2128,5,0
4k2r/pp3pb1/2b1p2p/4P1pn/8/4RPB1/PPP4P/4KB1R,True,0.11299999999999999,14,2066,5,0
4k2r/pp3pb1/2b1p2p/4P1pn/8/4RPB1/PPP3BP/4K2R,False,0.367,11,2128,5,0
7r/pp2kpb1/2b1p2p/4P1pn/8/4RPB1/PPP3BP/4K2R,True,0.633,12,2066,5,0
7r/pp2kpb1/2b1p2p/4P1pn/8/4RPB1/PPP1K1BP/7R,False,0.41600000000000004,6,2128,5,0
7r/pp2kpb1/2b1p2p/4P1p1/5n2/4RPB1/PPP1K1BP/7R,True,0.0,2,2066,5,0
7r/pp2kpb1/2b1p2p/4P1p1/5B2/4RP2/PPP1K1BP/7R,False,0.0,1,2128,5,0
7r/pp2kpb1/2b1p2p/4P3/5p2/4RP2/PPP1K1BP/7R,True,0.0,12,2066,5,0
7r/pp2kpb1/2b1p2p/4P3/5p2/R4P2/PPP1K1BP/7R,False,0.006,15,2128,5,0
7r/pp2kp2/2b1p2p/4b3/5p2/R4P2/PPP1K1BP/7R,True,0.0,12,2066,5,0
7r/pp2kp2/2b1p2p/4b3/5p2/R1P2P2/PP2K1BP/7R,False,0.0,37,2128,5,0
3r4/Rp2kp2/2b1p2p/4b3/5p2/2P2P2/PP2K1BP/7R,False,0.049,2,2128,5,0
3r4/Rp2kp2/4p2p/1b2b3/5p2/2P2P2/PP2K1BP/7R,True,0.0,3,2066,3,0
3r4/Rp2kp2/4p2p/1b2b3/5p2/2P2P2/PP4BP/4K2R,False,0.0,1,2128,5,0
3r4/Rp2kp2/b3p2p/4b3/5p2/2P2P2/PP4BP/4K2R,True,0.0,6,2066,5,0
3r4/Rp2kp2/b3p2p/4b3/5p2/2P2P2/PP5P/4KB1R,False,0.0,30,2128,5,0
1b1r4/Rp2kp2/b3p2p/8/5p2/2P2P2/PP5P/4KB1R,True,0.0,3,2066,5,0
1b1r4/1p2kp2/R3p2p/8/5p2/2P2P2/PP5P/4KB1R,False,0.0,3,2128,5,0
1b1r4/4kp2/B3p2p/8/5p2/2P2P2/PP5P/4K2R,False,0.709,9,2128,5,0
3r4/b3kp2/B3p2p/8/5p2/2P2P2/PP5P/4K2R,True,0.12,8,2066,5,0
3r4/b3kp2/B3p2p/8/5p2/2P2P2/PP2K2P/7R,False,0.0020000000000000018,4,2128,5,0
3r4/b3kp2/B6p/4p3/5p2/2P2P2/PP2K2P/7R,True,0.15700000000000003,8,2066,5,0
3r4/b3kp2/7p/4p3/5p2/2PB1P2/PP2K2P/7R,False,0.30799999999999994,3,2128,5,0
3r4/b4p2/4k2p/4p3/5p2/2PB1P2/PP2K2P/7R,True,0.02200000000000002,5,2066,5,0
3r4/b4p2/4k2p/4p3/P4p2/2PB1P2/1P2K2P/7R,False,0.008000000000000007,2,2128,5,0
3r4/b7/4k2p/4pp2/P4p2/2PB1P2/1P2K2P/7R,True,0.976,5,2066,5,0
3r4/b7/4k2p/4pp2/PP3p2/2PB1P2/4K2P/7R,False,0.35600000000000004,1,2128,5,0
3r4/b7/4k2p/5p2/PP2pp2/2PB1P2/4K2P/7R,True,0.003,2,2066,5,0
3r4/b7/4k2p/8/PP2pp2/2PB4/4K2P/7R,True,0.0,1,2066,5,0
3r4/b7/4k2p/8/PP2Bp2/2P5/4K2P/7R,False,0.0,6,2128,5,0
3r4/b7/7p/4k3/PP2Bp2/2P5/4K2P/7R,True,0.0,4,2066,5,0
3r4/b7/7p/4k3/PP3p2/2PB4/4K2P/7R,False,0.0,6,2128,5,0
6r1/b7/7p/4k3/PP3p2/2PB4/4K2P/7R,True,0.0,8,2066,5,0
6r1/b7/7p/4k3/PP3p2/2PB1K2/7P/7R,False,0.0,2,2128,5,0
3r4/b7/7p/4k3/PP3p2/2PB1K2/7P/7R,True,0.0,2,2066,5,0
rnbqr1k1/pp3ppp/2p2n2/2bpp3/4P3/1P1P1P2/PBPNN1PP/R2QKB1R,True,0.0,2,2012,5,0
rnbqr1k1/pp3ppp/2p2n2/2bpp3/4P3/1P1P1P2/PBPNN1PP/RQ2KB1R,False,0.0,15,2052,5,0
rnb1r1k1/pp3ppp/2p2n2/q1bpp3/4P3/1P1P1P2/PBPNN1PP/RQ2KB1R,True,0.0,8,2012,5,0
rnb1r1k1/pp3ppp/2p2n2/q1bpp3/4P3/PP1P1P2/1BPNN1PP/RQ2KB1R,False,0.0,9,2052,5,0
rnb1r1k1/pp3ppp/2p2n2/q2pp3/4P3/PP1PbP2/1BPNN1PP/RQ2KB1R,True,0.0,6,2012,5,0
rnb1r1k1/ppq2ppp/2p2n2/3pp3/4P3/PPBPbP2/2PNN1PP/RQ2KB1R,True,0.0,4,2012,5,0
rnb1r1k1/ppq2ppp/2p2n2/3pp3/4P3/PPBPbPP1/2PNN2P/RQ2KB1R,False,0.0,7,2052,5,0
rnb1r1k1/ppq2ppp/2p2n2/4p3/3pP3/PPBPbPP1/2PNN2P/RQ2KB1R,True,0.0,5,2012,5,0
rnb1r1k1/ppq2ppp/2p2n2/4p3/3pP3/PP1PbPP1/1BPNN2P/RQ2KB1R,False,0.0,3,2052,5,0
rnb1r1k1/ppq2ppp/2p2n2/4p3/3pP3/PP1P1PP1/1BPKN2P/RQ3B1R,False,0.0,1,2052,5,0
rnb1r1k1/ppq2ppp/5n2/2p1p3/3pP3/PP1P1PP1/1BPKN2P/RQ3B1R,True,0.0,5,2012,5,0
rnb1r1k1/ppq2ppp/5n2/2p1p3/3pP3/PP1P1PP1/1BPKN1BP/RQ5R,False,0.0,5,2052,5,0
r1b1r1k1/ppq2ppp/2n2n2/2p1p3/3pP3/PP1P1PP1/1BPKN1BP/RQ5R,True,0.0,15,2012,5,0
r1b1r1k1/ppq2ppp/2n2n2/2p1p3/3pP3/PP1P1PP1/QBPKN1BP/R6R,False,0.0,11,2052,5,0
r3r1k1/ppq2ppp/2n1bn2/2p1p3/3pP3/PP1P1PP1/QBPKN1BP/R6R,True,0.0,2,2012,5,0
r3r1k1/ppq2ppp/2n1bn2/2p1p3/3pP3/PP1P1PP1/QBPKN1BP/3R3R,False,0.0,3,2052,5,0
r3r1k1/1pq2ppp/2n1bn2/p1p1p3/3pP3/PP1P1PP1/QBPKN1BP/3R3R,True,0.0,1,2012,5,0
r3r1k1/1pq2ppp/2n1bn2/p1p1p3/3pP3/PP1P1PP1/QBP1N1BP/2KR3R,False,0.0,3,2052,5,0
r3r1k1/1pq2ppp/2n1bn2/2p1p3/p2pP3/PP1P1PP1/QBP1N1BP/2KR3R,True,0.0,4,2012,5,0
r3r1k1/1pq2ppp/2n1bn2/2p1p3/p2pP3/PP1P1PP1/QBP1N1BP/1K1R3R,False,0.0,14,2052,5,0
r3r1k1/1p3ppp/2n1bn2/q1p1p3/p2pP3/PP1P1PP1/QBP1N1BP/1K1R3R,True,0.0,4,2012,5,0
r3r1k1/1p3ppp/2n1bn2/q1p1p3/p2pPP2/PP1P2P1/QBP1N1BP/1K1R3R,False,0.0,2,2052,5,0
r3r1k1/1p3ppp/2n1bn2/q1p1p3/3pPP2/Pp1P2P1/QBP1N1BP/1K1R3R,True,0.0,2,2012,5,0
r3r1k1/1p3ppp/2n1bn2/q1p1p3/3pPP2/PP1P2P1/QB2N1BP/1K1R3R,False,0.0,3,2052,5,0
r3r1k1/1p3ppp/2n2n2/q1p1p3/3pPPb1/PP1P2P1/QB2N1BP/1K1R3R,True,0.0,5,2012,5,0
r3r1k1/1p3ppp/2n2n2/q1p1p3/3pPPb1/PP1P2P1/QB2N1BP/1K1RR3,False,0.0,19,2052,5,0
r3r1k1/5ppp/2n2n2/qpp1p3/3pPPb1/PP1P2P1/QB2N1BP/1K1RR3,True,0.0,3,2012,5,0
r3r1k1/5ppp/2n2n2/qpp1p3/3pPPb1/PP1P2PP/QB2N1B1/1K1RR3,False,0.0,3,2052,5,0
r3r1k1/5ppp/2n2n2/qpp1p3/3pPP2/PP1P2PP/QB2b1B1/1K1RR3,True,0.0,1,2012,5,0
r3r1k1/5ppp/2n2n2/qpp1p3/3pPP2/PP1P2PP/QB2R1B1/1K1R4,False,0.0,8,2052,5,0
r3r1k1/5ppp/2n2n2/qp2p3/2ppPP2/PP1P2PP/QB2R1B1/1K1R4,True,0.0,4,2012,5,0
r3r1k1/5ppp/2n2n2/qp2p3/2PpPP2/PP4PP/QB2R1B1/1K1R4,False,0.0,2,2052,5,0
r3r1k1/5ppp/2n2n2/q3p3/2ppPP2/PP4PP/QB2R1B1/1K1R4,True,0.0,12,2012,5,0
r3r1k1/5ppp/2n2n2/q3P3/2ppP3/PP4PP/QB2R1B1/1K1R4,False,0.0,1,2052,5,0
r3r1k1/5ppp/2n2n2/q3P3/3pP3/Pp4PP/QB2R1B1/1K1R4,True,0.0,6,2012,5,0
r3r1k1/5ppp/2n2n2/q3P3/3pP3/PQ4PP/1B2R1B1/1K1R4,False,0.0,4,2052,5,0
r3r1k1/5ppp/5n2/q3n3/3pP3/PQ4PP/1B2R1B1/1K1R4,True,0.0,7,2012,5,0
r3r1k1/5ppp/5n2/q3n3/3RP3/PQ4PP/1B2R1B1/1K6,False,0.08899999999999997,8,2052,5,0
rr4k1/5ppp/5n2/q3n3/3RP3/PQ4PP/1B2R1B1/1K6,True,0.0,1,2012,5,0
rr4k1/5ppp/5n2/q3n3/1R2P3/PQ4PP/1B2R1B1/1K6,False,0.0,14,2052,5,0
r5k1/5ppp/5n2/q3n3/1r2P3/PQ4PP/1B2R1B1/1K6,True,0.0,2,2012,5,0
r5k1/5ppp/5n2/q3n3/1P2P3/1Q4PP/1B2R1B1/1K6,False,0.0,1,2052,5,0
r5k1/5ppp/5n2/1q2n3/1P2P3/1Q4PP/1B2R1B1/1K6,True,0.0,7,2012,5,0
r5k1/5ppp/5n2/1q2n3/1P2P3/1Q4PP/1B2R3/1K3B2,False,0.0,8,2052,5,0
1r4k1/5ppp/5n2/1q2n3/1P2P3/1Q4PP/1B2R3/1K3B2,True,0.0,15,2012,5,0
1r4k1/5ppp/5n2/1q2n3/1P2P3/1Q4PP/1BR5/1K3B2,False,0.0,8,2052,5,0
1r4k1/5ppp/5n2/4n3/1P2P3/1Q4PP/1BR5/1K3q2,True,0.0,2,2012,3,0
1r4k1/5ppp/5n2/4n3/1P2P3/1Q4PP/1B6/1KR2q2,False,0.0,24,2052,5,0
1r4k1/5ppp/5n2/4n3/1P2P3/1Q4PP/1B2q3/1KR5,True,0.0,5,2012,5,0
1r4k1/5ppp/5n2/4B3/1P2P3/1Q4PP/4q3/1KR5,False,0.0,2,2052,5,0
1r4k1/5ppp/5n2/4B3/1P2q3/1Q4PP/8/1KR5,True,0.0,9,2012,5,0
1r4k1/5ppp/5n2/4B3/1P2q3/6PP/2Q5/1KR5,False,0.0,9,2052,5,0
6k1/5ppp/5n2/4B3/1r2q3/6PP/2Q5/1KR5,True,0.0,2,2012,3,0
6k1/5ppp/5n2/8/1r2q3/6PP/1BQ5/1KR5,False,0.0,1,2052,5,0
6k1/5ppp/5n2/8/1r6/6PP/1Bq5/1KR5,True,0.0,1,2012,4,0
6k1/5ppp/5n2/8/1r6/6PP/1BR5/1K6,False,0.0,1,2052,5,0
6k1/5pp1/5n1p/8/1r6/6PP/1BR5/1K6,True,0.0,5,2012,5,0
6k1/5pp1/5n1p/8/1r6/6PP/1BR5/2K5,False,0.0,2,2052,5,0
6k1/5pp1/5n1p/8/8/1r4PP/1BR5/2K5,True,0.0,2,2012,5,0
rn2kb1r/pb2pppp/1qp2n2/1p4B1/P1pP4/2N1PN2/1P3PPP/R2QKB1R,True,0.001,10,2152,5,0
rn2kb1r/pb2pppp/1qp2n2/1p2N1B1/P1pP4/2N1P3/1P3PPP/R2QKB1R,False,0.003999999999999997,3,2175,5,0
rn2kb1r/1b2pppp/pqp2n2/1p2N1B1/P1pP4/2N1P3/1P3PPP/R2QKB1R,True,0.0,10,2152,5,0
rn2kb1r/1b2pppp/pqp2n2/1p2N1B1/P1pP4/2N1P3/1P2BPPP/R2QK2R,False,0.028,1,2175,5,0
r3kb1r/1b1npppp/pqp2n2/1p2N1B1/P1pP4/2N1P3/1P2BPPP/R2QK2R,True,0.001,6,2152,5,0
r3kb1r/1b1npppp/pqp2n2/1p2N1B1/P1pP4/2N1P3/1P2BPPP/R2Q1RK1,False,0.0,3,2175,5,0
r3kb1r/1b2pppp/pqp2n2/1p2n1B1/P1pP4/2N1P3/1P2BPPP/R2Q1RK1,True,0.0,1,2152,5,0
r3kb1r/1b2pppp/pqp2n2/1p2P1B1/P1p5/2N1P3/1P2BPPP/R2Q1RK1,False,0.0,1,2175,5,0
r3kb1r/1b2pppp/pqp5/1p1nP1B1/P1p5/2N1P3/1P2BPPP/R2Q1RK1,True,0.141,14,2152,5,0
r3kb1r/1b2pppp/pqp5/1p1NP1B1/P1p5/4P3/1P2BPPP/R2Q1RK1,False,0.0,1,2175,5,0
r3kb1r/1b2pppp/pq6/1p1pP1B1/P1p5/4P3/1P2BPPP/R2Q1RK1,True,0.008,9,2152,5,0
r3kb1r/1b2pppp/pq6/1p1pP1B1/P1p5/1P2P3/4BPPP/R2Q1RK1,False,0.76,8,2175,5,0
r3kb1r/1b3ppp/pq2p3/1p1pP1B1/P1p5/1P2P3/4BPPP/R2Q1RK1,True,0.0,2,2152,5,0
r3kb1r/1b3ppp/pq2p3/1p1pP1B1/P1P5/4P3/4BPPP/R2Q1RK1,False,0.0,6,2175,5,0
r3kb1r/1b3ppp/pq2p3/3pP1B1/P1p5/4P3/4BPPP/R2Q1RK1,True,0.001,5,2152,5,0
r3kb1r/1b3ppp/pq2p3/P2pP1B1/2p5/4P3/4BPPP/R2Q1RK1,False,0.0,3,2175,5,0
r3kb1r/1bq2ppp/p3p3/P2pP1B1/2p5/4P3/4BPPP/R2Q1RK1,True,0.003,3,2152,5,0
r3kb1r/1bq2ppp/p3p3/P2pP1B1/2p5/4P3/4BPPP/1R1Q1RK1,False,0.061,3,2175,5,0
r3kb1r/2q2ppp/p1b1p3/P2pP1B1/2p5/4P3/4BPPP/1R1Q1RK1,True,0.002,5,2152,5,0
r3kb1r/2q2ppp/pRb1p3/P2pP1B1/2p5/4P3/4BPPP/3Q1RK1,False,0.0,2,2175,5,0
r3k2r/2q2ppp/pRb1p3/P1bpP1B1/2p5/4P3/4BPPP/3Q1RK1,True,0.0,22,2152,5,0
r3k2r/2q2ppp/p1R1p3/P1bpP1B1/2p5/4P3/4BPPP/3Q1RK1,False,0.0,1,2175,5,0
r3k2r/5ppp/p1q1p3/P1bpP1B1/2p5/4P3/4BPPP/3Q1RK1,True,0.0,6,2152,5,0
r3k2r/5ppp/p1q1p3/P1bpP1B1/2p1P3/8/4BPPP/3Q1RK1,False,0.0,13,2175,5,0
4k2r/r4ppp/p1q1p3/P1bpP1B1/2p1P3/8/4BPPP/3Q1RK1,True,0.0,2,2152,5,0
4k2r/r4ppp/p1q1p3/P1bPP1B1/2p5/8/4BPPP/3Q1RK1,False,0.0,6,2175,5,0
4k2r/r4ppp/p3p3/P1bqP1B1/2p5/8/4BPPP/3Q1RK1,True,0.0,10,2152,5,0
4k2r/r4ppp/p3p3/P1bqP1B1/2p5/8/2Q1BPPP/5RK1,False,0.0,7,2175,5,0
5rk1/r4ppp/p3p3/P1bqP1B1/2p5/8/2Q1BPPP/5RK1,True,0.0,9,2152,5,0
5rk1/r4ppp/p3p3/P1bqP1B1/2B5/8/2Q2PPP/5RK1,False,0.0,2,2175,5,0
5rk1/r4ppp/p3p3/P1b1q1B1/2B5/8/2Q2PPP/5RK1,True,0.0,2,2152,5,0
5rk1/r4ppp/p3p3/P1b1q3/2B5/8/2QB1PPP/5RK1,False,0.0,10,2175,5,0
5rk1/r4ppp/p2qp3/P1b5/2B5/8/2QB1PPP/5RK1,True,0.0,7,2152,5,0
5rk1/r4ppp/p2qp3/P1b5/2B5/8/2QB1PPP/2R3K1,False,0.0,1,2175,5,0
5rk1/r4ppp/p2qp3/P7/2Bb4/8/2QB1PPP/2R3K1,True,0.0,4,2152,5,0
5rk1/r4ppp/p2qp3/P7/3b4/3B4/2QB1PPP/2R3K1,False,0.0,3,2175,5,0
5rk1/r4pp1/p2qp2p/P7/3b4/3B4/2QB1PPP/2R3K1,True,0.0,6,2152,5,0
5rk1/r4pp1/p2qp2p/P7/3bB3/8/2QB1PPP/2R3K1,False,0.0,5,2175,5,0
5rk1/r4pp1/p2q3p/P3p3/3bB3/8/2QB1PPP/2R3K1,True,0.0,5,2152,5,0
5rk1/r4pp1/p2q3p/P3p3/3bB3/8/2QB1PPP/1R4K1,False,0.0,3,2175,5,0
3r2k1/r4pp1/p2q3p/P3p3/3bB3/8/2QB1PPP/1R4K1,True,0.0,2,2152,5,0
3r2k1/r4pp1/p2q3p/P3p3/1B1bB3/8/2Q2PPP/1R4K1,False,0.0,14,2175,5,0
3r2k1/r2q1pp1/p6p/P3p3/1B1bB3/8/2Q2PPP/1R4K1,True,0.0,11,2152,5,0
3r2k1/r2q1pp1/p6p/P3p3/1B1bB3/8/4QPPP/1R4K1,False,0.0,6,2175,5,0
3r3k/r2q1pp1/p6p/P3p3/1B1bB3/8/4QPPP/1R4K1,True,0.0,3,2152,5,0
3r3k/r2q1pp1/p6p/P3p3/1B1bB3/7P/4QPP1/1R4K1,False,0.0,5,2175,5,0
3r3k/2rq1pp1/p6p/P3p3/1B1bB3/7P/4QPP1/1R4K1,True,0.0,4,2152,5,0
3r3k/2rq1pp1/p6p/P3p3/1B1bB3/5Q1P/5PP1/1R4K1,False,0.0,7,2175,5,0
2r4k/2rq1pp1/p6p/P3p3/1B1bB3/5Q1P/5PP1/1R4K1,True,0.0,5,2152,5,0
2r4k/2rq1pp1/p6p/P3p3/3bB3/5Q1P/3B1PP1/1R4K1,False,0.0,18,2175,5,0
2r4k/2r2pp1/p2q3p/P3p3/3bB3/5Q1P/3B1PP1/1R4K1,True,0.0,10,2152,5,0
2r4k/2r2pp1/p2q3p/P3p3/3bB1P1/5Q1P/3B1P2/1R4K1,False,0.0,29,2175,5,0
2r4k/2r2pp1/p4q1p/P3p3/3bB1P1/5Q1P/3B1P2/1R4K1,True,0.0,3,2152,5,0
2r4k/2r2pp1/p4q1p/P3p3/3bB1P1/6QP/3B1P2/1R4K1,False,0.0,21,2175,5,0
2r3k1/2r2pp1/p4q1p/P3p3/3bB1P1/6QP/3B1P2/1R4K1,True,0.0,8,2152,5,0
2r3k1/2r2pp1/p4q1p/P3p1P1/3bB3/6QP/3B1P2/1R4K1,False,0.0,3,2175,5,0
2r3k1/2r2pp1/p4q2/P3p1p1/3bB3/6QP/3B1P2/1R4K1,True,0.0,3,2152,5,0
2r3k1/2r2pp1/p4q2/P3p1B1/3bB3/6QP/5P2/1R4K1,False,0.0,2,2175,5,0
2r3k1/2r2pp1/p3q3/P3p1B1/3bB3/6QP/5P2/1R4K1,True,0.0,4,2152,5,0
2r3k1/2r2pp1/p3q3/P3p1B1/3bB2Q/7P/5P2/1R4K1,False,0.0,1,2175,5,0
2r3k1/2r2p2/p3q1p1/P3p1B1/3bB2Q/7P/5P2/1R4K1,True,0.0,4,2152,5,0
rn1qkb1r/pp3ppp/2p2p2/8/8/5Q1P/PPPP1PP1/R1B1KB1R,True,0.29300000000000004,4,2392,5,0
rn1qkb1r/pp3ppp/2p2p2/8/2B5/5Q1P/PPPP1PP1/R1B1K2R,False,0.01200000000000001,3,2339,5,0
rn1qk2r/pp3ppp/2pb1p2/8/2B5/5Q1P/PPPP1PP1/R1B1K2R,True,0.0,2,2392,5,0
rn1qk2r/pp3ppp/2pb1p2/8/2B5/5Q1P/PPPP1PP1/R1B2RK1,False,0.0020000000000000018,2,2339,5,0
rn1q1rk1/pp3ppp/2pb1p2/8/2B5/5Q1P/PPPP1PP1/R1B2RK1,True,0.0,1,2392,5,0
rn1q1rk1/pp3ppp/2pb1p2/8/2BP4/5Q1P/PPP2PP1/R1B2RK1,False,0.015000000000000013,1,2339,5,0
r2q1rk1/pp1n1ppp/2pb1p2/8/2BP4/5Q1P/PPP2PP1/R1B2RK1,True,0.20799999999999996,2,2392,5,0
r2q1rk1/pp1n1ppp/2pb1p2/8/2BP1B2/5Q1P/PPP2PP1/R4RK1,False,0.0,5,2339,5,0
r4rk1/ppqn1ppp/2pb1p2/8/2BP1B2/5Q1P/PPP2PP1/R4RK1,True,0.388,2,2392,5,0
r4rk1/ppqn1ppp/2pB1p2/8/2BP4/5Q1P/PPP2PP1/R4RK1,False,0.0,1,2339,5,0
r4rk1/pp1n1ppp/2pq1p2/8/2BP4/5Q1P/PPP2PP1/R4RK1,True,0.0,1,2392,5,0
r4rk1/pp1n1ppp/2pq1p2/8/2BP4/2P2Q1P/PP3PP1/R4RK1,False,0.0,3,2339,5,0
4rrk1/pp1n1ppp/2pq1p2/8/2BP4/2P2Q1P/PP3PP1/R4RK1,True,0.0,2,2392,5,0
4rrk1/pp1n1ppp/2pq1p2/8/2BP4/2P2Q1P/PP3PP1/R3R1K1,False,0.0,2,2339,5,0
4rrk1/pp3ppp/1npq1p2/8/2BP4/2P2Q1P/PP3PP1/R3R1K1,True,0.0,3,2392,5,0
4rrk1/pp3ppp/1npq1p2/8/3P4/1BP2Q1P/PP3PP1/R3R1K1,False,0.034,9,2339,5,0
4rrk1/pp3p1p/1npq1pp1/8/3P4/1BP2Q1P/PP3PP1/R3R1K1,True,0.0,5,2392,5,0
4rrk1/pp3p1p/1npq1pp1/8/3P4/PBP2Q1P/1P3PP1/R3R1K1,False,0.0,1,2339,5,0
4rrk1/pp3p1p/1npq2p1/5p2/3P4/PBP2Q1P/1P3PP1/R3R1K1,True,0.10800000000000001,4,2392,5,0
4rrk1/pp3p1p/1npq2p1/5p2/3P4/PBP2QPP/1P3P2/R3R1K1,False,0.06899999999999999,2,2339,5,0
4rrk1/pp1n1p1p/2pq2p1/5p2/3P4/PBP2QPP/1P3P2/R3R1K1,True,0.020000000000000004,52,2392,5,0
4rrk1/pp1n1p1p/2pq2p1/5p2/3P4/PBP2QPP/1P3PK1/R3R3,False,0.0020000000000000018,4,2339,5,0
4rrk1/pp3p1p/2pq1np1/5p2/3P4/PBP2QPP/1P3PK1/R3R3,True,0.013,7,2392,5,0
4rrk1/pp3p1p/2pq1np1/5p2/3P4/PBP2QPP/1P3PK1/3RR3,False,0.0,6,2339,5,0
4rrk1/pp3p1p/2pq2p1/5p2/3Pn3/PBP2QPP/1P3PK1/3RR3,True,0.033,1,2392,5,0
4rrk1/pp3p1p/2pq2p1/5p2/3Pn3/PBPQ2PP/1P3PK1/3RR3,False,0.01,8,2339,5,0
4rrk1/pp3p2/2pq2p1/5p1p/3Pn3/PBPQ2PP/1P3PK1/3RR3,True,0.011,11,2392,5,0
4rrk1/pp3p2/2pq2p1/5p1p/3Pn3/PBP1Q1PP/1P3PK1/3RR3,False,0.0,11,2339,5,0
4rr2/pp3pk1/2pq2p1/5p1p/3Pn3/PBP1Q1PP/1P3PK1/3RR3,True,0.0019999999999999983,3,2392,5,0
4rr2/pp3pk1/2pq2p1/5p1p/3Pn2P/PBP1Q1P1/1P3PK1/3RR3,False,0.0,5,2339,5,0
4rr2/pp3pk1/2pq1np1/5p1p/3P3P/PBP1Q1P1/1P3PK1/3RR3,True,0.029000000000000005,5,2392,5,0
4rr2/pp3pk1/2pq1np1/5p1p/3P3P/PBP2QP1/1P3PK1/3RR3,False,0.028,7,2339,5,0
4rr2/pp3pk1/2pq2p1/5p1p/3P2nP/PBP2QP1/1P3PK1/3RR3,True,0.025,4,2392,5,0
4rr2/pp3pk1/2pq2p1/3P1p1p/6nP/PBP2QP1/1P3PK1/3RR3,False,0.445,12,2339,5,0
4rr2/pp3pk1/3q2p1/2pP1p1p/6nP/PBP2QP1/1P3PK1/3RR3,True,0.019,15,2392,5,0
4rr2/pp3pk1/3q2p1/2pP1p1p/6nP/PBPQ2P1/1P3PK1/3RR3,False,0.019,20,2339,5,0
4rr2/pp3pk1/3q2p1/2pP3p/5pnP/PBPQ2P1/1P3PK1/3RR3,True,0.003,9,2392,5,0
4rr2/pp3pk1/3q2p1/2pP3p/2P2pnP/PB1Q2P1/1P3PK1/3RR3,False,0.062,38,2339,5,0
4rr2/pp3pk1/3q2p1/2pPn2p/2P2p1P/PB1Q2P1/1P3PK1/3RR3,True,0.0,31,2392,5,0
4rr2/pp3pk1/3q2p1/2pPn2p/2P2p1P/PBQ3P1/1P3PK1/3RR3,False,0.0,7,2339,5,0
4rr2/pp3pk1/3q2p1/2pPn2p/2P4P/PBQ2pP1/1P3PK1/3RR3,True,0.0,5,2392,5,0
4rr2/pp3pk1/3q2p1/2pPn2p/2P4P/PBQ2pP1/1P3P2/3RR1K1,False,0.493,1,2339,5,0
4rr2/pp4k1/3q1pp1/2pPn2p/2P4P/PBQ2pP1/1P3P2/3RR1K1,True,0.754,4,2392,5,0
4rr2/pp4k1/3q1pp1/2pPn2p/2P4P/P1Q2pP1/1PB2P2/3RR1K1,False,0.122,3,2339,5,0
4rr2/pp1q2k1/5pp1/2pPn2p/2P4P/P1Q2pP1/1PB2P2/3RR1K1,True,0.0,9,2392,5,0
4rr2/pp1q2k1/5pp1/2pPn2p/2P1B2P/P1Q2pP1/1P3P2/3RR1K1,False,0.0,8,2339,5,0
4rr2/pp4k1/5pp1/2pPn2p/2P1B1qP/P1Q2pP1/1P3P2/3RR1K1,True,0.06999999999999995,3,2392,5,0
4rr2/pp4k1/5pp1/2pPn2p/2P1B1qP/P1Q1RpP1/1P3P2/3R2K1,False,0.039000000000000035,26,2339,5,0
4rr2/pp6/5ppk/2pPn2p/2P1B1qP/P1Q1RpP1/1P3P2/3R2K1,True,0.015000000000000013,16,2392,5,0
4rr2/pp6/5ppk/2pPn2p/2P3qP/P1Q1RBP1/1P3P2/3R2K1,False,0.0,11,2339,5,0
4rr2/pp6/5ppk/2pPn2p/2q4P/P1Q1RBP1/1P3P2/3R2K1,True,0.0,2,2392,5,0
4rr2/pp6/5ppk/2pPn2p/2q4P/P1Q1R1P1/1P3PB1/3R2K1,False,0.02300000000000002,6,2339,5,0
4rr2/pp6/5ppk/2pPn2p/7P/P1q1R1P1/1P3PB1/3R2K1,True,0.0,2,2392,5,0
4rr2/pp6/5ppk/2pPn2p/7P/P1R3P1/1P3PB1/3R2K1,False,0.0,1,2339,5,0
4rr2/p7/1p3ppk/2pPn2p/7P/P1R3P1/1P3PB1/3R2K1,True,0.52,1,2392,5,0
4rr2/p7/1p1P1ppk/2p1n2p/7P/P1R3P1/1P3PB1/3R2K1,False,0.825,1,2339,5,0
3r1r2/p7/1p1P1ppk/2p1n2p/7P/P1R3P1/1P3PB1/3R2K1,True,0.0,4,2392,5,0
3r1r2/p7/1p1P1ppk/2p1n2p/5P1P/P1R3P1/1P4B1/3R2K1,False,0.0,11,2339,5,0
3r1r2/p7/1p1P1ppk/2p4p/5PnP/P1R3P1/1P4B1/3R2K1,True,0.09699999999999998,10,2392,5,0
3r1r2/p2P4/1p3ppk/2p4p/5PnP/P1R3P1/1P4B1/3R2K1,False,0.0,3,2339,5,0
3r4/p2P1r2/1p3ppk/2p4p/5PnP/P1R3P1/1P4B1/3R2K1,True,0.0,5,2392,5,0
r2qk2r/pbpn1ppp/1p1bpn2/3p2B1/3P4/2PBPN2/PP2QPPP/RN2K2R,True,0.0,2,2275,5,0
r2qk2r/pbpn1ppp/1p1bpn2/3p2B1/3P4/2PBPN2/PP1NQPPP/R3K2R,False,0.095,2,2203,5,0
r2q1rk1/pbpn1ppp/1p1bpn2/3p2B1/3P4/2PBPN2/PP1NQPPP/R3K2R,True,0.004,2,2275,5,0
r2q1rk1/pbpn1ppp/1p1bpn2/3p2B1/3P4/2PBPN2/PP1NQPPP/R4RK1,False,0.101,1,2203,5,0
r2q1rk1/pb1n1ppp/1p1bpn2/2pp2B1/3P4/2PBPN2/PP1NQPPP/R4RK1,True,0.0,11,2275,5,0
r2q1rk1/pb1n1ppp/1p1bpn2/2pp2B1/3P4/2PBPN1P/PP1NQPP1/R4RK1,False,0.0,4,2203,5,0
r2qr1k1/pb1n1ppp/1p1bpn2/2pp2B1/3P4/2PBPN1P/PP1NQPP1/R4RK1,True,0.007000000000000001,6,2275,5,0
r2qr1k1/pb1n1ppp/1p1bpn2/2pp2B1/3P4/2PBPN1P/PP1NQPP1/2R2RK1,False,0.0,2,2203,5,0
r2qr1k1/pb1n1ppp/1p1b1n2/2ppp1B1/3P4/2PBPN1P/PP1NQPP1/2R2RK1,True,0.0,1,2275,5,0
r2qr1k1/pb3ppp/1p1b1n2/2ppn1B1/8/2PBPN1P/PP1NQPP1/2R2RK1,True,0.025,1,2275,5,0
r2qr1k1/pb3ppp/1p3n2/2ppb1B1/8/2PBP2P/PP1NQPP1/2R2RK1,True,0.023,1,2275,5,0
r2qr1k1/pb3ppp/1p3n2/2ppb1B1/8/2PBPN1P/PP2QPP1/2R2RK1,False,0.0,5,2203,5,0
r2qr1k1/pb3ppp/1p1b1n2/2pp2B1/8/2PBPN1P/PP2QPP1/2R2RK1,True,0.003999999999999999,6,2275,5,0
r2qr1k1/pb3ppp/1p1b1n2/2pp2B1/8/2PBPN1P/PP2QPP1/2RR2K1,False,0.0,7,2203,5,0
r2qr1k1/pb3pp1/1p1b1n1p/2pp2B1/8/2PBPN1P/PP2QPP1/2RR2K1,True,0.032,4,2275,5,0
r2qr1k1/pb3pp1/1p1b1n1p/2pp4/7B/2PBPN1P/PP2QPP1/2RR2K1,False,0.0,7,2203,5,0
r2qr1k1/pb3p2/1p1b1n1p/2pp2p1/7B/2PBPN1P/PP2QPP1/2RR2K1,True,0.0,1,2275,5,0
r2qr1k1/pb3p2/1p1b1n1p/2pp2p1/8/2PBPNBP/PP2QPP1/2RR2K1,False,0.021000000000000005,2,2203,5,0
r2qr1k1/pb3p2/1p3n1p/2pp2p1/8/2PBPNbP/PP2QPP1/2RR2K1,True,0.0,1,2275,5,0
r2qr1k1/pb3p2/1p3n1p/2pp2p1/8/2PBPNPP/PP2Q1P1/2RR2K1,False,0.004,1,2203,5,0
r3r1k1/pbq2p2/1p3n1p/2pp2p1/8/2PBPNPP/PP2Q1P1/2RR2K1,True,0.0,4,2275,5,0
r3r1k1/pbq2p2/1p3n1p/2pp2p1/8/2PBPNPP/PP3QP1/2RR2K1,False,0.0,16,2203,5,0
r3r1k1/pbq2p2/1p5p/2pp2p1/4n3/2PBPNPP/PP3QP1/2RR2K1,True,0.0,11,2275,5,0
r5k1/pbq2p2/1p5p/2pp2p1/4r3/2P1PNPP/PP3QP1/2RR2K1,True,0.0,11,2275,5,0
r5k1/pbq2p2/1p5p/2pp2p1/4r3/2P1P1PP/PP1N1QP1/2RR2K1,False,0.0,8,2203,5,0
r5k1/pbq2p2/1p2r2p/2pp2p1/8/2P1P1PP/PP1N1QP1/2RR2K1,True,0.0,28,2275,5,0
r5k1/pbq2p2/1p2r2p/2pp2p1/8/2P1P1PP/PP1N1QP1/2R2RK1,False,0.0,5,2203,5,0
4r1k1/pbq2p2/1p2r2p/2pp2p1/8/2P1P1PP/PP1N1QP1/2R2RK1,True,0.0,6,2275,5,0
4r1k1/pbq2p2/1p2r2p/2pp2p1/8/2P1P1PP/PP1N1QP1/4RRK1,False,0.0,57,2203,5,0
4r1k1/p1q2p2/bp2r2p/2pp2p1/8/2P1P1PP/PP1N1QP1/4RRK1,True,0.0,2,2275,5,0
4r1k1/p1q2p2/bp2r2p/2pp2p1/2P5/4P1PP/PP1N1QP1/4RRK1,False,0.0,13,2203,5,0
r1bq1b1r/ppp3pp/2n1k3/3np3/2B5/5Q2/PPPP1PPP/RNB1K2R,True,0.0,10,2052,5,0
r1bq1b1r/ppp3pp/2n1k3/3np3/2B5/2N2Q2/PPPP1PPP/R1B1K2R,False,0.0,4,2034,5,0
r1bq1b1r/ppp1n1pp/4k3/3np3/2B5/2N2Q2/PPPP1PPP/R1B1K2R,True,0.004,22,2052,5,0
r1bq1b1r/ppp1n1pp/4k3/3np3/2BP4/2N2Q2/PPP2PPP/R1B1K2R,False,0.0,27,2034,5,0
r1b2b1r/ppp1n1pp/3qk3/3np3/2BP4/2N2Q2/PPP2PPP/R1B1K2R,True,0.151,31,2052,5,0
r1b2b1r/ppp1n1pp/3qk3/3np3/2BP4/2N2Q2/PPP2PPP/R1B2RK1,False,0.0,10,2034,5,0
r1b2b1r/pp2n1pp/2pqk3/3np3/2BP4/2N2Q2/PPP2PPP/R1B2RK1,True,0.0,5,2052,5,0
r1b2b1r/pp2n1pp/2pqk3/3np3/2BP4/2N2Q2/PPP2PPP/R1B1R1K1,False,0.0,11,2034,5,0
r1b2b1r/pp1kn1pp/2pq4/3np3/2BP4/2N2Q2/PPP2PPP/R1B1R1K1,True,0.19899999999999995,13,2052,5,0
r1b2b1r/pp1kn1pp/2pq4/3nP3/2B5/2N2Q2/PPP2PPP/R1B1R1K1,False,0.0,9,2034,5,0
r1b2b1r/pp1kn1pp/2p5/2qnP3/2B5/2N2Q2/PPP2PPP/R1B1R1K1,True,0.0,21,2052,5,0
r1b1kb1r/pp2n1pp/2p1P3/2qn4/2B5/2N2Q2/PPP2PPP/R1B1R1K1,True,0.0,30,2052,5,0
r1bk1b1r/pp2nQpp/2p1P3/2qn4/2B5/2N5/PPP2PPP/R1B1R1K1,True,0.0,2,2052,5,0
r1bk1b1r/pp2nQpp/2p1P3/2qB4/8/2N5/PPP2PPP/R1B1R1K1,False,0.0,21,2034,5,0
r1bk1b1r/pp2nQpp/4P3/2qp4/8/2N5/PPP2PPP/R1B1R1K1,True,0.0,1,2052,5,0
r1bk1b1r/pp2nQpp/4P3/2qp4/8/2N1B3/PPP2PPP/R3R1K1,False,0.0,21,2034,5,0
r1bk1b1r/pp2nQpp/3qP3/3p4/8/2N1B3/PPP2PPP/R3R1K1,True,0.07499999999999996,23,2052,5,0
r1bk1b1r/pp2nQpp/3qP3/3p2B1/8/2N5/PPP2PPP/R3R1K1,False,0.0,14,2034,5,0
r1bk1b1r/pp2nQp1/3qP2p/3p2B1/8/2N5/PPP2PPP/R3R1K1,True,0.0,4,2052,5,0
r1bk3r/pp2bQp1/3qP2p/3p4/8/2N5/PPP2PPP/R3R1K1,True,0.0,2,2052,5,0
r1bk3r/pp2bQp1/3qP2p/3N4/8/8/PPP2PPP/R3R1K1,False,0.0,30,2034,5,0
r1bk3r/pp2bQ2/3qP2p/3N2p1/8/8/PPP2PPP/R3R1K1,True,0.0,7,2052,5,0
r1bk3r/pp2NQ2/3qP2p/6p1/8/8/PPP2PPP/R3R1K1,False,0.0,7,2034,5,0
r1bk3r/pp2qQ2/4P2p/6p1/8/8/PPP2PPP/R3R1K1,True,0.0,1,2052,5,0
rnbqkb1r/pp3ppp/2p2n2/3p2B1/3P4/2N2N2/PPP2PPP/R2QKB1R,True,0.0,3,2251,5,0
rnbqkb1r/pp3ppp/2p2n2/3p2B1/3P4/2NB1N2/PPP2PPP/R2QK2R,False,0.0,5,2042,5,0
rnbqk2r/pp3ppp/2pb1n2/3p2B1/3P4/2NB1N2/PPP2PPP/R2QK2R,True,0.023000000000000007,2,2251,5,0
rnb1k2r/pp2qppp/2pb1n2/3p2B1/3P4/2NB1N2/PPP1QPPP/R3K2R,True,0.0,2,2251,5,0
rnb1k2r/pp2qppp/2pb1n2/3p2B1/3P4/2NB1N2/PPP1QPPP/2KR3R,False,0.02400000000000002,1,2042,5,0
rnb1k2r/pp3ppp/2pb1n2/3p2B1/3P4/2NB1N2/PPP1qPPP/2KR3R,True,0.0,5,2251,5,0
rnb1k2r/pp3ppp/2pb1n2/3p2B1/3P4/2N2N2/PPP1BPPP/2KR3R,False,0.04099999999999998,9,2042,5,0
r1b1k2r/pp1n1ppp/2pb1n2/3p2B1/3P4/2N2N2/PPP1BPPP/2KR3R,True,0.03999999999999998,4,2251,5,0
r1b1k2r/pp1n1ppp/2pb1n2/3p2B1/3P4/2N2N2/PPP1BPPP/2KRR3,False,0.095,1,2042,5,0
r1b2rk1/pp1n1ppp/2pb1n2/3p2B1/3P4/2N2N2/PPP1BPPP/2KRR3,True,0.0,3,2251,5,0
r1b2rk1/pp1n1ppp/2pb1n2/3p2B1/3P4/2N2N1P/PPP1BPP1/2KRR3,False,0.0030000000000000027,17,2042,5,0
r1b2rk1/pp1n1pp1/2pb1n1p/3p2B1/3P4/2N2N1P/PPP1BPP1/2KRR3,True,0.0,6,2251,5,0
r1b2rk1/pp1n1pp1/2pb1B1p/3p4/3P4/2N2N1P/PPP1BPP1/2KRR3,False,0.0,2,2042,5,0
r1b2rk1/pp3pp1/2pb1n1p/3p4/3P4/2N2N1P/PPP1BPP1/2KRR3,True,0.0,1,2251,5,0
r1b2rk1/pp3pp1/2pb1n1p/3pN3/3P4/2N4P/PPP1BPP1/2KRR3,False,0.0,4,2042,5,0
r4rk1/pp3pp1/2pb1n1p/3pNb2/3P4/2N4P/PPP1BPP1/2KRR3,True,0.0,8,2251,5,0
r4rk1/pp3pp1/2pb1n1p/3pNb2/3P2P1/2N4P/PPP1BP2/2KRR3,False,0.0,6,2042,5,0
r4rk1/pp3ppb/2pb1n1p/3pN3/3P2P1/2N4P/PPP1BP2/2KRR3,True,0.003,1,2251,5,0
r4rk1/pp3ppb/2pb1n1p/3pN3/3P2P1/2N2B1P/PPP2P2/2KRR3,False,0.001,3,2042,5,0
r3r1k1/pp3ppb/2pb1n1p/3pN3/3P2P1/2N2B1P/PPP2P2/2KRR3,True,0.0,6,2251,5,0
r3r1k1/pp3ppb/2pb1n1p/3pN3/3P2P1/2N4P/PPP2PB1/2KRR3,False,0.0,3,2042,5,0
3rr1k1/pp3ppb/2pb1n1p/3pN3/3P2P1/2N4P/PPP2PB1/2KRR3,True,0.0,1,2251,5,0
3rr1k1/pp3ppb/2pb1n1p/3pN3/3P1PP1/2N4P/PPP3B1/2KRR3,False,0.002,10,2042,5,0
3rr1k1/pp3ppb/2p2n1p/3pN3/1b1P1PP1/2N4P/PPP3B1/2KRR3,True,0.0,6,2251,5,0
3rr1k1/pp3ppb/2p2n1p/3p4/1b1P1PP1/2NN3P/PPP3B1/2KRR3,False,0.0,2,2042,5,0
3rr1k1/pp3ppb/2p2n1p/3p4/3P1PP1/2PN3P/P1P3B1/2KRR3,False,0.007,2,2042,5,0
3rr1k1/pp3ppb/2p4p/3p4/3PnPP1/2PN3P/P1P3B1/2KRR3,True,0.014,6,2251,5,0
3rr1k1/pp3ppb/2p4p/3p4/3PBPP1/2PN3P/P1P5/2KRR3,False,0.0,2,2042,5,0
3rr1k1/pp3pp1/2p4p/3p4/3PbPP1/2PN3P/P1P5/2KRR3,True,0.004,2,2251,5,0
3rr1k1/pp3pp1/2p4p/3p4/3PbPP1/2PN3P/P1PK4/3RR3,False,0.0,4,2042,5,0
3rr1k1/pp3pp1/2p4p/3p4/3P1PP1/2PN3P/P1PK2b1/3RR3,True,0.001,12,2251,5,0
3rr1k1/pp3pp1/2p4p/3p4/3P1PP1/2P4P/P1PK1Nb1/3RR3,False,0.0,10,2042,5,0
3rr1k1/pp3pp1/2p5/3p3p/3P1PP1/2P4P/P1PK1Nb1/3RR3,True,0.0,4,2251,5,0
3rr1k1/pp3pp1/2p5/3pR2p/3P1PP1/2P4P/P1PK1Nb1/3R4,False,0.0,7,2042,5,0
3rr1k1/pp3pp1/2p5/3pR3/3P1Pp1/2P4P/P1PK1Nb1/3R4,True,0.0,2,2251,5,0
3rr1k1/pp3pp1/2p5/3pR3/3P1PP1/2P5/P1PK1Nb1/3R4,False,0.0,2,2042,5,0
3rr1k1/pp3pp1/2p5/3pR3/3P1PP1/2P2b2/P1PK1N2/3R4,True,0.0,2,2251,5,0
3rr1k1/pp3pp1/2p5/3pR3/3P1PP1/2P2b2/P1PK1N2/4R3,False,0.0,3,2042,5,0
3rrk2/pp3pp1/2p5/3pR3/3P1PP1/2P2b2/P1PK1N2/4R3,True,0.0,5,2251,5,0
4rk2/pp3pp1/2p5/3p4/3P1PP1/2P2b2/P1PK1N2/4R3,True,0.0009999999999999974,2,2251,5,0
4k3/pp3pp1/2p5/3p4/3P1PP1/2P1Kb2/P1P2N2/8,False,0.0,1,2042,5,0
4k3/pp3pp1/2p5/3p4/3P1PP1/2P1K3/P1P2Nb1/8,True,0.009000000000000001,3,2251,5,0
4k3/pp3pp1/2p5/3p4/3P1PP1/2PNK3/P1P3b1/8,False,0.0,7,2042,5,0
4k3/p4pp1/1pp5/3p4/3P1PP1/2PNK3/P1P3b1/8,True,0.023,4,2251,5,0
4k3/p4pp1/1pp5/3p4/1N1P1PP1/2P1K3/P1P3b1/8,False,0.0,2,2042,5,0
8/p2k1pp1/1pp5/3p4/1N1P1PP1/2P1K3/P1P3b1/8,True,0.007,1,2251,5,0
8/p2k1pp1/1pp5/3p4/3P1PP1/2PNK3/P1P3b1/8,False,0.0,3,2042,5,0
8/p2k2p1/1pp2p2/3p4/3P1PP1/2PNK3/P1P3b1/8,True,0.008000000000000002,3,2251,5,0
8/p2k2p1/1pp2p2/3p2P1/3P1P2/2PNK3/P1P3b1/8,False,0.0,2,2042,5,0
8/p2k2p1/1pp2p2/3p2P1/3PbP2/2PNK3/P1P5/8,True,0.0,1,2251,5,0
8/p2k2p1/1pp2P2/3p4/3PbP2/2PNK3/P1P5/8,False,0.0,2,2042,5,0
8/p2k4/1pp2p2/3p4/3PbP2/2PNK3/P1P5/8,True,0.0,2,2251,5,0
8/p2k4/1pp2p2/3p4/3PbP2/2P1K3/P1P5/4N3,False,0.001,3,2042,5,0
8/p7/1pp1kp2/3p4/3PbP2/2P1K3/P1P5/4N3,True,0.003,1,2251,5,0
8/p7/1pp1kp2/3p4/2PPbP2/4K3/P1P5/4N3,False,0.0,6,2042,5,0
8/p7/1pp1kp2/3p1b2/2PP1P2/4K3/P1P5/4N3,True,0.0,18,2251,5,0
rnb1k2r/ppq3pp/2pbpn2/3p1p2/3P4/BP1BPN2/P1P2PPP/RN1Q1RK1,True,0.0,1,2148,5,0
rnb1k2r/ppq3pp/2pBpn2/3p1p2/3P4/1P1BPN2/P1P2PPP/RN1Q1RK1,False,0.0,1,2040,5,0
rnb1k2r/pp4pp/2pqpn2/3p1p2/3P4/1P1BPN2/P1P2PPP/RN1Q1RK1,True,0.0,2,2148,5,0
rnb1k2r/pp4pp/2pqpn2/3p1p2/2PP4/1P1BPN2/P4PPP/RN1Q1RK1,False,0.0,7,2040,5,0
rnb2rk1/pp4pp/2pqpn2/3p1p2/2PP4/1P1BPN2/P4PPP/RN1Q1RK1,True,0.316,1,2148,5,0
rnb2rk1/pp4pp/2pqpn2/3p1p2/2PP4/1PNBPN2/P4PPP/R2Q1RK1,False,0.28,2,2040,5,0
rnb2rk1/1p4pp/p1pqpn2/3p1p2/2PP4/1PNBPN2/P4PPP/R2Q1RK1,True,0.29700000000000004,3,2148,5,0
rnb2rk1/1p4pp/p1pqpn2/3p1p2/P1PP4/1PNBPN2/5PPP/R2Q1RK1,False,0.0,2,2040,5,0
r1b2rk1/1p1n2pp/p1pqpn2/3p1p2/P1PP4/1PNBPN2/5PPP/R2Q1RK1,True,0.0,1,2148,5,0
r1b2rk1/1p1n2pp/p1pqpn2/3p1p2/P1PP4/1PNBPN2/2Q2PPP/R4RK1,False,0.008000000000000007,3,2040,5,0
r1b2rk1/1p1n2pp/p1pqp3/3p1p2/P1PPn3/1PNBPN2/2Q2PPP/R4RK1,True,0.0,5,2148,5,0
r1b2rk1/1p1n2pp/p1pqp3/2Pp1p2/P2Pn3/1PNBPN2/2Q2PPP/R4RK1,False,0.0,4,2040,5,0
r1b2rk1/1pqn2pp/p1p1p3/2Pp1p2/P2Pn3/1PNBPN2/2Q2PPP/R4RK1,True,0.565,2,2148,5,0
r1b2rk1/1pqn2pp/p1p1p3/2Pp1p2/PP1Pn3/2NBPN2/2Q2PPP/R4RK1,False,0.0,1,2040,5,0
r1b2rk1/1pqn2pp/p1p1p3/2Pp4/PP1Pnp2/2NBPN2/2Q2PPP/R4RK1,True,0.0,4,2148,5,0
r1b2rk1/1pqn2pp/p1p1p3/2Pp4/PP1PNp2/3BPN2/2Q2PPP/R4RK1,False,0.0,4,2040,5,0
r1b2rk1/1pqn2pp/p1p1p3/2P5/PP1Ppp2/3BPN2/2Q2PPP/R4RK1,True,0.0,1,2148,5,0
r1b2rk1/1pqn2pp/p1p1p3/2P5/PP1PBp2/4PN2/2Q2PPP/R4RK1,False,0.0,1,2040,5,0
r1b2rk1/1pqn2pp/p1p1p3/2P5/PP1PB3/4pN2/2Q2PPP/R4RK1,True,0.0,2,2148,5,0
r1b2rk1/1pqn2pp/p1p1p3/2P5/PP1PB3/4PN2/2Q3PP/R4RK1,False,0.0,6,2040,5,0
r1b2rk1/1pq3pp/p1p1pn2/2P5/PP1PB3/4PN2/2Q3PP/R4RK1,True,0.0,2,2148,5,0
r1b2rk1/1pq3pp/p1p1pn2/2P5/PP1P4/3BPN2/2Q3PP/R4RK1,False,0.0,1,2040,5,0
r4rk1/1pqb2pp/p1p1pn2/2P5/PP1P4/3BPN2/2Q3PP/R4RK1,True,0.0,4,2148,5,0
r4rk1/1pqb2pp/p1p1pn2/2P1N3/PP1P4/3BP3/2Q3PP/R4RK1,False,0.0,16,2040,5,0
3r1rk1/1pqb2pp/p1p1pn2/2P1N3/PP1P4/3BP3/2Q3PP/R4RK1,True,0.0,20,2148,5,0
3r1rk1/1pqb2pp/p1p1pn2/2P1N3/PP1P4/3BPR2/2Q3PP/R5K1,False,0.0,10,2040,5,0
3rbrk1/1pq3pp/p1p1pn2/2P1N3/PP1P4/3BPR2/2Q3PP/R5K1,True,0.0,7,2148,5,0
3rbrk1/1pq3pp/p1p1pn2/2P1N3/PP1P4/3BPR2/2Q3PP/5RK1,False,0.0,6,2040,5,0
3rbrk1/1p2q1pp/p1p1pn2/2P1N3/PP1P4/3BPR2/2Q3PP/5RK1,True,0.0,26,2148,5,0
3rbrk1/1p2q1pp/p1p1pn2/1PP1N3/P2P4/3BPR2/2Q3PP/5RK1,False,0.0,13,2040,5,0
3r1rk1/1p2q1pp/p1p1pn2/1PP1N2b/P2P4/3BPR2/2Q3PP/5RK1,True,0.01100000000000001,2,2148,5,0
3r1rk1/1p2q1pp/p1p1pn2/1PP1N2b/P2P4/3BP3/2Q2RPP/5RK1,False,0.0,5,2040,5,0
3r1rk1/1p2q1pp/p3pn2/1pP1N2b/P2P4/3BP3/2Q2RPP/5RK1,True,0.0,2,2148,5,0
3r1rk1/1p2q1pp/p3pn2/1PP1N2b/3P4/3BP3/2Q2RPP/5RK1,False,0.0,2,2040,5,0
3r1rk1/1p2q1pp/4pn2/1pP1N2b/3P4/3BP3/2Q2RPP/5RK1,True,0.0,1,2148,5,0
3r1rk1/1p2q1pp/4pn2/1BP1N2b/3P4/4P3/2Q2RPP/5RK1,False,0.0,2,2040,5,0
3r1rk1/1p2q1pp/4p3/1BPnN2b/3P4/4P3/2Q2RPP/5RK1,True,0.0,46,2148,5,0
3r1rk1/1p2q1pp/4p3/1BPnN2b/3P4/1Q2P3/5RPP/5RK1,False,0.0,4,2040,5,0
3r2k1/1p2q1pp/4p3/1BPnN2b/3P4/1Q2P3/5rPP/5RK1,True,0.0,1,2148,5,0
3r2k1/1p2q1pp/4p3/1BPnN2b/3P4/1Q2P3/5RPP/6K1,False,0.15600000000000003,5,2040,5,0
3r2k1/1p4pp/4p3/1BPnN1qb/3P4/1Q2P3/5RPP/6K1,True,0.0,70,2148,5,0
3r2k1/1p4pp/4p3/2PnN1qb/2BP4/1Q2P3/5RPP/6K1,False,0.0,17,2040,5,0
3r2k1/1p4pp/4p3/2P1N1qb/2BP4/1Q2n3/5RPP/6K1,True,0.0,2,2148,5,0
3r3k/1p4pp/4B3/2P1N1qb/3P4/1Q2n3/5RPP/6K1,True,0.0,29,2148,5,0
3r3k/1Q4pp/4B3/2P1N1qb/3P4/4n3/5RPP/6K1,False,0.0,14,2040,5,0
3r3k/1Q4pp/4B3/2P1N1qb/3P4/8/5RPP/3n2K1,True,0.06899999999999999,78,2148,5,0
3r3k/1Q4pp/4B3/2P3qb/3P4/5N2/5RPP/3n2K1,False,0.0,10,2040,5,0
r1bqk2r/pppp1pp1/5n1p/4p1B1/2BnP3/8/PPP2PPP/RN1Q1RK1,True,0.020999999999999998,2,2256,5,0
r1bqk2r/pppp1pp1/5n1p/4p3/2BnP2B/8/PPP2PPP/RN1Q1RK1,False,0.0,16,2284,5,0
r1bqk2r/ppp2pp1/3p1n1p/4p3/2BnP2B/8/PPP2PPP/RN1Q1RK1,True,0.0,2,2256,5,0
r1bqk2r/ppp2pp1/3p1n1p/4p3/2BnPP1B/8/PPP3PP/RN1Q1RK1,False,0.27899999999999997,17,2284,5,0
r2qk2r/ppp2pp1/3p1n1p/4p3/2BnPPbB/8/PPP3PP/RN1Q1RK1,True,0.0,25,2256,5,0
r2qk2r/ppp2pp1/3p1n1p/4p3/2BnPPbB/8/PPPQ2PP/RN3RK1,False,0.42100000000000004,43,2284,5,0
r3k2r/ppp1qpp1/3p1n1p/4p3/2BnPPbB/8/PPPQ2PP/RN3RK1,True,0.0,6,2256,5,0
r3k2r/ppp1qpp1/3p1n1p/4P3/2BnP1bB/8/PPPQ2PP/RN3RK1,False,0.0,3,2284,5,0
r3k2r/ppp1qpp1/5n1p/4p3/2BnP1bB/8/PPPQ2PP/RN3RK1,True,0.03,21,2256,5,0
r3k2r/ppp1qpp1/5n1p/4p3/2BnP1bB/2P5/PP1Q2PP/RN3RK1,False,0.0,13,2284,5,0
r3k2r/ppp2pp1/5n1p/2q1p3/2BnP1bB/2P5/PP1Q2PP/RN3RK1,True,0.91,5,2256,5,0
r3k2r/ppp2pp1/5n1p/2q1p3/2BPP1bB/8/PP1Q2PP/RN3RK1,False,0.0,4,2284,5,0
r3k2r/ppp2pp1/5n1p/4p3/2qPP1bB/8/PP1Q2PP/RN3RK1,True,0.059000000000000004,4,2256,5,0
r3k2r/ppp2pp1/5n1p/4P3/2q1P1bB/8/PP1Q2PP/RN3RK1,False,0.0,6,2284,5,0
r3k2r/ppp2pp1/7p/4P3/2q1n1bB/8/PP1Q2PP/RN3RK1,True,0.0,10,2256,5,0
r3k2r/ppp2pp1/7p/4P3/2q1nQbB/8/PP4PP/RN3RK1,False,0.0,63,2284,5,0
r3k2r/ppp2pp1/7p/4P3/2q1nQ1B/8/PP2b1PP/RN3RK1,True,0.019000000000000003,27,2256,5,0
r3k2r/ppp2pp1/7p/4P3/2q1nQ1B/8/PP2b1PP/RNR3K1,False,0.0,25,2284,5,0
r3k2r/ppp2pp1/7p/4P3/3qnQ1B/8/PP2b1PP/RNR3K1,True,0.0,2,2256,4,0
r3k2r/ppp2pp1/7p/4P3/3qnQ2/8/PP2bBPP/RNR3K1,False,0.0,15,2284,5,0
r3k2r/ppp2pp1/7p/4P3/4nQ2/8/PP2bqPP/RNR3K1,True,0.0,3,2256,2,0
r3k2r/ppp2pp1/7p/4P3/4n3/8/PP2bQPP/RNR3K1,False,0.0,1,2284,5,0
r3k2r/ppp2pp1/7p/4P3/8/8/PP2bnPP/RNR3K1,True,0.0,1,2256,5,0
r3k2r/ppp2pp1/7p/4P3/8/8/PP2bKPP/RNR5,False,0.0,14,2284,5,0
r3k2r/ppp2pp1/b6p/4P3/8/8/PP3KPP/RNR5,True,0.0,3,2256,5,0
r3k2r/ppR2pp1/b6p/4P3/8/8/PP3KPP/RN6,False,0.0,1,2284,5,0
r4rk1/ppR2pp1/b6p/4P3/8/8/PP3KPP/RN6,True,0.0,3,2256,5,0
r4rk1/ppR2pp1/b6p/4P3/8/2N5/PP3KPP/R7,False,0.0,25,2284,5,0
2r2rk1/ppR2pp1/b6p/4P3/8/2N5/PP3KPP/R7,True,0.022,6,2256,5,0
2r2rk1/pp1R1pp1/b6p/4P3/8/2N5/PP3KPP/R7,False,0.0,11,2284,5,0
2r1r1k1/pp1R1pp1/b6p/4P3/8/2N5/PP3KPP/R7,True,0.0,6,2256,5,0
2r1r1k1/pp1R1pp1/b6p/4P3/8/2N5/PP3KPP/4R3,False,0.001,12,2284,5,0
3rr1k1/pp1R1pp1/b6p/4P3/8/2N5/PP3KPP/4R3,True,0.014,23,2256,5,0
3rr1k1/pp1R1pp1/b3P2p/8/8/2N5/PP3KPP/4R3,False,0.0,9,2284,5,0
3rr1k1/pp1R2p1/b3p2p/8/8/2N5/PP3KPP/4R3,True,0.001,3,2256,5,0
3Rr1k1/pp4p1/b3p2p/8/8/2N5/PP3KPP/4R3,False,0.0,4,2284,5,0
3r2k1/pp4p1/b3p2p/8/8/2N5/PP3KPP/4R3,True,0.0,1,2256,5,0
3r2k1/pp4p1/b3R2p/8/8/2N5/PP3KPP/8,False,0.0,2,2284,5,0
6k1/pp4p1/b3R2p/8/8/2N5/PP1r1KPP/8,True,0.0,3,2256,5,0
6k1/pp4p1/b3R2p/8/8/2N3K1/PP1r2PP/8,False,0.0,25,2284,5,0
6k1/pp4p1/b3R2p/8/8/2N3K1/Pr4PP/8,True,0.0,7,2256,5,0
4R3/pp3kp1/b6p/8/8/2N3K1/Pr4PP/8,True,0.0,2,2256,5,0
R7/pp3kp1/b6p/8/8/2N3K1/Pr4PP/8,False,0.0,15,2284,5,0
R7/pp3kp1/7p/8/8/2N3K1/Pr4PP/5b2,True,0.0,5,2256,5,0
8/Rp3kp1/7p/8/8/2N3K1/Pr4PP/5b2,False,0.0,2,2284,5,0
8/Rp3kp1/7p/8/8/2N3K1/P5rP/5b2,True,0.0,5,2256,4,0
8/Rp3kp1/7p/8/8/2N2K2/P5rP/5b2,False,0.0,16,2284,5,0
8/Rp3kp1/7p/8/8/2N2K2/Pr5P/5b2,True,0.0,10,2256,5,0
8/Rp3kp1/7p/8/7P/2N2K2/Pr6/5b2,False,0.0,3,2284,5,0
8/Rp3kp1/7p/8/7P/2N2K2/Pr4b1/8,True,0.0,3,2256,4,0
8/Rp3kp1/7p/8/7P/2N3K1/Pr4b1/8,False,0.0,1,2284,5,0
8/Rp3kp1/2b4p/8/7P/2N3K1/Pr6/8,True,0.0,3,2256,5,0
8/Rp3kp1/2b4p/8/P6P/2N3K1/1r6/8,False,0.0,4,2284,5,0
rnbqnrk1/p1p1ppbp/1p1p2p1/4P3/3P1B2/2N5/PPPQ1PPP/2KR1BNR,True,0.19299999999999995,12,2041,5,0
rnbqnrk1/p1p1ppbp/1p1p2p1/4P3/3P1B2/2N2N2/PPPQ1PPP/2KR1B1R,False,0.006000000000000005,30,2105,5,0
rnbqnrk1/p3ppbp/1p1p2p1/2p1P3/3P1B2/2N2N2/PPPQ1PPP/2KR1B1R,True,0.0,92,2041,5,0
rnbqnrk1/p3ppbp/1p1P2p1/2p5/3P1B2/2N2N2/PPPQ1PPP/2KR1B1R,False,0.0,27,2105,5,0
rnbqnrk1/p3ppbp/1p1P2p1/8/3p1B2/2N2N2/PPPQ1PPP/2KR1B1R,True,0.0,29,2041,5,0
rnbqnrk1/p3Ppbp/1p4p1/8/3p1B2/2N2N2/PPPQ1PPP/2KR1B1R,False,0.0,30,2105,5,0
rnb1nrk1/p3qpbp/1p4p1/8/3p1B2/2N2N2/PPPQ1PPP/2KR1B1R,True,0.0,13,2041,5,0
rnb1nrk1/p3qpbp/1p4p1/8/3N1B2/2N5/PPPQ1PPP/2KR1B1R,False,0.0,51,2105,5,0
rnb2rk1/p1n1qpbp/1p4p1/8/3N1B2/2N5/PPPQ1PPP/2KR1B1R,True,0.0,47,2041,5,0
rnb2rk1/p1n1qpbp/1p4pB/8/3N4/2N5/PPPQ1PPP/2KR1B1R,False,0.0,54,2105,5,0
rnbr2k1/p1n1qpbp/1p4pB/8/3N4/2N5/PPPQ1PPP/2KR1B1R,True,0.0,10,2041,5,0
rnbr4/p1n1qpkp/1p4p1/8/3N4/2N5/PPPQ1PPP/2KR1B1R,True,0.0,25,2041,5,0
rn1r4/p1n1qpkp/1p4p1/5b2/8/2N5/PPPQ1PPP/2KR1B1R,True,0.0,9,2041,5,0
rn1Q4/p1n1qpkp/1p4p1/5b2/8/2N5/PPP2PPP/2KR1B1R,False,0.0,101,2105,5,0
rn1Q4/p1n2pkp/1p4p1/2q2b2/8/2N5/PPP2PPP/2KR1B1R,True,0.0,26,2041,5,0
rn6/p1n2pkp/1p4p1/5b2/3R4/2N5/PPP2PPP/2K2B1R,False,0.0,6,2105,5,0
r7/p1n2pkp/1pn3p1/5b2/3R4/2N5/PPP2PPP/2K2B1R,True,0.0,26,2041,5,0
r7/p1n2pkp/1pn3p1/5b2/2R5/2N5/PPP2PPP/2K2B1R,False,0.0,36,2105,5,0
r7/p1nb1pkp/1pn3p1/8/2R5/2N5/PPP2PPP/2K2B1R,True,0.0,2,2041,5,0
r7/p1nb1pkp/1pn3p1/8/2R5/2NB4/PPP2PPP/2K4R,False,0.0,29,2105,5,0
r7/p2b1pkp/1pn1n1p1/8/2R5/2NB4/PPP2PPP/2K4R,True,0.0,8,2041,5,0
r7/p2b1pkp/1pn1n1p1/8/2R1B3/2N5/PPP2PPP/2K4R,False,0.0,45,2105,5,0
r7/p2b1pkp/1p2n1p1/4n3/2R1B3/2N5/PPP2PPP/2K4R,True,0.0,32,2041,5,0
B7/p2b1pkp/1p2n1p1/4n3/2R5/2N5/PPP2PPP/2K4R,False,0.0,1,2105,5,0
B7/p2b1pkp/1p2n1p1/8/2n5/2N5/PPP2PPP/2K4R,True,0.0,8,2041,5,0
B7/p2b1pkp/1p2n1p1/8/2n5/2N5/PPP2PPP/2KR4,False,0.0,17,2105,5,0
B1b5/p4pkp/1p2n1p1/8/2n5/2N5/PPP2PPP/2KR4,True,0.0,5,2041,5,0
2b5/p4pkp/1p2n1p1/3B4/2n5/2N5/PPP2PPP/2KR4,False,0.0,20,2105,5,0
2b5/p4pkp/1p2n1p1/3Bn3/8/2N5/PPP2PPP/2KR4,True,0.0,17,2041,5,0
8/p4pkp/1p2b1p1/4n3/8/2N5/PPP2PPP/2KR4,True,0.0,19,2041,5,0
8/p4pkp/1p2b1p1/4n3/8/2N2P2/PPP3PP/2KR4,False,0.0,5,2105,5,0
8/5pkp/pp2b1p1/4n3/8/2N2P2/PPP3PP/2KR4,True,0.0,12,2041,5,0
8/5pkp/pp1Rb1p1/4n3/8/2N2P2/PPP3PP/2K5,False,0.0,6,2105,5,0
8/5pkp/p2Rb1p1/1p2n3/8/2N2P2/PPP3PP/2K5,True,0.0,4,2041,5,0
8/5pkp/R3b1p1/4n3/1p6/2N2P2/PPP3PP/2K5,True,0.0,8,2041,5,0
8/5pkp/R3b1p1/4n3/1p2N3/5P2/PPP3PP/2K5,False,0.0,5,2105,5,0
8/5pkp/R3b1p1/8/1pn1N3/5P2/PPP3PP/2K5,True,0.0,13,2041,5,0
8/5pkp/2R1b1p1/8/1pn1N3/5P2/PPP3PP/2K5,False,0.0,3,2105,5,0
8/5pkp/2R1b1p1/8/1p2N3/4nP2/PPP3PP/2K5,True,0.0,12,2041,5,0
8/5pkp/2R1b1p1/8/1p2N3/4nPP1/PPP4P/2K5,False,0.0,3,2105,5,0
8/5pkp/2R1b1p1/8/1p2N3/5PP1/PPP4P/2K2n2,True,0.0,13,2041,5,0
8/5pkp/2R1b1p1/6N1/1p6/5PP1/PPP4P/2K2n2,False,0.0,2,2105,5,0
8/5pkp/2R3p1/6N1/1p6/5PP1/bPP4P/2K2n2,True,0.0,3,2041,5,0
8/5pkp/2R3p1/6N1/1p6/1P3PP1/b1P4P/2K2n2,False,0.0,6,2105,5,0
8/5pk1/2R3pp/6N1/1p6/1P3PP1/b1P4P/2K2n2,True,0.0,5,2041,5,0
8/5pk1/2R3pp/8/1p2N3/1P3PP1/b1P4P/2K2n2,False,0.0,4,2105,5,0
8/5pk1/2R3pp/8/1p2N3/1P3PP1/b1P4n/2K5,True,0.0,3,2041,5,0
8/5pk1/2R3pp/8/1p2NP2/1P4P1/b1P4n/2K5,False,0.0,4,2105,5,0
8/5pk1/2R3pp/8/1p2NP2/1P3nP1/b1P5/2K5,True,0.0,4,2041,5,0
8/5pk1/2R3pp/8/1p2NP2/1P3nP1/bKP5/8,False,0.0,1,2105,5,0
8/5pk1/2R3pp/8/1p2NP2/1b3nP1/1KP5/8,True,0.0,2,2041,5,0
8/5pk1/2R3pp/8/1p2NP2/1P3nP1/1K6/8,False,0.0,3,2105,5,0
8/5pk1/2R3pp/8/1p1nNP2/1P4P1/1K6/8,True,0.0,7,2041,5,0
8/2R2pk1/6pp/8/1p1nNP2/1P4P1/1K6/8,False,0.0,3,2105,5,0
8/2R2pk1/6pp/5n2/1p2NP2/1P4P1/1K6/8,True,0.0,2,2041,5,0
rnbq1rk1/pp2bppp/2p2n2/3p4/8/2NP1NP1/PP2PPBP/R1BQK2R,True,0.0,5,2035,5,0
rnbq1rk1/pp2bppp/2p2n2/3p4/5B2/2NP1NP1/PP2PPBP/R2QK2R,False,0.001,5,2030,5,0
r1bq1rk1/pp1nbppp/2p2n2/3p4/5B2/2NP1NP1/PP2PPBP/R2QK2R,True,0.001,2,2035,5,0
r1bq1rk1/pp1nbppp/2p2n2/3p4/5B2/2NP1NP1/PP2PPBP/R2Q1RK1,False,0.0,4,2030,5,0
r1bqr1k1/pp1nbppp/2p2n2/3p4/5B2/2NP1NP1/PP2PPBP/R2Q1RK1,True,0.0,12,2035,5,0
r1bqr1k1/pp1nbppp/2p2n2/3p4/5B2/2NPPNP1/PP3PBP/R2Q1RK1,False,0.0,7,2030,5,0
r1bqr1k1/pp2bppp/2p2n2/2np4/5B2/2NPPNP1/PP3PBP/R2Q1RK1,True,0.0,3,2035,5,0
r1bqr1k1/pp2bppp/2p2n2/2np4/3P1B2/2N1PNP1/PP3PBP/R2Q1RK1,False,0.0,1,2030,5,0
r1bqr1k1/pp2bppp/2p1nn2/3p4/3P1B2/2N1PNP1/PP3PBP/R2Q1RK1,True,0.0,4,2035,5,0
r1bqr1k1/pp2bppp/2p1nn2/3pB3/3P4/2N1PNP1/PP3PBP/R2Q1RK1,False,0.005999999999999999,11,2030,5,0
r1bqr1k1/pp1nbppp/2p1n3/3pB3/3P4/2N1PNP1/PP3PBP/R2Q1RK1,True,0.006,14,2035,5,0
r1bqr1k1/pp1nbppp/2p1n3/3pB3/3P2P1/2N1PN2/PP3PBP/R2Q1RK1,False,0.0,1,2030,5,0
r1bqr1k1/pp1nb1pp/2p1np2/3pB3/3P2P1/2N1PN2/PP3PBP/R2Q1RK1,True,0.0,1,2035,5,0
r1bqr1k1/pp1nb1pp/2p1np2/3p4/3P2P1/2N1PNB1/PP3PBP/R2Q1RK1,False,0.0,11,2030,5,0
r1bqrnk1/pp2b1pp/2p1np2/3p4/3P2P1/2N1PNB1/PP3PBP/R2Q1RK1,True,0.027000000000000003,2,2035,5,0
r1bqrnk1/pp2b1pp/2p1np2/3p4/3P2P1/2N1PNBP/PP3PB1/R2Q1RK1,False,0.27999999999999997,9,2030,5,0
r1b1rnk1/pp2b1pp/1qp1np2/3p4/3P2P1/2N1PNBP/PP3PB1/R2Q1RK1,True,0.0,11,2035,5,0
r1b1rnk1/pp2b1pp/1qp1np2/3p4/3P2P1/1QN1PNBP/PP3PB1/R4RK1,False,0.0,7,2030,5,0
r1b1rnk1/pp2b1pp/2p1np2/3p4/3P2P1/1PN1PNBP/1P3PB1/R4RK1,False,0.0,5,2030,5,0
r1b1rnk1/1p2b1pp/p1p1np2/3p4/3P2P1/1PN1PNBP/1P3PB1/R4RK1,True,0.185,12,2035,5,0
r1b1rnk1/1p2b1pp/p1p1np2/3p4/N2P2P1/1P2PNBP/1P3PB1/R4RK1,False,0.0,12,2030,5,0
r1b1r1k1/1p1nb1pp/p1p1np2/3p4/N2P2P1/1P2PNBP/1P3PB1/R4RK1,True,0.14100000000000001,30,2035,5,0
r1b1r1k1/1p1nb1pp/p1p1np2/3p4/N2P2P1/1P2PNBP/1P3PB1/R1R3K1,False,0.09199999999999997,23,2030,5,0
r1b1r1k1/1p1nb1p1/p1p1np1p/3p4/N2P2P1/1P2PNBP/1P3PB1/R1R3K1,True,0.07900000000000001,9,2035,5,0
r1b1r1k1/1p1nb1p1/p1p1np1p/3p4/3P2P1/1PN1PNBP/1P3PB1/R1R3K1,False,0.119,3,2030,5,0
r1b1r1k1/1p1nb1p1/p1p2p1p/3p2n1/3P2P1/1PN1PNBP/1P3PB1/R1R3K1,True,0.0,4,2035,5,0
r1b1r1k1/1p1nb1p1/p1p2p1p/3p2N1/3P2P1/1PN1P1BP/1P3PB1/R1R3K1,False,0.0,7,2030,5,0
r1b1r1k1/1p1nb1p1/p1p4p/3p2p1/3P2P1/1PN1P1BP/1P3PB1/R1R3K1,True,0.15400000000000003,30,2035,5,0
r1b1r1k1/1p1nb1p1/p1p4p/3p2p1/N2P2P1/1P2P1BP/1P3PB1/R1R3K1,False,0.006000000000000005,60,2030,5,0
r1bbr1k1/1p1n2p1/p1p4p/3p2p1/N2P2P1/1P2P1BP/1P3PB1/R1R3K1,True,0.0,9,2035,5,0
r1bbr1k1/1p1n2p1/p1pB3p/3p2p1/N2P2P1/1P2P2P/1P3PB1/R1R3K1,False,0.093,5,2030,5,0
r1bbr1k1/1p4p1/p1pB1n1p/3p2p1/N2P2P1/1P2P2P/1P3PB1/R1R3K1,True,0.654,10,2035,5,0
r1bbr1k1/1p4p1/p1p2n1p/2Bp2p1/N2P2P1/1P2P2P/1P3PB1/R1R3K1,False,0.0,8,2030,5,0
r1bbr1k1/1p4p1/p1p4p/2Bp2p1/N2Pn1P1/1P2P2P/1P3PB1/R1R3K1,True,0.0,6,2035,5,0
r1bb2k1/1p4p1/p1p4p/2Bp2p1/N2Pr1P1/1P2P2P/1P3P2/R1R3K1,True,0.289,3,2035,5,0
r1bb2k1/1p4p1/pNp4p/2Bp2p1/3Pr1P1/1P2P2P/1P3P2/R1R3K1,False,0.0,10,2030,5,0
r1b3k1/1p4p1/pbp4p/2Bp2p1/3Pr1P1/1P2P2P/1P3P2/R1R3K1,True,0.0,2,2035,5,0
r1b3k1/1p4p1/pBp4p/3p2p1/3Pr1P1/1P2P2P/1P3P2/R1R3K1,False,0.078,6,2030,5,0
r1b3k1/1p4p1/pBp5/3p2pp/3Pr1P1/1P2P2P/1P3P2/R1R3K1,True,0.0,2,2035,5,0
r1b3k1/1p4p1/pBp5/3p2pP/3Pr3/1P2P2P/1P3P2/R1R3K1,False,0.0,4,2030,5,0
r5k1/1p4p1/pBp5/3p2pP/3Pr3/1P2P2b/1P3P2/R1R3K1,True,0.0,9,2035,5,0
r5k1/1p4p1/pBp5/3p2pP/3Pr3/1P2P2b/1P3P1K/R1R5,False,0.0,38,2030,5,0
r5k1/1p1b2p1/pBp5/3p2pP/3Pr3/1P2P3/1P3P1K/R1R5,True,0.0,9,2035,5,0
r5k1/1p1b2p1/pBp5/3p2pP/3Pr3/1P2P1K1/1P3P2/R1R5,False,0.0,2,2030,5,0
r5k1/1p1b2p1/pBp5/3p2pP/3P2r1/1P2P1K1/1P3P2/R1R5,True,0.0,3,2035,3,0
r5k1/1p1b2p1/pBp5/3p2pP/3P2r1/1P2PK2/1P3P2/R1R5,False,0.018,10,2030,5,0
5rk1/1p1b2p1/pBp5/3p2pP/3P2r1/1P2PK2/1P3P2/R1R5,True,0.0,3,2035,1,0
5rk1/1p1b2p1/pBp5/3p2pP/3P2r1/1P2P3/1P2KP2/R1R5,False,0.0,2,2030,5,0
5rk1/1p1b2p1/pBp5/3p2pP/3P3r/1P2P3/1P2KP2/R1R5,True,0.0,3,2035,5,0
5rk1/1p1b2p1/pBp5/3p2pP/3P3r/1P2P3/1P2KP2/R6R,False,0.0,2,2030,5,0
5rk1/1p4p1/pBp5/3p2pP/3P2br/1P2P3/1P2KP2/R6R,True,0.0,3,2035,5,0
5rk1/1p4p1/pBp5/3p2pP/3P2br/1P2P3/1P1K1P2/R6R,False,0.0,1,2030,5,0
6k1/1p4p1/pBp5/3p2pP/3P2br/1P2P3/1P1K1r2/R6R,True,0.0,7,2035,4,0
6k1/1p4p1/pBp5/3p2pP/3P2br/1PK1P3/1P3r2/R6R,False,0.0,4,2030,5,0
6k1/1p4p1/pBp5/3p2pP/3P2b1/1PK1P3/1P3r1r/R6R,True,0.0,5,2035,5,0
6k1/1p4p1/pBp5/3p2pP/3P2b1/1PK1P3/1P5r/R7,True,0.0,4,2035,5,0
6k1/1p4p1/pBp5/3p2pP/3P2b1/1PK1P3/1P5r/6R1,False,0.0,15,2030,5,0
6k1/1p4p1/pBp5/3p2pb/3P4/1PK1P3/1P5r/6R1,True,0.0,4,2035,5,0
rnbq1rk1/pp3ppp/2pb1p2/8/3P4/5N1P/PPP2PP1/R1BQKB1R,True,0.0,7,2107,5,0
rnbq1rk1/pp3ppp/2pb1p2/8/3P4/5N1P/PPP1BPP1/R1BQK2R,False,0.004,4,2025,5,0
rn1q1rk1/pp3ppp/2pbbp2/8/3P4/5N1P/PPP1BPP1/R1BQK2R,True,0.0,2,2107,5,0
rn1q1rk1/pp3ppp/2pbbp2/8/3P4/5N1P/PPP1BPP1/R1BQ1RK1,False,0.0,1,2025,5,0
rn3rk1/pp1q1ppp/2pbbp2/8/3P4/5N1P/PPP1BPP1/R1BQ1RK1,True,0.10899999999999999,155,2107,5,0
rn3rk1/pp1q1ppp/2pbbp2/8/3P4/3Q1N1P/PPP1BPP1/R1B2RK1,False,0.040999999999999995,20,2025,5,0
rn3rk1/pp1q1ppp/2pb1p2/8/3P4/3Q1N1b/PPP1BPP1/R1B2RK1,True,0.0,2,2107,5,0
rn3rk1/pp1q1ppp/2pb1p2/8/3P4/3Q1N1P/PPP1BP2/R1B2RK1,False,0.0,2,2025,5,0
rn3rk1/pp3ppp/2pb1p2/8/3P4/3Q1N1q/PPP1BP2/R1B2RK1,True,0.967,22,2107,5,0
rn3rk1/pp3ppp/2pb1p2/8/3PQ3/5N1q/PPP1BP2/R1B2RK1,False,0.0,17,2025,5,0
r4rk1/pp1n1ppp/2pb1p2/8/3PQ3/5N1q/PPP1BP2/R1B2RK1,True,0.0,7,2107,5,0
r4rk1/pp1n1ppp/2pb1p2/8/3P3Q/5N1q/PPP1BP2/R1B2RK1,False,0.0,21,2025,5,0
r4rk1/pp1n1ppp/2pbqp2/8/3P3Q/5N2/PPP1BP2/R1B2RK1,True,0.0,12,2107,5,0
r4rk1/pp1n1ppp/2pbqp2/8/3P3Q/3B1N2/PPP2P2/R1B2RK1,False,0.0,10,2025,5,0
r4rk1/pp1n1p1p/2pbqpp1/8/3P3Q/3B1N2/PPP2P2/R1B2RK1,True,0.0,55,2107,5,0
r4rk1/pp1n1p1p/2pbqpp1/8/3P3Q/3B1N2/PPP2P2/R1B1R1K1,False,0.0,11,2025,5,0
r4rk1/pp1n1p1p/2pb1pp1/3q4/3P3Q/3B1N2/PPP2P2/R1B1R1K1,True,0.0,5,2107,5,0
r4rk1/pp1n1p1p/2pb1pp1/3q4/3PB2Q/5N2/PPP2P2/R1B1R1K1,False,0.0,14,2025,5,0
r4rk1/pp1n1p1p/2pb1pp1/q7/3PB2Q/5N2/PPP2P2/R1B1R1K1,True,0.0,23,2107,5,0
r4rk1/pp1n1p1p/2pb1pp1/q7/3PB2Q/5N2/PPPB1P2/R3R1K1,False,0.0,7,2025,5,0
r4rk1/pp1n1p1p/1qpb1pp1/8/3PB2Q/5N2/PPPB1P2/R3R1K1,True,0.0,21,2107,5,0
r4rk1/pp1n1p1p/1qpb1pp1/8/3PB2Q/5N2/PPPB1PK1/R3R3,False,0.0,13,2025,5,0
4rrk1/pp1n1p1p/1qpb1pp1/8/3PB2Q/5N2/PPPB1PK1/R3R3,True,0.0,13,2107,5,0
4rrk1/pp1n1p1p/1qpb1pp1/8/3PB2Q/5N2/PPPB1PK1/R6R,False,0.0,14,2025,5,0
4rrk1/pp1n1p2/1qpb1pp1/7p/3PB2Q/5N2/PPPB1PK1/R6R,True,0.0,49,2107,5,0
4rrk1/pp1n1p2/1qpb1ppB/7p/3PB2Q/5N2/PPP2PK1/R6R,False,0.0,81,2025,5,0
5rk1/pp1n1p2/1qpb1ppB/7p/3Pr2Q/5N2/PPP2PK1/R6R,True,0.0,11,2107,5,0
5rk1/pp1n1p2/1qpb1ppB/7p/3PQ3/5N2/PPP2PK1/R6R,False,0.0,2,2025,5,0
5rk1/pp1n1p2/1qpb2pB/5p1p/3PQ3/5N2/PPP2PK1/R6R,True,0.0,26,2107,5,0
5rk1/pp1n1p2/1qpb2pB/5p1p/3P3Q/5N2/PPP2PK1/R6R,False,0.0,4,2025,5,0
4r1k1/pp1n1p2/1qpb2pB/5p1p/3P3Q/5N2/PPP2PK1/R6R,True,0.888,4,2107,5,0
4r1k1/pp1n1p2/1qpb2pB/5p1p/3P3Q/5N2/PPP2PK1/4R2R,False,0.0,15,2025,5,0
3qr1k1/pp1n1p2/2pb2pB/5p1p/3P3Q/5N2/PPP2PK1/4R2R,True,0.0,12,2107,5,0
4q1k1/pp1n1p2/2pb2pB/5p1p/3P3Q/5N2/PPP2PK1/7R,True,0.0,2,2107,5,0
4q1k1/pp1n1p2/2pb2pB/5p1p/3P3Q/5N2/PPP2PK1/4R3,False,0.0,5,2025,5,0
2q3k1/pp1n1p2/2pb2pB/5p1p/3P3Q/5N2/PPP2PK1/4R3,True,0.0,11,2107,5,0
2q3k1/pp1n1p2/2pb2pB/4Np1p/3P3Q/8/PPP2PK1/4R3,False,0.0,7,2025,5,0
2q3k1/pp1n1p2/2p3pB/4bp1p/3P3Q/8/PPP2PK1/4R3,True,0.0,3,2107,5,0
2q3k1/pp1n1p2/2p3pB/4Pp1p/7Q/8/PPP2PK1/4R3,False,0.0,6,2025,5,0
2q5/pp1n1p1k/2p3pB/4Pp1p/7Q/8/PPP2PK1/4R3,True,0.0,28,2107,5,0
2q5/pp1n1p1k/2p3p1/4Pp1p/5B1Q/8/PPP2PK1/4R3,False,0.0,5,2025,5,0
4q3/pp1n1p1k/2p3p1/4Pp1p/5B1Q/8/PPP2PK1/4R3,True,0.0,50,2107,5,0
4q3/pp1n1p1k/2p3p1/4Pp1p/7Q/8/PPPB1PK1/4R3,False,0.0,3,2025,5,0
8/pp1n1p1k/2p1q1p1/4Pp1p/7Q/8/PPPB1PK1/4R3,True,0.0,3,2107,5,0
8/pp1n1p1k/2p1q1p1/4Pp1p/7Q/2B5/PPP2PK1/4R3,False,0.0,10,2025,5,0
8/pp3p1k/2p1q1p1/2n1Pp1p/7Q/2B5/PPP2PK1/4R3,True,0.0,7,2107,5,0
8/pp3p1k/2p1qQp1/2n1Pp1p/8/2B5/PPP2PK1/4R3,False,0.0,6,2025,5,0
8/pp3p1k/2p2qp1/2n1Pp1p/8/2B5/PPP2PK1/4R3,True,0.0,1,2107,5,0
8/pp3p1k/2p2Pp1/2n2p1p/8/2B5/PPP2PK1/4R3,False,0.0,2,2025,5,0
8/pp3p1k/2p2Pp1/5p1p/4n3/2B5/PPP2PK1/4R3,True,0.0,3,2107,5,0
8/pp3p1k/2p2Pp1/5p1p/4R3/2B5/PPP2PK1/8,False,0.0,4,2025,5,0
8/pp3p1k/2p2Pp1/7p/4p3/2B5/PPP2PK1/8,True,0.06000000000000005,2,2107,5,0
8/pp3p1k/2p2Pp1/7p/4p3/2B3K1/PPP2P2/8,False,0.0,1,2025,5,0
8/pp3p1k/2p2P2/6pp/4p3/2B3K1/PPP2P2/8,True,0.24500000000000005,1,2107,5,0
8/pp3p1k/2p2P2/6pp/4p3/6K1/PPPB1P2/8,False,0.0,1,2025,5,0
8/pp3p2/2p2Pk1/6pp/4p3/6K1/PPPB1P2/8,True,0.0,5,2107,5,0
8/pp3p2/2p2Pk1/6pp/4p3/2B3K1/PPP2P2/8,False,0.16899999999999993,2,2025,5,0
8/pp3p2/2p2P2/5kpp/4p3/2B3K1/PPP2P2/8,True,0.26600000000000007,7,2107,5,0
8/pp3p2/2p2P2/5kpp/4p3/2B2PK1/PPP5/8,False,0.0,7,2025,5,0
8/pp3p2/2p2P2/5kpp/8/2B2pK1/PPP5/8,True,0.0,1,2107,5,0
rnbq1rk1/pp2ppbp/5np1/2p5/2Pp4/3P1NP1/PP1NPPBP/R1BQ1RK1,True,0.014,8,2354,5,0
rnbq1rk1/pp2ppbp/5np1/2p5/1PPp4/3P1NP1/P2NPPBP/R1BQ1RK1,False,0.0,13,2502,5,0
rnbq1rk1/pp2ppbp/5np1/8/1pPp4/3P1NP1/P2NPPBP/R1BQ1RK1,True,0.0,3,2354,5,0
rnbq1rk1/pp2ppbp/5np1/8/1pPp4/P2P1NP1/3NPPBP/R1BQ1RK1,False,0.0,18,2502,5,0
r1bq1rk1/pp2ppbp/2n2np1/8/1pPp4/P2P1NP1/3NPPBP/R1BQ1RK1,True,0.0,6,2354,5,0
r1bq1rk1/pp2ppbp/2n2np1/8/1PPp4/3P1NP1/3NPPBP/R1BQ1RK1,False,0.0,3,2502,5,0
r1bq1rk1/pp2ppbp/5np1/8/1nPp4/B2P1NP1/3NPPBP/R2Q1RK1,False,0.0,1,2502,5,0
r1bq1rk1/pp2ppbp/2n2np1/8/2Pp4/B2P1NP1/3NPPBP/R2Q1RK1,True,0.007000000000000001,4,2354,5,0
r1bq1rk1/pp2ppbp/2n2np1/8/2Pp4/BN1P1NP1/4PPBP/R2Q1RK1,False,0.027,4,2502,5,0
r1bqr1k1/pp2ppbp/2n2np1/8/2Pp4/BN1P1NP1/4PPBP/R2Q1RK1,True,0.029,5,2354,5,0
r1bqr1k1/pp2ppbp/2n2np1/8/2Pp4/BN1P1NP1/2Q1PPBP/R4RK1,False,0.0,4,2502,5,0
r1bqr1k1/pp3pbp/2n2np1/4p3/2Pp4/BN1P1NP1/2Q1PPBP/R4RK1,True,0.0,1,2354,5,0
r1bqr1k1/pp3pbp/2n2np1/4p3/2Pp4/BN1P2P1/2QNPPBP/R4RK1,False,0.0,8,2502,5,0
r2qr1k1/pp3pbp/2n2np1/4p3/2Pp2b1/BN1P2P1/2QNPPBP/R4RK1,True,0.0,14,2354,5,0
r2qr1k1/pp3pbp/2n2np1/4p3/2PpN1b1/BN1P2P1/2Q1PPBP/R4RK1,False,0.0,7,2502,5,0
r2qr1k1/pp3pbp/2n3p1/4p3/2PpB1b1/BN1P2P1/2Q1PP1P/R4RK1,False,0.14200000000000002,17,2502,5,0
r2qr1k1/pp4bp/2n3p1/4pp2/2PpB1b1/BN1P2P1/2Q1PP1P/R4RK1,True,0.0,1,2354,5,0
r2qr2k/pp4bp/2n3p1/2NBpp2/2Pp2b1/B2P2P1/2Q1PP1P/R4RK1,False,0.0,24,2502,5,0
1r1qr2k/pp4bp/2n3p1/2NBpp2/2Pp2b1/B2P2P1/2Q1PP1P/R4RK1,True,0.0,15,2354,5,0
1r1qr2k/pN4bp/2n3p1/3Bpp2/2Pp2b1/B2P2P1/2Q1PP1P/R4RK1,False,0.0,12,2502,5,0
1r2r2k/pNq3bp/2n3p1/3Bpp2/2Pp2b1/B2P2P1/2Q1PP1P/R4RK1,True,0.017000000000000015,89,2354,5,0
1r2r2k/p1q3bp/2nN2p1/3Bpp2/2Pp2b1/B2P2P1/2Q1PP1P/R4RK1,False,0.0,21,2502,5,0
1r1r3k/p1q3bp/2nN2p1/3Bpp2/2Pp2b1/B2P2P1/2Q1PP1P/R4RK1,True,0.0,9,2354,5,0
1r1r2k1/p1q2Nbp/2n3p1/3Bpp2/2Pp2b1/B2P2P1/2Q1PP1P/R4RK1,True,0.0,2,2354,5,0
1r1N3k/p1q3bp/2n3p1/3Bpp2/2Pp2b1/B2P2P1/2Q1PP1P/R4RK1,True,0.0,8,2354,5,0
rnbk1b1r/pp2pppp/5P2/8/2p5/2p5/PP3PPP/R1B1KBNR,True,0.0,2,2233,5,0
rnbk3r/pp2bppp/8/8/2p5/2p5/PP3PPP/R1B1KBNR,True,0.0,1,2233,5,0
rnbk3r/pp2bppp/8/8/2p5/2P5/P4PPP/R1B1KBNR,False,0.0,3,2193,5,0
rn1k3r/pp2bppp/4b3/8/2p5/2P5/P4PPP/R1B1KBNR,True,0.0,7,2233,5,0
rn1k3r/pp2bppp/4b3/8/2p5/2P2N2/P4PPP/R1B1KB1R,False,0.0,3,2193,5,0
r2k3r/pp2bppp/2n1b3/8/2p5/2P2N2/P4PPP/R1B1KB1R,True,0.0,3,2233,5,0
r2k3r/pp2bppp/2n1b3/8/2p5/2P2N2/P3BPPP/R1B1K2R,False,0.0,3,2193,5,0
r2k3r/pp3ppp/2n1bb2/8/2p5/2P2N2/P3BPPP/R1B1K2R,True,0.0,28,2233,5,0
r2k3r/pp3ppp/2n1bb2/8/2p5/2P2N2/P2BBPPP/R3K2R,False,0.0,6,2193,5,0
r6r/pp2kppp/2n1bb2/8/2p5/2P2N2/P2BBPPP/R3K2R,True,0.0,2,2233,5,0
r6r/pp2kppp/2n1bb2/8/2p5/2P2N2/P2BBPPP/R4RK1,False,0.0,2,2193,5,0
r2r4/pp2kppp/2n1bb2/8/2p5/2P2N2/P2BBPPP/R4RK1,True,0.0,260,2233,5,0
r2r4/pp2kppp/2n1bb2/8/2p5/2P1BN2/P3BPPP/R4RK1,False,0.0,38,2193,5,0
r2r4/pp2kppp/2n1b3/8/2p5/2b1BN2/P3BPPP/R4RK1,True,0.0,3,2233,5,0
r2rk3/pp3ppp/2n1b3/2B5/2p5/2b2N2/P3BPPP/R4RK1,True,0.0,6,2233,5,0
r2rk3/pp3ppp/2n1b3/2B5/2p5/2b2N2/P3BPPP/2R2RK1,False,0.0,8,2193,5,0
r2rk3/pp3ppp/2n1bb2/2B5/2p5/5N2/P3BPPP/2R2RK1,True,0.0,2,2233,5,0
r2rk3/pp3ppp/2n2b2/2B5/2b5/5N2/P4PPP/2R2RK1,True,0.0,2,2233,5,0
r2rk3/pp3ppp/2n2b2/2B5/2R5/5N2/P4PPP/5RK1,False,0.0,4,2193,5,0
r2rk3/pp2bppp/2n5/2B5/2R5/5N2/P4PPP/5RK1,True,0.001,3,2233,5,0
r2rk3/pp2bppp/2n5/2B5/4R3/5N2/P4PPP/5RK1,False,0.043,2,2193,5,0
r2r1k2/pp2bppp/2n5/2B5/4R3/5N2/P4PPP/5RK1,True,0.0,6,2233,5,0
r2r1k2/pp2nppp/8/8/4R3/5N2/P4PPP/5RK1,True,0.0,1,2233,5,0
r2r1k2/pp2nppp/8/4N3/4R3/8/P4PPP/5RK1,False,0.0,4,2193,5,0
r2r1k2/pp2n1pp/5p2/4N3/4R3/8/P4PPP/5RK1,True,0.0,6,2233,5,0
r2r1k2/pp2n1pp/5p2/8/2N1R3/8/P4PPP/5RK1,False,0.0,1,2193,5,0
r2r1k2/pp4pp/2n2p2/8/2N1R3/8/P4PPP/5RK1,True,0.0,3,2233,5,0
r2r1k2/pp4pp/2n2p2/8/2N1R3/8/P4PPP/4R1K1,False,0.0,1,2193,5,0
r3rk2/pp4pp/2n2p2/8/2N1R3/8/P4PPP/4R1K1,True,0.0,5,2233,5,0
4rk2/pp4pp/2n2p2/8/2N5/8/P4PPP/4R1K1,True,0.0,1,2233,5,0
4k3/pp4pp/2n2p2/8/2N5/8/P4PPP/6K1,True,0.0,1,2233,5,0
8/pp1k2pp/2nN1p2/8/8/8/P4PPP/6K1,True,0.0,1,2233,5,0
8/pN1k2pp/2n2p2/8/8/8/P4PPP/6K1,False,0.0,3,2193,5,0
8/pN1k2pp/5p2/8/1n6/8/P4PPP/6K1,True,0.0,2,2233,5,0
8/pN1k2pp/5p2/8/1n6/P7/5PPP/6K1,False,0.0010000000000000009,6,2193,5,0
8/pN1k2pp/5p2/8/8/P7/2n2PPP/6K1,True,0.0,5,2233,5,0
8/pN1k2pp/5p2/8/P7/8/2n2PPP/6K1,False,0.0,3,2193,5,0
8/pN4pp/2k2p2/8/P7/8/2n2PPP/6K1,True,0.0,2,2233,5,0
3N4/p5pp/5p2/2k5/P7/8/2n2PPP/6K1,True,0.0,1,2233,5,0
8/p5Np/5p2/8/k7/8/2n2PPP/6K1,True,0.0,1,2233,5,0
4N3/p6p/5p2/8/k7/8/2n2PPP/6K1,False,0.0,3,2193,5,0
4N3/p6p/5p2/8/8/1k6/2n2PPP/6K1,True,0.0,3,2233,5,0
8/p6p/5N2/8/8/1k6/2n2PPP/6K1,False,0.006,1,2193,5,0
8/7p/5N2/p7/8/1k6/2n2PPP/6K1,True,0.001,3,2233,5,0
8/7p/8/p7/4N3/1k6/2n2PPP/6K1,False,0.013000000000000001,9,2193,5,0
8/7p/8/p7/2k1N3/8/2n2PPP/6K1,True,0.0,9,2233,5,0
8/7p/8/p7/2k1N3/8/2n2PPP/5K2,False,0.0,1,2193,5,0
8/7p/8/8/p1k1N3/8/2n2PPP/5K2,True,0.0,22,2233,5,0
8/7p/8/8/p7/2k5/2nN1PPP/5K2,True,0.0,4,2233,5,0
rnbq1rk1/pp3pbp/2pp1np1/4p3/2P5/2NP1NP1/PP2PPBP/R1BQ1RK1,True,0.077,1,2101,5,0
rnbq1rk1/pp3pbp/2pp1np1/4p3/2P5/2NP1NP1/PP2PPBP/1RBQ1RK1,False,0.0,1,2150,5,0
rnbq1rk1/1p3pbp/2pp1np1/p3p3/2P5/2NP1NP1/PP2PPBP/1RBQ1RK1,True,0.078,3,2101,5,0
rnbq1rk1/1p3pbp/2pp1np1/p3p3/2P5/P1NP1NP1/1P2PPBP/1RBQ1RK1,False,0.055999999999999994,4,2150,5,0
rnbq1rk1/1p3pb1/2pp1npp/p3p3/2P5/P1NP1NP1/1P2PPBP/1RBQ1RK1,True,0.041999999999999996,1,2101,5,0
rnbq1rk1/1p3pb1/2pp1npp/p3p3/1PP5/P1NP1NP1/4PPBP/1RBQ1RK1,False,0.0,2,2150,5,0
rnbq1rk1/1p3pb1/2pp1npp/4p3/1pP5/P1NP1NP1/4PPBP/1RBQ1RK1,True,0.0,2,2101,5,0
rnbq1rk1/1p3pb1/2pp1npp/4p3/1PP5/2NP1NP1/4PPBP/1RBQ1RK1,False,0.07400000000000001,4,2150,5,0
rn1q1rk1/1p3pb1/2ppbnpp/4p3/1PP5/2NP1NP1/4PPBP/1RBQ1RK1,True,0.0,12,2101,5,0
rn1q1rk1/1p3pb1/2ppbnpp/4p3/1PP5/2NP2P1/3NPPBP/1RBQ1RK1,False,0.038000000000000006,5,2150,5,0
rn3rk1/1pq2pb1/2ppbnpp/4p3/1PP5/2NP2P1/3NPPBP/1RBQ1RK1,True,0.067,1,2101,5,0
rn3rk1/1pq2pb1/2ppbnpp/4p3/1PP1N3/2NP2P1/4PPBP/1RBQ1RK1,False,0.0,7,2150,5,0
r4rk1/1pqn1pb1/2ppbnpp/4p3/1PP1N3/2NP2P1/4PPBP/1RBQ1RK1,True,0.01,16,2101,5,0
r4rk1/1pqn1pb1/2ppbnpp/4p3/1PP1N3/2NP2PP/4PPB1/1RBQ1RK1,False,0.029,1,2150,5,0
r4rk1/1pqn1pb1/2ppb1pp/4p3/1PP1n3/2NP2PP/4PPB1/1RBQ1RK1,True,0.0,3,2101,5,0
r4rk1/1pqn1pb1/2ppb1pp/4p3/1PP1N3/3P2PP/4PPB1/1RBQ1RK1,False,0.006,2,2150,5,0
r4rk1/1pqn2b1/2ppb1pp/4pp2/1PP1N3/3P2PP/4PPB1/1RBQ1RK1,True,0.006999999999999999,9,2101,5,0
r4rk1/1pqn2b1/2ppb1pp/4pp2/1PP5/2NP2PP/4PPB1/1RBQ1RK1,False,0.005999999999999998,11,2150,5,0
r4r2/1pqn2bk/2ppb1pp/4pp2/1PP5/2NP2PP/4PPB1/1RBQ1RK1,True,0.004999999999999999,10,2101,5,0
r4r2/1pq3bk/2ppbnpp/4pp2/1PP5/2NP2PP/3BPPB1/1R1Q1RK1,True,0.0,14,2101,5,0
r4r2/1pq3bk/2ppbnpp/1P2pp2/2P5/2NP2PP/3BPPB1/1R1Q1RK1,False,0.0,6,2150,5,0
r4r2/1pq3bk/2p1bnpp/1P1ppp2/2P5/2NP2PP/3BPPB1/1R1Q1RK1,True,0.0,28,2101,5,0
r4r2/1pq3bk/2P1bnpp/3ppp2/2P5/2NP2PP/3BPPB1/1R1Q1RK1,False,0.0,6,2150,5,0
r4r2/2q3bk/2p1bnpp/3ppp2/2P5/2NP2PP/3BPPB1/1R1Q1RK1,True,0.0,3,2101,5,0
r4r2/2q3bk/2p1bnpp/3Ppp2/8/2NP2PP/3BPPB1/1R1Q1RK1,False,0.0,15,2150,5,0
r4r2/2q3bk/2p1b1pp/3npp2/8/2NP2PP/3BPPB1/1R1Q1RK1,True,0.010000000000000002,14,2101,5,0
r4r2/2q3bk/2p1b1pp/3npp2/8/2NP2PP/2QBPPB1/1R3RK1,False,0.0,13,2150,5,0
r4r2/6bk/2pqb1pp/3npp2/8/2NP2PP/2QBPPB1/1R3RK1,True,0.382,8,2101,5,0
r4r2/6bk/2pqb1pp/3npp2/8/2NP2PP/2QBPPB1/1RR3K1,False,0.16500000000000004,3,2150,5,0
2r2r2/6bk/2pqb1pp/3npp2/N7/3P2PP/2QBPPB1/1RR3K1,False,0.014000000000000012,55,2150,5,0
5r2/2r3bk/2pqb1pp/3npp2/N7/3P2PP/2QBPPB1/1RR3K1,True,0.0040000000000000036,9,2101,5,0
5r2/2r3bk/2pqb1pp/2Nnpp2/8/3P2PP/2QBPPB1/1RR3K1,False,0.009000000000000008,11,2150,5,0
5rb1/2r3bk/2pq2pp/2Nnpp2/8/3P2PP/2QBPPB1/1RR3K1,True,0.37,58,2101,5,0
5rb1/1Rr3bk/2pq2pp/2Nnpp2/8/3P2PP/2QBPPB1/2R3K1,False,0.017000000000000015,22,2150,5,0
2r3b1/1Rr3bk/2pq2pp/2Nnpp2/8/3P2PP/2QBPPB1/2R3K1,True,0.0,26,2101,5,0
2r3b1/1Rr3bk/2pq2pp/B1Nnpp2/8/3P2PP/2Q1PPB1/2R3K1,False,0.0,7,2150,5,0
2r3b1/1r4bk/2pq2pp/B1Nnpp2/8/3P2PP/2Q1PPB1/2R3K1,True,0.0,2,2101,5,0
2r3b1/1N4bk/2pq2pp/B2npp2/8/3P2PP/2Q1PPB1/2R3K1,False,0.0,9,2150,5,0
2r3b1/1N2q1bk/2p3pp/B2npp2/8/3P2PP/2Q1PPB1/2R3K1,True,0.0,37,2101,5,0
2r3b1/4q1bk/2p3pp/B1Nnpp2/8/3P2PP/2Q1PPB1/2R3K1,False,0.30499999999999994,8,2150,5,0
2r3b1/q5bk/2p3pp/B1Nnpp2/8/3P2PP/2Q1PPB1/2R3K1,True,0.247,10,2101,5,0
2r3b1/q5bk/2p3pp/2Nnpp2/8/3P2PP/2QBPPB1/2R3K1,False,0.723,19,2150,5,0
2r2bb1/q6k/2p3pp/2Nnpp2/8/3P2PP/2QBPPBK/2R5,False,0.698,10,2150,5,0
2r3b1/q5bk/2p3pp/2Nnpp2/8/3P2PP/2QBPPBK/2R5,True,0.6689999999999999,25,2101,5,0
2r3b1/q5bk/2p3pp/2Nnpp2/8/3P2PP/2QBPPB1/2R3K1,False,0.723,16,2150,5,0
6b1/q1r3bk/2p3pp/2Nnpp2/8/3P2PP/2QBPPB1/2R3K1,True,0.0,21,2101,5,0
6b1/q1r3bk/2p3pp/2Nnpp2/8/3P2PP/1Q1BPPB1/2R3K1,False,0.0,11,2150,5,0
6b1/q1r3bk/2p3pp/2Nn1p2/4p3/3P2PP/1Q1BPPB1/2R3K1,True,0.0,20,2101,5,0
6b1/q1r3bk/2p3pp/2Nn1p2/3Pp3/6PP/1Q1BPPB1/2R3K1,False,0.0,36,2150,5,0
2r3b1/q5bk/2p3pp/2Nn1p2/3Pp3/6PP/1Q1BPPB1/2R3K1,True,0.0,14,2101,5,0
2r3b1/q5bk/2p3pp/2Nn1p2/3Pp3/4P1PP/1Q1B1PB1/2R3K1,False,0.296,3,2150,5,0
1r4b1/q5bk/2p3pp/2Nn1p2/3Pp3/4P1PP/1Q1B1PB1/2R3K1,True,0.0,21,2101,5,0
1r4b1/q5bk/2p3pp/2Nn1p2/3Pp3/4P1PP/2QB1PB1/2R3K1,False,0.0,3,2150,5,0
2r3b1/q5bk/2p3pp/2Nn1p2/3Pp3/4P1PP/2QB1PB1/2R3K1,True,0.0,9,2101,5,0
2r3b1/q5bk/2p3pp/2Nn1p2/3Pp3/4P1PP/2QB1PBK/2R5,False,0.02100000000000002,9,2150,5,0
2r5/q4bbk/2p3pp/2Nn1p2/3Pp3/4P1PP/2QB1PBK/2R5,True,0.13,11,2101,5,0
2r5/q4bbk/2p3pp/2Nn1p2/3Pp3/2B1P1PP/2Q2PBK/2R5,False,0.099,14,2150,5,0
2r3b1/q5bk/2p3pp/2Nn1p2/3Pp3/2B1P1PP/2Q2PBK/2R5,True,0.094,2,2101,5,0
rn1qkb1r/1pp2pp1/p2p1n1p/3Pp3/4P1b1/3BBN2/PPP2PPP/RN1QK2R,True,0.0,2,2039,5,0
rn1qkb1r/1pp2pp1/p2p1n1p/3Pp3/4P1b1/3BBN2/PPPN1PPP/R2QK2R,False,0.0,5,2030,5,0
rn1qk2r/1pp1bpp1/p2p1n1p/3Pp3/4P1b1/3BBN2/PPPN1PPP/R2QK2R,True,0.0,3,2039,5,0
rn1qk2r/1pp1bpp1/p2p1n1p/3Pp3/4P1b1/3BBN2/PPPN1PPP/R2Q1RK1,False,0.0,7,2030,5,0
r2qk2r/1ppnbpp1/p2p1n1p/3Pp3/4P1b1/3BBN2/PPPN1PPP/R2Q1RK1,True,0.0,4,2039,5,0
r2qk2r/1ppnbpp1/p2p1n1p/3Pp3/1P2P1b1/3BBN2/P1PN1PPP/R2Q1RK1,False,0.361,6,2030,5,0
r2q1rk1/1ppnbpp1/p2p1n1p/3Pp3/1P2P1b1/3BBN2/P1PN1PPP/R2Q1RK1,True,0.36300000000000004,1,2039,5,0
r2q1rk1/1ppnbpp1/p2p1n1p/3Pp3/1PP1P1b1/3BBN2/P2N1PPP/R2Q1RK1,False,0.715,15,2030,5,0
r2qnrk1/1ppnbpp1/p2p3p/3Pp3/1PP1P1b1/3BBN2/P2N1PPP/R2Q1RK1,True,0.891,5,2039,5,0
r2qnrk1/1ppnbpp1/p2p3p/2PPp3/1P2P1b1/3BBN2/P2N1PPP/R2Q1RK1,False,0.7,3,2030,5,0
r2qnrk1/1ppnb1p1/p2p3p/2PPpp2/1P2P1b1/3BBN2/P2N1PPP/R2Q1RK1,True,0.0,4,2039,5,0
r2qnrk1/1ppnb1p1/p1Pp3p/3Ppp2/1P2P1b1/3BBN2/P2N1PPP/R2Q1RK1,False,0.0,18,2030,5,0
r2qnrk1/2pnb1p1/p1pp3p/3Ppp2/1P2P1b1/3BBN2/P2N1PPP/R2Q1RK1,True,0.0,2,2039,5,0
r2qnrk1/2pnb1p1/p1Pp3p/4pp2/1P2P1b1/3BBN2/P2N1PPP/R2Q1RK1,False,0.0,3,2030,5,0
r2qnrk1/2p1b1p1/pnPp3p/4pp2/1P2P1b1/3BBN2/P2N1PPP/R2Q1RK1,True,0.14400000000000002,18,2039,5,0
r2qnrk1/2p1b1p1/pnPp3p/4pP2/1P4b1/3BBN2/P2N1PPP/R2Q1RK1,False,0.008000000000000007,4,2030,5,0
r2qnrk1/2p1b1p1/pnPp3p/4pb2/1P6/3BBN2/P2N1PPP/R2Q1RK1,True,0.0,4,2039,5,0
r2qnrk1/2p1b1p1/pnPp3p/4pB2/1P6/4BN2/P2N1PPP/R2Q1RK1,False,0.0,2,2030,5,0
r2qn1k1/2p1b1p1/pnPp3p/4pr2/1P6/4BN2/P2N1PPP/R2Q1RK1,True,0.0,5,2039,5,0
r2qn1k1/2p1b1p1/pnPp3p/4pr2/1P6/4BN2/P1QN1PPP/R4RK1,False,0.0,20,2030,5,0
r2qn1k1/2p1b1p1/pnPp3p/4p2r/1P6/4BN2/P1QN1PPP/R4RK1,True,0.0010000000000000009,30,2039,5,0
r2qn1k1/2p1b1p1/pnPp3p/4p2r/1P2N3/4BN2/P1Q2PPP/R4RK1,False,0.0,10,2030,5,0
r2q2k1/2p1b1p1/pnPp1n1p/4p2r/1P2N3/4BN2/P1Q2PPP/R4RK1,True,0.0,11,2039,5,0
r2q2k1/2p1b1p1/pnPp1n1p/4p2r/1P6/4BNN1/P1Q2PPP/R4RK1,False,0.0,20,2030,5,0
r2q2k1/2p1b1p1/p1Pp1n1p/3np2r/1P6/4BNN1/P1Q2PPP/R4RK1,True,0.0,17,2039,5,0
r2q2k1/2p1b1p1/p1Pp1n1p/3np2N/1P6/4BN2/P1Q2PPP/R4RK1,False,0.0,2,2030,5,0
r2q2k1/2p1b1p1/p1Pp3p/3np2n/1P6/4BN2/P1Q2PPP/R4RK1,True,0.0,14,2039,5,0
r2q2k1/2p1b1p1/p1Pp3p/3np2n/1P6/5N2/P1QB1PPP/R4RK1,False,0.0,35,2030,5,0
r2q2k1/2p1b1p1/p1Pp3p/4p2n/1P3n2/5N2/P1QB1PPP/R4RK1,True,0.0,53,2039,5,0
r2q2k1/2p1b1p1/p1Pp3p/4p2n/1P3n2/5NP1/P1QB1P1P/R4RK1,False,0.0,34,2030,5,0
r2q2k1/2p1b1p1/p1Pp3p/4p2n/1P6/5NPn/P1QB1P1P/R4RK1,True,0.0,3,2039,2,0
r2q2k1/2p1b1p1/p1Pp3p/4p2n/1P6/5NPn/P1QB1PKP/R4R2,False,0.0,9,2030,5,0
r2q2k1/2p1b1p1/p1Pp3p/4p1nn/1P6/5NP1/P1QB1PKP/R4R2,True,0.0,2,2039,5,0
r2q2k1/2p1b1p1/p1Pp3p/4p1Nn/1P6/6P1/P1QB1PKP/R4R2,False,0.0,5,2030,5,0
r2q2k1/2p3p1/p1Pp3p/4p1bn/1P6/6P1/P1QB1PKP/R4R2,True,0.0,26,2039,5,0
r2q2k1/2p3p1/p1Pp3p/4p1bn/1P6/6P1/P2B1PKP/R1Q2R2,False,0.0,21,2030,5,0
r2q2k1/2p3p1/p1Pp1b1p/4p2n/1P6/6P1/P2B1PKP/R1Q2R2,True,0.0,15,2039,5,0
r2q2k1/2p3p1/p1Pp1b1p/4p2n/1P6/6P1/P2B1PKP/1RQ2R2,False,0.0,12,2030,5,0
r2q2k1/2p3p1/p1P2b1p/3pp2n/1P6/6P1/P2B1PKP/1RQ2R2,True,0.0,3,2039,5,0
r2q2k1/2p3p1/p1P2b1p/3pp2n/1P6/6P1/P2B1PKP/1R1Q1R2,False,0.0,11,2030,5,0
r3q1k1/2p3p1/p1P2b1p/3pp2n/1P6/6P1/P2B1PKP/1R1Q1R2,True,0.0,30,2039,5,0
r3q1k1/2p3p1/p1P2b1p/3pp2n/1P6/6P1/P1QB1PKP/1R3R2,False,0.0,9,2030,5,0
r3q1k1/2p3p1/p1P2b1p/3p3n/1P2p3/6P1/P1QB1PKP/1R3R2,True,0.0020000000000000018,7,2039,5,0
r3q1k1/2p3p1/p1P2b1p/3p3n/1P2p3/4B1P1/P1Q2PKP/1R3R2,False,0.0,6,2030,5,0
r3q1k1/2p3p1/p1P2b1p/7n/1P1pp3/4B1P1/P1Q2PKP/1R3R2,True,0.0,8,2039,5,0
r3q1k1/2p3p1/p1P2b1p/7n/1P1pp3/6P1/P1Q2PKP/1RB2R2,False,0.09899999999999998,3,2030,5,0
r3q1k1/2p3p1/p1P2b1p/7n/1P2p3/3p2P1/P1Q2PKP/1RB2R2,True,0.0,3,2039,5,0
r3q2k/2p3p1/p1P2b1p/7n/1PQ1p3/3p2P1/P4PKP/1RB2R2,True,0.237,30,2039,5,0
r3q2k/2p3p1/p1P2b1p/7n/1PQ1p3/3p2P1/P4PKP/1RB1R3,False,0.0,23,2030,5,0
3rq2k/2p3p1/p1P2b1p/7n/1PQ1p3/3p2P1/P4PKP/1RB1R3,True,0.0,15,2039,5,0
3rq2k/2p3p1/p1P2b1p/7n/1PQ1p3/3p2P1/P2B1PKP/1R2R3,False,0.0,49,2030,5,0
4q2k/2p3p1/p1P2b1p/7n/1PQrp3/3p2P1/P2B1PKP/1R2R3,True,0.0,47,2039,5,0
4q2k/2p3p1/p1P2b1p/2Q4n/1P1rp3/3p2P1/P2B1PKP/1R2R3,False,0.0,15,2030,5,0
7k/2p3p1/p1P2bqp/2Q4n/1P1rp3/3p2P1/P2B1PKP/1R2R3,True,0.0,41,2039,5,0
7k/2p3p1/p1P2bqp/1PQ4n/3rp3/3p2P1/P2B1PKP/1R2R3,False,0.0,11,2030,5,0
7k/2p3p1/2P2bqp/1pQ4n/3rp3/3p2P1/P2B1PKP/1R2R3,True,0.0,7,2039,5,0
7k/2p3p1/2P2bqp/1RQ4n/3rp3/3p2P1/P2B1PKP/4R3,False,0.0,41,2030,5,0
7k/2p3p1/2P2bqp/1RQ4n/3r4/3pp1P1/P2B1PKP/4R3,True,0.892,22,2039,5,0
1R6/2p3pk/2P2bqp/2Q4n/3r4/3pp1P1/P2B1PKP/4R3,True,0.0,13,2039,5,0
r2qkbnr/pp3ppp/2n1p3/3pP3/3P2P1/8/PP3P1P/1RBQKBNR,True,0.0,4,2226,5,0
r2qkbnr/pp3ppp/2n1p3/3pP3/3P2P1/5N2/PP3P1P/1RBQKB1R,False,0.0,18,2120,5,0
r2qk1nr/pp3ppp/2n1p3/3pP3/1b1P2P1/5N2/PP3P1P/1RBQKB1R,True,0.004,3,2226,4,0
r2qk1nr/pp3ppp/2n1p3/3pP3/1b1P2P1/5N2/PP1B1P1P/1R1QKB1R,False,0.137,1,2120,5,0
r3k1nr/pp3ppp/2n1p3/q2pP3/1b1P2P1/5N2/PP1B1P1P/1R1QKB1R,True,0.011000000000000001,2,2226,5,0
r3k1nr/pp3ppp/2n1p3/q2pP3/1b1P2P1/P4N2/1P1B1P1P/1R1QKB1R,False,0.0,2,2120,5,0
r3k1nr/pp3ppp/2n1p3/q2pP3/3P2P1/P4N2/1P1Q1P1P/1R2KB1R,False,0.031,1,2120,5,0
r3k1nr/pp3ppp/2n1p3/3pP3/3P2P1/P4N2/1P1K1P1P/1R3B1R,False,0.006999999999999992,3,2120,5,0
r3k2r/pp2nppp/2n1p3/3pP3/3P2P1/P4N2/1P1K1P1P/1R3B1R,True,0.011,10,2226,5,0
r3k2r/pp2nppp/2n1p3/3pP3/3P2P1/P2B1N2/1P1K1P1P/1R5R,False,0.015,8,2120,5,0
r3k2r/pp3ppp/2n1p1n1/3pP3/3P2P1/P2B1N2/1P1K1P1P/1R5R,True,0.191,7,2226,5,0
r3k2r/pp3ppp/2n1p1n1/3pP3/3P2P1/P2BKN2/1P3P1P/1R5R,False,0.31800000000000006,33,2120,5,0
r3k2r/1p3ppp/p1n1p1n1/3pP3/3P2P1/P2BKN2/1P3P1P/1R5R,True,0.148,3,2226,5,0
r3k2r/1p3ppp/p1n1p1n1/3pP3/3P2P1/P2BKN2/1P3P1P/2R4R,False,0.0,4,2120,5,0
r6r/1p2kppp/p1n1p1n1/3pP3/3P2P1/P2BKN2/1P3P1P/2R4R,True,0.0,6,2226,5,0
r6r/1p2kppp/p1n1p1n1/3pP3/3P2PP/P2BKN2/1P3P2/2R4R,False,0.0,38,2120,5,0
r6r/1p1k1ppp/p1n1p1n1/3pP3/3P2PP/P2BKN2/1P3P2/2R4R,True,0.0020000000000000018,4,2226,5,0
r6r/1p1k1ppp/p1n1p1n1/3pP2P/3P2P1/P2BKN2/1P3P2/2R4R,False,0.0010000000000000009,1,2120,5,0
r6r/1p1knppp/p1n1p3/3pP2P/3P2P1/P2BKN2/1P3P2/2R4R,True,0.0,17,2226,5,0
r6r/1p1knppp/p1n1p2P/3pP3/3P2P1/P2BKN2/1P3P2/2R4R,False,0.0,4,2120,5,0
r6r/1p1knp1p/p1n1p1pP/3pP3/3P2P1/P2BKN2/1P3P2/2R4R,True,0.008000000000000007,9,2226,5,0
r6r/1p1knp1p/p1n1p1pP/3pP1N1/3P2P1/P2BK3/1P3P2/2R4R,False,0.0,4,2120,5,0
5r1r/1p1knp1p/p1n1p1pP/3pP1N1/3P2P1/P2BK3/1P3P2/2R4R,True,0.0,14,2226,5,0
5r1r/1p1knp1p/p1n1p1pP/3pP3/3P2P1/P2BK2N/1P3P2/2R4R,False,0.386,2,2120,5,0
5r1r/1p1kn2p/p1n1pppP/3pP3/3P2P1/P2BK2N/1P3P2/2R4R,True,0.08300000000000007,5,2226,5,0
5r1r/1p1kn2p/p1n1pppP/3pP3/3P1PP1/P2BK2N/1P6/2R4R,False,0.03400000000000003,7,2120,5,0
5r1r/1p1kn2p/p1n1p1pP/3pP3/3P2P1/P2BK2N/1P6/2R4R,False,0.0020000000000000018,19,2120,5,0
2r4r/1p1kn2p/p1n1p1pP/3pP3/3P2P1/P2BK2N/1P6/2R4R,True,0.0,11,2226,5,0
2r4r/1p1kn2p/p1n1p1pP/3pP1N1/3P2P1/P2BK3/1P6/2R4R,False,0.0,12,2120,5,0
5r1r/1p1kn2p/p1n1p1pP/3pP1N1/3P2P1/P2BK3/1P6/2R4R,True,0.0,3,2226,5,0
4kr1r/1p2n2p/p1n1p1pP/3pP1N1/3P2P1/P2BK3/1P6/2R2R2,True,0.0,3,2226,5,0
r1bqkb1r/pp3ppp/2n1p3/3pPn2/1P1p4/P1P2N2/5PPP/RNBQKB1R,True,0.0,2,2077,5,0
r1bqkb1r/pp3ppp/2n1p3/3pPn2/1P1P4/P4N2/5PPP/RNBQKB1R,False,0.0,1,2070,5,0
r1b1kb1r/pp3ppp/1qn1p3/3pPn2/1P1P4/P4N2/5PPP/RNBQKB1R,True,0.0,27,2077,5,0
r1b1kb1r/pp3ppp/1qn1p3/3pPn2/1P1P4/P4N2/1B3PPP/RN1QKB1R,False,0.0,8,2070,5,0
r3kb1r/pp1b1ppp/1qn1p3/3pPn2/1P1P4/P4N2/1B3PPP/RN1QKB1R,True,0.0,15,2077,5,0
r3kb1r/pp1b1ppp/1qn1p3/3pPn2/1P1P2P1/P4N2/1B3P1P/RN1QKB1R,False,0.0,16,2070,5,0
r3kb1r/pp1b1ppp/1qn1p2n/3pP3/1P1P2P1/P4N2/1B3P1P/RN1QKB1R,True,0.08099999999999999,3,2077,5,0
r3kb1r/pp1b1ppp/1qn1p2n/3pP3/1P1P2P1/P4N1P/1B3P2/RN1QKB1R,False,0.0,3,2070,5,0
2r1kb1r/pp1b1ppp/1qn1p2n/3pP3/1P1P2P1/P4N1P/1B3P2/RN1QKB1R,True,0.08199999999999996,3,2077,5,0
2r1kb1r/pp1b1ppp/1qn1p2n/3pP3/1P1P2P1/P1N2N1P/1B3P2/R2QKB1R,False,0.0,44,2070,5,0
2r1k2r/pp1bbppp/1qn1p2n/3pP3/1P1P2P1/P1N2N1P/1B3P2/R2QKB1R,True,0.0,8,2077,5,0
2r1k2r/pp1bbppp/1qn1p2n/3pP3/NP1P2P1/P4N1P/1B3P2/R2QKB1R,False,0.0,6,2070,5,0
2r1k2r/ppqbbppp/2n1p2n/3pP3/NP1P2P1/P4N1P/1B3P2/R2QKB1R,True,0.43199999999999994,8,2077,5,0
2r1k2r/ppqbbppp/2n1p2n/3pP3/NP1P2P1/P4N1P/1B3P2/2RQKB1R,False,0.009000000000000008,6,2070,5,0
1qr1k2r/pp1bbppp/2n1p2n/3pP3/NP1P2P1/P4N1P/1B3P2/2RQKB1R,True,0.0,15,2077,5,0
1qr1k2r/pp1bbppp/2n1p2n/3pP3/NP1P2P1/P2B1N1P/1B3P2/2RQK2R,False,0.0,9,2070,5,0
1qr1k2r/1p1bbppp/p1n1p2n/3pP3/NP1P2P1/P2B1N1P/1B3P2/2RQK2R,True,0.0,11,2077,5,0
1qr1k2r/1p1bbppp/p1n1p2n/2NpP3/1P1P2P1/P2B1N1P/1B3P2/2RQK2R,False,0.642,2,2070,5,0
1qr1k2r/1p1b1ppp/p1n1p2n/2bpP3/1P1P2P1/P2B1N1P/1B3P2/2RQK2R,True,0.009000000000000008,5,2077,5,0
1qr1k2r/1p1b1ppp/p1n1p2n/2PpP3/1P4P1/P2B1N1P/1B3P2/2RQK2R,False,0.028000000000000025,11,2070,5,0
1qr1k1nr/1p1b1ppp/p1n1p3/2PpP3/1P4P1/P2B1N1P/1B3P2/2RQK2R,True,0.016000000000000014,12,2077,5,0
1qr1k1nr/1p1b1ppp/p1n1p3/2PpP3/1P4P1/P2B1N1P/1B2QP2/2R1K2R,False,0.02400000000000002,2,2070,5,0
1qr1k2r/1p1bnppp/p1n1p3/2PpP3/1P4P1/P2B1N1P/1B2QP2/2R1K2R,True,0.17000000000000004,9,2077,5,0
1qr1k2r/1p1bnppp/p1n1p3/2PpP3/1P4P1/P2B1N1P/1B2QP2/2R2RK1,False,0.0,2,2070,5,0
1qr1k2r/1p1b1ppp/p1n1p1n1/2PpP3/1P4P1/P2B1N1P/1B2QP2/2R2RK1,True,0.4109999999999999,8,2077,5,0
1qr1k2r/1p1b1ppp/p1n1p1n1/2PpP3/1P4P1/P2BQN1P/1B3P2/2R2RK1,False,0.019000000000000017,22,2070,5,0
1qr1k2r/1p1b1ppp/p1n1p1n1/2P1P3/1P1p2P1/P2BQN1P/1B3P2/2R2RK1,True,0.0050000000000000044,15,2077,5,0
1qr1k2r/1p1b1ppp/p1n1p1n1/2P1P3/1P1pQ1P1/P2B1N1P/1B3P2/2R2RK1,False,0.013000000000000012,8,2070,5,0
1qr1k2r/1p1b1ppp/p3p1n1/2P1n3/1P1pQ1P1/P2B1N1P/1B3P2/2R2RK1,True,0.0,20,2077,5,0
1qr1k2r/1p1b1ppp/p3p1n1/2P1N3/1P1pQ1P1/P2B3P/1B3P2/2R2RK1,False,0.0,4,2070,5,0
1qr1k2r/1p1b1ppp/p3p3/2P1n3/1P1pQ1P1/P2B3P/1B3P2/2R2RK1,True,0.844,25,2077,5,0
1qr1k2r/1p1b1ppp/p3p3/2P1n3/1P1BQ1P1/P2B3P/5P2/2R2RK1,False,0.0,11,2070,5,0
1qr1k2r/1p1b1ppp/p3p3/2P5/1P1B2P1/P2Q3P/5P2/2R2RK1,False,0.0,12,2070,5,0
1qr1k2r/1p3ppp/p3p3/1bP5/1P1B2P1/P2Q3P/5P2/2R2RK1,True,0.019000000000000017,11,2077,5,0
1qr1k2r/1p3ppp/p3p3/1bP5/1P1B2P1/P3Q2P/5P2/2R2RK1,False,0.0,3,2070,5,0
1qr1k2r/1p3ppp/p3p3/2P5/1P1B2P1/P3Q2P/5P2/5RK1,False,0.0,4,2070,5,0
1qr2rk1/1p3ppp/p3p3/2P5/1P1B2P1/P3Q2P/5P2/5RK1,True,0.0,5,2077,5,0
1qr2rk1/1p3ppp/p3p3/2P1B3/1P4P1/P3Q2P/5P2/5RK1,False,0.0,11,2070,5,0
q1r2rk1/1p3ppp/p3p3/2P1B3/1P4P1/P3Q2P/5P2/5RK1,True,0.0,2,2077,5,0
q1r2rk1/1p3ppp/p2Bp3/2P5/1P4P1/P3Q2P/5P2/5RK1,False,0.0,4,2070,5,0
q1r1r1k1/1p3ppp/p2Bp3/2P5/1P4P1/P3Q2P/5P2/5RK1,True,0.0,9,2077,5,0
q1r1r1k1/5ppp/p2Bp3/1pP5/1P3PP1/P3Q2P/8/5RK1,True,0.0,10,2077,5,0
q1r1r1k1/5ppp/p2Bp3/1pP5/1P3PP1/P4Q1P/8/5RK1,False,0.0,2,2070,5,0
2r1r1k1/5ppp/p2Bp3/1pP5/1P3PP1/P4R1P/8/6K1,False,0.001,7,2070,5,0
2r1r1k1/6pp/p2Bpp2/1pP5/1P3PP1/P4R1P/8/6K1,True,0.0,2,2077,5,0
2r1r1k1/6pp/p2Bpp2/1pP5/1P3PP1/P3R2P/8/6K1,False,0.001,2,2070,5,0
2r1r3/5kpp/p2Bpp2/1pP5/1P3PP1/P3R2P/8/6K1,True,0.0,1,2077,5,0
2r1r3/5kpp/p2Bpp2/1pP5/1P3PP1/P3R2P/5K2/8,False,0.001,5,2070,5,0
3rr3/5kpp/p2Bpp2/1pP5/1P3PP1/P3R2P/5K2/8,True,0.0,4,2077,5,0
3rr3/5kpp/p2Bpp2/1pP5/1P3PP1/P3R2P/4K3/8,False,0.001,6,2070,5,0
3rr3/5kpp/p2B1p2/1pP1p3/1P3PP1/P3R2P/4K3/8,True,0.0,3,2077,5,0
3rr3/5kpp/p2B1p2/1pP1P3/1P4P1/P3R2P/4K3/8,False,0.008,1,2070,5,0
3rr3/5kpp/p2B4/1pP1p3/1P4P1/P3R2P/4K3/8,True,0.0,10,2077,5,0
3rr3/5kpp/p2B4/1pP1p3/1P4P1/P3RK1P/8/8,False,0.0,19,2070,5,0
3rr3/5kpp/p2B4/1pP5/1P2p1P1/P3RK1P/8/8,True,0.0,1,2077,5,0
3rr3/5kpp/p2B4/1pP5/1P2pKP1/P3R2P/8/8,False,0.0,2,2070,5,0
3r4/5kpp/p2Br3/1pP5/1P2pKP1/P3R2P/8/8,True,0.0,4,2077,5,0
rnb1k2r/pp3ppp/2pqpn2/3p4/2PP1P2/2N2N2/PP3PPP/R2QKB1R,True,0.0,1,2045,5,0
rnb1k2r/pp3ppp/2pqpn2/3p4/2PP1P2/2N2NP1/PP3P1P/R2QKB1R,False,0.0,3,2057,5,0
rnb2rk1/pp3ppp/2pqpn2/3p4/2PP1P2/2N2NP1/PP3P1P/R2QKB1R,True,0.0,2,2045,5,0
rnb2rk1/pp3ppp/2pqpn2/3p4/2PP1P2/2NB1NP1/PP3P1P/R2QK2R,False,0.0,4,2057,5,0
rnb2rk1/pp3ppp/2pqpn2/8/2pP1P2/2NB1NP1/PP3P1P/R2QK2R,True,0.0,1,2045,5,0
rnb2rk1/pp3ppp/2pqpn2/8/2BP1P2/2N2NP1/PP3P1P/R2QK2R,False,0.004,2,2057,5,0
r1b2rk1/pp1n1ppp/2pqpn2/8/2BP1P2/2N2NP1/PP3P1P/R2QK2R,True,0.0,2,2045,5,0
r1b2rk1/pp1n1ppp/2pqpn2/8/2BP1P2/2N2NP1/PP3P1P/R2Q1RK1,False,0.03599999999999999,1,2057,5,0
r1b2rk1/p2n1ppp/1ppqpn2/8/2BP1P2/2N2NP1/PP3P1P/R2Q1RK1,True,0.0,7,2045,5,0
r1b2rk1/p2n1ppp/1ppqpn2/4N3/2BP1P2/2N3P1/PP3P1P/R2Q1RK1,False,0.0,6,2057,5,0
r4rk1/pb1n1ppp/1ppqpn2/4N3/2BP1P2/2N3P1/PP3P1P/R2Q1RK1,True,0.04300000000000001,13,2045,5,0
r4rk1/pb1n1ppp/1ppqpn2/4N3/2BP1P2/2N3P1/PP1Q1P1P/R4RK1,False,0.091,2,2057,5,0
3r1rk1/pb1n1ppp/1ppqpn2/4N3/2BP1P2/2N3P1/PP1Q1P1P/R4RK1,True,0.011000000000000001,2,2045,5,0
3r1rk1/pb1n1ppp/1ppqpn2/4N3/2BP1P2/2N3P1/PP1Q1P1P/3R1RK1,False,0.0,8,2057,5,0
3r1rk1/pb1n1ppp/1pp1pn2/4N3/1qBP1P2/2N3P1/PP1Q1P1P/3R1RK1,True,0.164,9,2045,5,0
3r1rk1/pb1n1ppp/1pp1pn2/4N3/1q1P1P2/2NB2P1/PP1Q1P1P/3R1RK1,False,0.215,20,2057,5,0
3r1rk1/pb1n1ppp/1p2pn2/2p1N3/1q1P1P2/2NB2P1/PP1Q1P1P/3R1RK1,True,0.0,5,2045,5,0
3r1rk1/pb1n1ppp/1p2pn2/2p1N3/1q1P1P2/P1NB2P1/1P1Q1P1P/3R1RK1,False,0.0,10,2057,5,0
3r1rk1/pb1n1ppp/1p2pn2/q1p1N3/3P1P2/P1NB2P1/1P1Q1P1P/3R1RK1,True,0.031,5,2045,5,0
3r1rk1/pb1n1ppp/1p2pn2/q1p5/2NP1P2/P1NB2P1/1P1Q1P1P/3R1RK1,False,0.0,11,2057,5,0
3r1rk1/pb1n1ppp/qp2pn2/2p5/2NP1P2/P1NB2P1/1P1Q1P1P/3R1RK1,True,0.0,1,2045,5,0
3r1rk1/pb1n1ppp/qp1Npn2/2p5/3P1P2/P1NB2P1/1P1Q1P1P/3R1RK1,False,0.0,13,2057,5,0
3r1rk1/pb1n1ppp/q2Npn2/1pp5/3P1P2/P1NB2P1/1P1Q1P1P/3R1RK1,True,0.704,17,2045,5,0
3r1rk1/pN1n1ppp/q3pn2/1pp5/3P1P2/P1NB2P1/1P1Q1P1P/3R1RK1,False,0.0,3,2057,5,0
3r1rk1/pq1n1ppp/4pn2/1pp5/3P1P2/P1NB2P1/1P1Q1P1P/3R1RK1,True,0.493,14,2045,5,0
3r1rk1/pq1n1ppp/4pn2/1Bp5/3P1P2/P1N3P1/1P1Q1P1P/3R1RK1,False,0.0,2,2057,5,0
3r1rk1/pq1n1ppp/4pn2/1B6/3p1P2/P1N3P1/1P1Q1P1P/3R1RK1,True,0.0,7,2045,5,0
3r1rk1/pq1B1ppp/4pn2/8/3p1P2/P1N3P1/1P1Q1P1P/3R1RK1,False,0.0,3,2057,5,0
5rk1/pq1r1ppp/4pn2/8/3p1P2/P1N3P1/1P1Q1P1P/3R1RK1,True,0.0,13,2045,5,0
5rk1/pq1r1ppp/4pn2/8/N2p1P2/P5P1/1P1Q1P1P/3R1RK1,False,0.0,11,2057,5,0
5rk1/pq1r1ppp/4p3/8/N2pnP2/P5P1/1P1Q1P1P/3R1RK1,True,0.0,10,2045,5,0
5rk1/pq1r1ppp/4p3/8/N2pnP2/P2Q2P1/1P3P1P/3R1RK1,False,0.29200000000000004,8,2057,5,0
2r3k1/pq1r1ppp/4p3/8/N2pnP2/P2Q2P1/1P3P1P/3R1RK1,True,0.023,17,2045,5,0
2r3k1/pq1r1ppp/4p3/8/N2pnP2/P2Q2P1/1P3P1P/3RR1K1,False,0.0,8,2057,5,0
2r3k1/pq1r1ppp/4p3/2n5/N2p1P2/P2Q2P1/1P3P1P/3RR1K1,True,0.0,2,2045,5,0
2r3k1/pq1r1ppp/4p3/2N5/3p1P2/P2Q2P1/1P3P1P/3RR1K1,False,0.0,2,2057,5,0
6k1/pq1r1ppp/4p3/2r5/3p1P2/P2Q2P1/1P3P1P/3RR1K1,True,0.0,13,2045,5,0
6k1/pq1r1ppp/4p3/2r5/3p1P2/P2Q2P1/1P1R1P1P/4R1K1,False,0.009999999999999998,12,2057,5,0
6k1/pq1r1p1p/4p1p1/2r5/3p1P2/P2Q2P1/1P1R1P1P/4R1K1,True,0.006999999999999999,2,2045,5,0
6k1/pq1r1p1p/4p1p1/2r5/3pRP2/P2Q2P1/1P1R1P1P/6K1,False,0.0,16,2057,5,0
6k1/pq1r1p1p/4p1p1/8/3pRP2/P2Q2P1/1P1R1P1P/2r3K1,True,0.0,8,2045,4,0
6k1/pq1r1p1p/4p1p1/8/3pRP2/P2Q2P1/1P3P1P/2rR2K1,False,0.0,2,2057,5,0
6k1/pq1r1p1p/4p1p1/8/3pRP2/P2Q2P1/1P3P1P/3r2K1,True,0.0,3,2045,4,0
6k1/p2r1p1p/4p1p1/8/3pRP2/P5P1/1q3P1P/3Q2K1,True,0.0,12,2045,5,0
6k1/p2r1p1p/4p1p1/8/P2pRP2/6P1/1q3P1P/3Q2K1,False,0.0,4,2057,5,0
6k1/p2r1p1p/4p1p1/8/P3RP2/3p2P1/1q3P1P/3Q2K1,True,0.0,20,2045,5,0
6k1/p2r1p1p/4p1p1/8/P3RP2/3p2P1/1q3PKP/3Q4,False,0.0,4,2057,5,0
6k1/p2r1p1p/4p1p1/8/P3RP2/6P1/1q1p1PKP/3Q4,True,0.0,7,2045,5,0
6k1/p2r1p1p/4p1p1/8/P4P2/6P1/1q1pRPKP/3Q4,False,0.0,4,2057,5,0
6k1/pq1r1p1p/4p1p1/8/P4P2/6P1/3pRPKP/3Q4,True,0.0,2,2045,5,0
6k1/pq1r1p1p/4p1p1/8/P4P2/5PP1/3pR1KP/3Q4,False,0.0,4,2057,5,0
6k1/p2r1p1p/4p1p1/8/Pq3P2/5PP1/3pR1KP/3Q4,True,0.0,14,2045,5,0
6k1/p2r1p1p/4p1p1/8/Pq3P1P/5PP1/3pR1K1/3Q4,False,0.0,3,2057,5,0
6k1/p4p1p/4p1p1/8/Pq1r1P1P/5PP1/3pR1K1/3Q4,True,0.0,12,2045,5,0
6k1/p4p1p/4p1p1/8/Pq1r1P1P/5PPK/3pR3/3Q4,False,0.0,3,2057,5,0
6k1/p4p1p/4p1p1/8/q2r1P1P/5PPK/3pR3/3Q4,True,0.0,3,2045,5,0
6k1/p4p1p/4p1p1/8/Q2r1P1P/5PPK/3pR3/8,False,0.0,1,2057,5,0
6k1/p4p1p/4p1p1/8/r4P1P/5PPK/3pR3/8,True,0.0,1,2045,5,0
6k1/p4p1p/4p1p1/8/r4P1P/5PPK/3R4/8,False,0.001,5,2057,5,0
6k1/p4p1p/4p1p1/8/5P1P/5PPK/3R4/r7,True,0.002,3,2045,5,0
rn1qk1nr/pp3ppp/3b4/3p4/3P2b1/2N2N2/PP3PPP/R1BQKB1R,True,0.0,12,2140,5,0
rn1qk1nr/pp3ppp/3b4/3N4/3P2b1/5N2/PP3PPP/R1BQKB1R,False,0.0,4,2120,5,0
rn2k1nr/pp3ppp/3b4/q2N4/3P2b1/5N2/PP3PPP/R1BQKB1R,True,0.894,3,2140,5,0
rn2k1nr/pp3ppp/3b4/q7/3P2b1/2N2N2/PP3PPP/R1BQKB1R,False,0.0040000000000000036,3,2120,5,0
rn2k1nr/pp3ppp/8/q7/1b1P2b1/2N2N2/PP3PPP/R1BQKB1R,True,0.0,19,2140,5,0
rn2k2r/pp2nppp/8/q7/1b1P2b1/2N2N2/PP2QPPP/R1B1KB1R,True,0.0,2,2140,5,0
r3k2r/pp2nppp/2n5/qQ6/1b1P2b1/2N2N2/PP3PPP/R1B1KB1R,True,0.05,14,2140,5,0
r3k2r/pp2nppp/2n5/Q7/1b1P2b1/2N2N2/PP3PPP/R1B1KB1R,False,0.0,2,2120,5,0
r3k2r/pp2nppp/2n5/b7/3P2b1/2N2N2/PP3PPP/R1B1KB1R,True,0.105,6,2140,5,0
r3k2r/pp2nppp/2n5/b7/3P2b1/2N2N2/PP2BPPP/R1B1K2R,False,0.23299999999999998,10,2120,5,0
r3k2r/pp2nppp/2n5/b7/3P4/2N2b2/PP2BPPP/R1B1K2R,True,0.0,3,2140,5,0
r3k2r/pp2nppp/2n5/b7/3P4/2N2B2/PP3PPP/R1B1K2R,False,0.0,2,2120,5,0
r3k2r/pp2nppp/8/b7/3n4/2N2B2/PP3PPP/R1B1K2R,True,0.065,12,2140,5,0
r3k2r/pB2nppp/8/b7/3n4/2N5/PP3PPP/R1B1K2R,False,0.0,3,2120,5,0
1r2k2r/pB2nppp/8/b7/3n4/2N5/PP3PPP/R1B1K2R,True,0.0,1,2140,5,0
1r2k2r/p3nppp/8/b7/3nB3/2N5/PP3PPP/R1B1K2R,False,0.598,15,2120,5,0
1r3rk1/p3nppp/8/b7/3nB3/2N5/PP3PPP/R1B1K2R,True,0.0,15,2140,5,0
1r3rk1/p3nppp/8/b7/3nB3/2N5/PP3PPP/R1B2RK1,False,0.10699999999999998,12,2120,5,0
1r3rk1/p3nppp/8/8/3nB3/2b5/PP3PPP/R1B2RK1,True,0.0,1,2140,5,0
1r3rk1/p3nppp/8/8/3nB3/2P5/P4PPP/R1B2RK1,False,0.0,1,2120,5,0
1r3rk1/p3nppp/8/8/4B3/2P5/P3nPPP/R1B2RK1,True,0.0,2,2140,1,0
1r3rk1/p3nppp/8/8/4B3/2P5/P3nPPP/R1B2R1K,False,0.05399999999999994,2,2120,5,0
1r3rk1/p3nppp/8/8/4B3/2n5/P4PPP/R1B2R1K,True,0.0,7,2140,5,0
1r3rk1/p3nppp/8/8/8/2n2B2/P4PPP/R1B2R1K,False,0.019000000000000017,12,2120,5,0
1r3rk1/p4ppp/6n1/8/8/2n2B2/P4PPP/R1B2R1K,True,0.0,7,2140,5,0
1r3rk1/p4ppp/6n1/8/8/B1n2B2/P4PPP/R4R1K,False,0.0,2,2120,5,0
1rr3k1/p4ppp/6n1/8/8/B1n2B2/P4PPP/R4R1K,True,0.12499999999999997,10,2140,5,0
1rr3k1/p4ppp/3B2n1/8/8/2n2B2/P4PPP/R4R1K,False,0.0,4,2120,5,0
2r3k1/p4ppp/3B2n1/8/8/2n2B2/Pr3PPP/R4R1K,True,0.0,4,2140,5,0
2r3k1/p4ppp/3B2n1/8/8/2n2B2/Pr3PPP/2R2R1K,False,0.514,49,2120,5,0
3r2k1/p4ppp/3B2n1/8/8/2n2B2/Pr3PPP/2R2R1K,True,0.0,6,2140,5,0
3r2k1/p4ppp/6n1/8/8/B1n2B2/Pr3PPP/2R2R1K,False,0.0,16,2120,5,0
3r2k1/p4ppp/6n1/8/8/B1n2B2/r4PPP/2R2R1K,True,0.0,2,2140,5,0
3r2k1/p4ppp/6n1/8/8/B1R2B2/r4PPP/5R1K,False,0.0,3,2120,5,0
3r2k1/p4ppp/8/4n3/8/B1R2B2/r4PPP/5R1K,True,0.0,63,2140,5,0
3r2k1/p4ppp/8/4n3/8/B1R2B2/r4PPP/4R2K,False,0.0,6,2120,5,0
3r2k1/p4ppp/8/8/8/B4R2/r4PPP/4R2K,False,0.0,2,2120,5,0
3r2k1/p4pp1/7p/8/8/B4R2/r4PPP/4R2K,True,0.0,12,2140,5,0
3r2k1/p4pp1/7p/8/8/B4R1P/r4PP1/4R2K,False,0.0,2,2120,5,0
6k1/p4pp1/7p/8/8/B4R1P/r2r1PP1/4R2K,True,0.0,4,2140,5,0
6k1/p3Rpp1/7p/8/8/B4R1P/r2r1PP1/7K,False,0.0,7,2120,5,0
6k1/p3R1p1/5p1p/8/8/B4R1P/r2r1PP1/7K,True,0.0,13,2140,5,0
6k1/p3R1p1/5p1p/8/8/B5RP/r2r1PP1/7K,False,0.0,13,2120,5,0
6k1/p3R1p1/5p1p/8/8/B5RP/r4rP1/7K,True,0.0,1,2140,5,0
7k/p3R1R1/5p1p/8/8/B6P/r4rP1/7K,True,0.0,1,2140,5,0
6k1/p3R2R/5p1p/8/8/B6P/r4rP1/7K,True,0.0,1,2140,5,0
2kr1bnr/ppp2ppp/2n1p3/q7/2P3b1/2N2N2/PP1PBPPP/R1BQ1RK1,True,0.056,1,2193,5,0
2kr1bnr/ppp2ppp/2n1p3/q7/2P3b1/2NP1N2/PP2BPPP/R1BQ1RK1,False,0.371,3,2179,5,0
2kr1b1r/ppp2ppp/2n1pn2/q7/2P3b1/2NP1N2/PP2BPPP/R1BQ1RK1,True,0.016,4,2193,5,0
2kr1b1r/ppp2ppp/2n1pn2/q7/2P3b1/2NP1N1P/PP2BPP1/R1BQ1RK1,False,0.0,7,2179,5,0
2kr1b1r/ppp2ppp/2n1pn2/q7/2P5/2NP1b1P/PP2BPP1/R1BQ1RK1,True,0.0,1,2193,5,0
2kr1b1r/ppp2ppp/4pn2/q3n3/2P5/2NP1B1P/PP3PP1/R1BQ1RK1,True,0.02,5,2193,5,0
2kr1b1r/ppp2ppp/4pn2/q3n3/2P5/2NP3P/PP2BPP1/R1BQ1RK1,False,0.0,6,2179,5,0
2kr3r/ppp2ppp/4pn2/q3n3/1bP5/2NP3P/PP2BPP1/R1BQ1RK1,True,0.059,7,2193,5,0
2kr3r/ppp2ppp/4pn2/q3n3/1bP5/2NP3P/PPQ1BPP1/R1B2RK1,False,0.16500000000000004,11,2179,5,0
2k4r/ppp2ppp/3rpn2/q3n3/1bP5/P1NP3P/1PQ1BPP1/R1B2RK1,False,0.0,4,2179,5,0
2k4r/ppp2ppp/3rpn2/q3n3/2P5/P1bP3P/1PQ1BPP1/R1B2RK1,True,0.0,2,2193,5,0
2k4r/ppp2ppp/3rpn2/q3n3/2P5/P1PP3P/2Q1BPP1/R1B2RK1,False,0.0,3,2179,5,0
2kr4/ppp2ppp/3rpn2/q3n3/2P5/P1PP3P/2Q1BPP1/R1B2RK1,True,0.0,2,2193,5,0
2kr4/ppp2ppp/3rpn2/q3n3/2PP4/P1P4P/2Q1BPP1/R1B2RK1,False,0.0,16,2179,5,0
2kr4/ppp2ppp/3rpnn1/q7/2PP4/P1P4P/2Q1BPP1/R1B2RK1,True,0.006000000000000005,3,2193,5,0
2kr4/ppp2ppp/3rpnn1/q1P5/3P4/P1P4P/2Q1BPP1/R1B2RK1,False,0.0,12,2179,5,0
2kr4/pppr1ppp/4pnn1/q1P5/3P4/P1P4P/2Q1BPP1/R1B2RK1,True,0.0010000000000000009,1,2193,5,0
2kr4/pppr1ppp/4pnn1/q1P3B1/3P4/P1P4P/2Q1BPP1/R4RK1,False,0.0,7,2179,5,0
2kr4/pppr1pp1/4pnnp/q1P3B1/3P4/P1P4P/2Q1BPP1/R4RK1,True,0.0,1,2193,5,0
2kr4/pppr1pp1/4pBnp/q1P5/3P4/P1P4P/2Q1BPP1/R4RK1,False,0.0,1,2179,5,0
2kr4/pppr1p2/4ppnp/q1P5/3P4/P1P4P/2Q1BPP1/R4RK1,True,0.0,6,2193,5,0
2kr4/pppr1p2/4ppnp/q1P5/3P4/P1PB3P/2Q2PP1/R4RK1,False,0.0010000000000000009,5,2179,5,0
2kr4/pppr1p2/4p1np/q1P2p2/3P4/P1PB3P/2Q2PP1/R4RK1,True,0.0,2,2193,5,0
2kr4/pppr1p2/4p1np/q1P2p2/3P4/P1PB2PP/2Q2P2/R4RK1,False,0.0,10,2179,5,0
2kr4/ppprnp2/4p2p/q1P2p2/3P4/P1PB2PP/2Q2P2/R4RK1,True,0.11599999999999999,6,2193,5,0
2kr4/ppprnp2/4p2p/q1P2p2/2BP4/P1P3PP/2Q2P2/R4RK1,False,0.006000000000000005,12,2179,5,0
2kr4/p1prnp2/1p2p2p/q1P2p2/2BP4/P1P3PP/2Q2P2/R4RK1,True,0.0,5,2193,5,0
2kr4/p1prnp2/1P2p2p/q4p2/2BP4/P1P3PP/2Q2P2/R4RK1,False,0.0,7,2179,5,0
2kr4/2prnp2/1p2p2p/q4p2/2BP4/P1P3PP/2Q2P2/R4RK1,True,0.0,1,2193,5,0
2kr4/2prnp2/1p2p2p/q4p2/P1BP4/2P3PP/2Q2P2/R4RK1,False,0.0,16,2179,5,0
2kr2n1/2pr1p2/1p2p2p/q4p2/P1BP4/2P3PP/2Q2P2/R4RK1,True,0.18899999999999995,1,2193,5,0
2kr2n1/2pr1p2/1p2p2p/q4p2/P1BP4/2P3PP/2Q2P2/1R3RK1,False,0.06399999999999995,2,2179,5,0
2kr4/2pr1p2/1p2pn1p/q4p2/P1BP4/2P3PP/2Q2P2/1R3RK1,True,0.838,7,2193,5,0
2kr4/2pr1p2/1p2p2p/q4p1n/P1BP4/2P2PPP/2Q3K1/1R3R2,False,0.37,5,2179,5,0
2k3r1/2pr1p2/1p2p2p/q4p1n/P1BP4/2P2PPP/2Q3K1/1R3R2,True,0.0,8,2193,5,0
2k3r1/2pr1p2/1p2p2p/q4p1n/P1BP2P1/2P2P1P/2Q3K1/1R3R2,False,0.221,7,2179,5,0
2k3r1/2pr1p2/1p2p2p/q4p2/P1BP1nP1/2P2PKP/2Q5/1R3R2,False,0.0,14,2179,5,0
2k3r1/2pr1p2/1p2p2p/q2n1p2/P1BP2P1/2P2PKP/2Q5/1R3R2,True,0.0,8,2193,5,0
2k3r1/2pr1p2/1p2p2p/qR1n1p2/P1BP2P1/2P2PKP/2Q5/5R2,False,0.0,8,2179,5,0
q1k3r1/2pr1p2/1p2p2p/1R1n1p2/P1BP2P1/2P2PKP/2Q5/5R2,True,0.008,2,2193,5,0
q1k3r1/2pr1p2/1p2p2p/1R1B1p2/P2P2P1/2P2PKP/2Q5/5R2,False,0.0,4,2179,5,0
q1k3r1/2p2p2/1p2p2p/1R1r1p2/P2P2P1/2P2PKP/2Q5/5R2,True,0.0,14,2193,5,0
q1k3r1/2p2p2/1p2p2p/1R1r1p2/P2P2P1/1QP2PKP/8/5R2,False,0.0,10,2179,5,0
q1k3r1/2p2p2/1p2p2p/1r3p2/P2P2P1/1QP2PKP/8/5R2,True,0.0,2,2193,5,0
q1k3r1/2p2p2/1p2p2p/1Q3p2/P2P2P1/2P2PKP/8/5R2,False,0.0,3,2179,5,0
q1k3r1/2p2p2/1p2p3/1Q3p1p/P2P2P1/2P2PKP/8/5R2,True,0.0,10,2193,5,0
q1k3r1/2p2p2/1p2p3/1Q3p1p/P1PP2P1/5PKP/8/5R2,False,0.019000000000000003,4,2179,5,0
q1k3r1/2p2p2/1p2p3/1Q3p2/P1PP2p1/5PKP/8/5R2,True,0.0,1,2193,5,0
q1k3r1/2p2p2/1p2p3/1Q3p2/P1PP2P1/6KP/8/5R2,False,0.0,10,2179,5,0
2k3r1/2p2p2/1p2p3/1Q3p2/P1PPq1P1/6KP/8/5R2,True,0.0,9,2193,5,0
6r1/2pk1p2/Qp2p3/5p2/P1PPq1P1/6KP/8/5R2,True,0.0,3,2193,5,0
6r1/2p1kp2/1p2p3/1Q3p2/P1PPq1P1/6KP/8/5R2,True,0.0,20,2193,5,0
6r1/2p1kp2/1p2p3/4Qp2/P1PPq1P1/6KP/8/5R2,False,0.02600000000000001,11,2179,5,0
6r1/2p1kp2/1p2p3/4qp2/P1PP2P1/6KP/8/5R2,True,0.0,1,2193,5,0
rn1qk1nr/pbp2ppp/1p2p3/8/2BPP3/2b2N2/PP3PPP/R1BQ1RK1,True,0.0,2,2068,5,0
rn1qk1nr/pbp2ppp/1p2p3/8/2BPP3/2P2N2/P4PPP/R1BQ1RK1,False,0.0,1,2129,5,0
rn1qk1nr/p1p2ppp/1p2p3/8/2BPb3/2P2N2/P4PPP/R1BQ1RK1,True,0.0020000000000000018,3,2068,5,0
rn1qk1nr/p1p2ppp/1p2p3/8/2BPb3/2P2N2/P4PPP/R1BQR1K1,False,0.0,3,2129,5,0
rn1qk1nr/p1p2ppp/1p2p3/8/2BP4/2P2b2/P4PPP/R1BQR1K1,True,0.0,2,2068,5,0
rn1qk1nr/p1p2ppp/1p2p3/8/2BP4/2P2Q2/P4PPP/R1B1R1K1,False,0.0,2,2129,5,0
rn1qk2r/p1p2ppp/1p2pn2/8/2BP4/2P2Q2/P4PPP/R1B1R1K1,True,0.0,2,2068,5,0
rnb2rk1/pp2ppbp/1q1p1np1/2pP4/4P2P/2N1BP2/PPP3P1/R2QKBNR,True,0.0,5,2083,5,0
rnb2rk1/pp2ppbp/1q1p1np1/2pP4/N3P2P/4BP2/PPP3P1/R2QKBNR,False,0.0,8,2094,5,0
rnb2rk1/pp2ppbp/3p1np1/2pP4/Nq2P2P/2P1BP2/PP4P1/R2QKBNR,False,0.0,3,2094,5,0
rnb2rk1/pp2ppbp/3p1np1/q1pP4/N3P2P/2P1BP2/PP4P1/R2QKBNR,True,0.003,41,2083,5,0
rnb2rk1/pp2ppbp/3p1np1/q1pP4/N3P2P/2PBBP2/PP4P1/R2QK1NR,False,0.001,4,2094,5,0
rnb2rk1/p3ppbp/3p1np1/qppP4/N3P2P/2PBBP2/PP4P1/R2QK1NR,True,0.0,9,2083,5,0
rnb2rk1/p3ppbp/3p1np1/qppP4/NP2P2P/2PBBP2/P5P1/R2QK1NR,False,0.0,2,2094,5,0
rnb2rk1/p3ppbp/3p1np1/qp1P4/Np2P2P/2PBBP2/P5P1/R2QK1NR,True,0.0,12,2083,5,0
rnb2rk1/p3ppbp/3p1np1/qp1P4/Np2P2P/1QPBBP2/P5P1/R3K1NR,False,0.0,9,2094,5,0
rnb2rk1/p3ppbp/3p1np1/q2P4/pp2P2P/1QPBBP2/P5P1/R3K1NR,True,0.0,2,2083,5,0
rnb2rk1/p3ppbp/3p1np1/q2P4/pQ2P2P/2PBBP2/P5P1/R3K1NR,False,0.0,2,2094,5,0
rnb2rk1/p3ppbp/3p1np1/3P4/pq2P2P/2PBBP2/P5P1/R3K1NR,True,0.0,1,2083,5,0
rnb2rk1/p3ppbp/3p1np1/3P4/pP2P2P/3BBP2/P5P1/R3K1NR,False,0.0,15,2094,5,0
rnbq1rk1/pppp1nbp/4ppp1/8/2BPPP2/2N2N2/PPP3PP/R1BQ1RK1,True,0.0,1,2272,5,0
rnbq1rk1/pppp1nbp/4ppp1/5P2/2BPP3/2N2N2/PPP3PP/R1BQ1RK1,False,0.007000000000000006,11,2368,5,0
rnbq1rk1/pp1p1nbp/2p1ppp1/5P2/2BPP3/2N2N2/PPP3PP/R1BQ1RK1,True,0.09199999999999997,15,2272,5,0
rnbq1rk1/pp1p1nbp/2p1ppP1/8/2BPP3/2N2N2/PPP3PP/R1BQ1RK1,False,0.0,8,2368,5,0
rnbq1rk1/pp1p1nb1/2p1ppp1/8/2BPP3/2N2N2/PPP3PP/R1BQ1RK1,True,0.019000000000000017,1,2272,5,0
rnbq1rk1/pp1p1nb1/2p1ppp1/8/3PP3/2NB1N2/PPP3PP/R1BQ1RK1,False,0.0,6,2368,5,0
rnbq1rk1/pp1p1nb1/2p1p1p1/5p2/3PP3/2NB1N2/PPP3PP/R1BQ1RK1,True,0.739,4,2272,5,0
rnbq1rk1/pp1p1nb1/2p1p1p1/4Pp2/3P4/2NB1N2/PPP3PP/R1BQ1RK1,False,0.395,4,2368,5,0
rnbq1rk1/pp3nb1/2p1p1p1/3pPp2/3P4/2NB1N2/PPP3PP/R1BQ1RK1,True,0.0,12,2272,5,0
rnbq1rk1/pp3nb1/2p1p1p1/3pPp2/3P4/2NB1N2/PPP3PP/R1B1QRK1,False,0.0,3,2368,5,0
rnbq1rk1/pp3nb1/2p1p3/3pPpp1/3P4/2NB1N2/PPP3PP/R1B1QRK1,True,0.02400000000000002,12,2272,5,0
rnbq1rk1/pp3nb1/2p1p3/3pPpp1/3P4/2NB1NQ1/PPP3PP/R1B2RK1,False,0.0,5,2368,5,0
rnbq1rk1/pp3n2/2p1p2b/3pPpp1/3P4/2NB1NQ1/PPP3PP/R1B2RK1,True,0.0,10,2272,5,0
rnbq1rk1/pp3n2/2p1p2b/3pPpp1/3P3P/2NB1NQ1/PPP3P1/R1B2RK1,False,0.0,2,2368,5,0
rnbq1rk1/pp3n2/2p1p2b/3pPp2/3P2pP/2NB1NQ1/PPP3P1/R1B2RK1,True,0.0,6,2272,5,0
rnbq1rk1/pp3n2/2p1p2B/3pPp2/3P2pP/2NB1NQ1/PPP3P1/R4RK1,False,0.0,13,2368,5,0
rnbq1rk1/pp6/2p1p2n/3pPp2/3P2pP/2NB1NQ1/PPP3P1/R4RK1,True,0.006000000000000005,1,2272,5,0
rnbq1rk1/pp6/2p1p2n/3pPpN1/3P2pP/2NB2Q1/PPP3P1/R4RK1,False,0.0,9,2368,5,0
r1bq1rk1/pp6/n1p1p2n/3pPpN1/3P2pP/2NB2Q1/PPP3P1/R4RK1,True,0.0,5,2272,5,0
r1bq1rk1/pp6/n1p1p2n/3pPpN1/3P2pP/P1NB2Q1/1PP3P1/R4RK1,False,0.0,1,2368,5,0
r1bq1rk1/ppn5/2p1p2n/3pPpN1/3P2pP/P1NB2Q1/1PP3P1/R4RK1,True,0.0,1,2272,5,0
r1bq1rk1/ppn5/2p1p2n/3pPpN1/3P2pP/P2B2Q1/1PP1N1P1/R4RK1,False,0.0,31,2368,5,0
r1bq1r2/ppn3k1/2p1p2n/3pPpN1/3P2pP/P2B2Q1/1PP1N1P1/R4RK1,True,0.0,8,2272,5,0
r1bq1r2/ppn3k1/2p1p2n/3pPpN1/3P1NpP/P2B2Q1/1PP3P1/R4RK1,False,0.0,2,2368,5,0
r1bq1r2/p1n3k1/1pp1p2n/3pPpN1/3P1NpP/P2B2Q1/1PP3P1/R4RK1,True,0.0,6,2272,5,0
r1bq1r2/p1n5/1pp1p1kn/3pPpNN/3P2pP/P2B2Q1/1PP3P1/R4RK1,True,0.0,3,2272,5,0
r1bq1r2/p1n5/1pp1pNkn/3pPpN1/3P2pP/P2B2Q1/1PP3P1/R4RK1,False,0.0,6,2368,5,0
r1bq1r2/p1n5/1p2pNkn/2ppPpN1/3P2pP/P2B2Q1/1PP3P1/R4RK1,True,0.0,3,2272,5,0
r1bq1r2/p1n5/1p2pNkn/2ppPpN1/3P2pP/P1PB2Q1/1P4P1/R4RK1,False,0.0,14,2368,5,0
r1bq1r2/2n5/1p2pNkn/p1ppPpN1/3P2pP/P1PB2Q1/1P4P1/R4RK1,True,0.0,7,2272,5,0
r1bq1r2/2n5/1p2p1kn/p1ppPpN1/3P2NP/P1PB2Q1/1P4P1/R4RK1,False,0.0,34,2368,5,0
r1bq1r2/2n5/1p2p1k1/p1ppPpN1/3P2nP/P1PB2Q1/1P4P1/R4RK1,True,0.0,3,2272,5,0
r1bq1r2/2n5/1p2p1k1/p1ppPpN1/3P2QP/P1PB4/1P4P1/R4RK1,False,0.0,5,2368,5,0
r1bq1r2/2n5/1p2p2k/p1ppPpN1/3P2QP/P1PB4/1P4P1/R4RK1,True,0.0,12,2272,5,0
r1bq1r2/2n5/1p2p2k/p1ppPpN1/3P1Q1P/P1PB4/1P4P1/R4RK1,False,0.0,3,2368,5,0
r1bq1r2/2n3k1/1p2p3/p1ppPpN1/3P1Q1P/P1PB4/1P4P1/R4RK1,True,0.0,16,2272,5,0
r1bq1r2/2n3k1/1p2p3/p1ppPpN1/3P1Q1P/P1PB4/1P3RP1/R5K1,False,0.0,13,2368,5,0
r1bq3r/2n3k1/1p2p3/p1ppPpN1/3P1Q1P/P1PB4/1P3RP1/R5K1,True,0.0,14,2272,5,0
r1bq3r/2n3k1/1p2p3/p1ppPp2/3P1Q1P/P1PB1N2/1P3RP1/R5K1,False,0.0,5,2368,5,0
r1b1q2r/2n3k1/1p2p3/p1ppPp2/3P1Q1P/P1PB1N2/1P3RP1/R5K1,True,0.0,12,2272,5,0
r1b1q2r/2n3k1/1p2p3/p1ppPp2/3P1QPP/P1PB1N2/1P3R2/R5K1,False,0.0,8,2368,5,0
r1b4r/2n3k1/1p2p1q1/p1ppPp2/3P1QPP/P1PB1N2/1P3R2/R5K1,True,0.0,4,2272,5,0
r1b4r/2n3k1/1p2p1q1/p1ppPp2/3P1QPP/P1PB1N2/1P3R1K/R7,False,0.0,13,2368,5,0
r1b4r/2n3k1/1p2p2q/p1ppPp2/3P1QPP/P1PB1N2/1P3R1K/R7,True,0.0,11,2272,5,0
r1b5/2n3k1/1p2p2r/p1ppPp2/3P2PP/P1PB1N2/1P3R1K/R7,True,0.0,2,2272,5,0
r1b5/2n3k1/1p2p2r/p1ppPP2/3P3P/P1PB1N2/1P3R1K/R7,False,0.0,1,2368,5,0
r1b5/2n3k1/1p5r/p1ppPp2/3P3P/P1PB1N2/1P3R1K/R7,True,0.0,3,2272,5,0
r1b4k/2n5/1p5r/p1ppPp2/3P3P/P1PB1N2/1P3R1K/6R1,True,0.0,2,2272,5,0
r1b4k/2n5/1p5r/p1ppPpR1/3P3P/P1PB1N2/1P3R1K/8,False,0.0,4,2368,5,0
r6k/2nb4/1p5r/p1ppPpR1/3P3P/P1PB1N2/1P3R1K/8,True,0.0,10,2272,5,0
r6k/2nb4/1p5r/p1ppPBR1/3P3P/P1P2N2/1P3R1K/8,False,0.0,2,2368,5,0
r6k/2n5/1p5r/p1ppPbR1/3P3P/P1P2N2/1P3R1K/8,True,0.0,1,2272,5,0
r6k/2n5/1p5r/p1ppPR2/3P3P/P1P2N2/1P3R1K/8,False,0.0,2,2368,5,0
r6k/8/1p2n2r/p1ppPR2/3P3P/P1P2N2/1P3R1K/8,True,0.0,13,2272,5,0
r6k/8/1p2nR1r/p1ppP3/3P3P/P1P2N2/1P3R1K/8,False,0.0,5,2368,5,0
r6k/8/1p2nr2/p1ppP3/3P3P/P1P2N2/1P3R1K/8,True,0.0,1,2272,5,0
r6k/8/1p2nP2/p1pp4/3P3P/P1P2N2/1P3R1K/8,False,0.0,3,2368,5,0
5r1k/8/1p2nP2/p1pp4/3P3P/P1P2N2/1P3R1K/8,True,0.5780000000000001,2,2272,5,0
rn2kb1r/p1q1pppp/1pp1bn2/2PpN3/3P4/1QN5/PP2PPPP/R1B1KB1R,True,0.49,2,2228,5,0
rn2kb1r/p1q1pppp/1Pp1bn2/3pN3/3P4/1QN5/PP2PPPP/R1B1KB1R,False,0.0,2,2176,5,0
rn2kb1r/2q1pppp/1pp1bn2/3pN3/N2P4/1Q6/PP2PPPP/R1B1KB1R,False,0.0,4,2176,5,0
r3kb1r/2qnpppp/1pp1bn2/3pN3/N2P4/1Q6/PP2PPPP/R1B1KB1R,True,0.0,4,2228,5,0
r3kb1r/2qnpppp/1pp1bn2/3pN3/N2P1B2/1Q6/PP2PPPP/R3KB1R,False,0.513,8,2176,5,0
r3kb1r/2qnpppp/2p1bn2/1p1pN3/N2P1B2/1Q6/PP2PPPP/R3KB1R,True,0.0,9,2228,5,0
r3kb1r/2qnpppp/2p1bnN1/1p1p4/N2P1B2/1Q6/PP2PPPP/R3KB1R,False,0.0,9,2176,5,0
r3kb1r/2qnpppp/2p1bnN1/3p4/p2P1B2/1Q6/PP2PPPP/R3KB1R,True,0.0,5,2228,5,0
r3kb1r/2qnpppp/2p1bnN1/3p4/p2P1B2/2Q5/PP2PPPP/R3KB1R,False,0.0,16,2176,5,0
r3kb1r/3npppp/1qp1bnN1/3p4/p2P1B2/2Q5/PP2PPPP/R3KB1R,True,0.0,1,2228,5,0
r3kb1N/3npppp/1qp1bn2/3p4/p2P1B2/2Q5/PP2PPPP/R3KB1R,False,0.0,3,2176,5,0
r3kb1N/3npppp/1qp1b3/3p4/p2PnB2/2Q5/PP2PPPP/R3KB1R,True,0.0,7,2228,5,0
r3kb1N/3npppp/1qp1b3/3p4/p2PnB2/8/PPQ1PPPP/R3KB1R,False,0.0,13,2176,5,0
r3kb1N/3npp1p/1qp1b1p1/3p4/p2PnB2/8/PPQ1PPPP/R3KB1R,True,0.0,4,2228,5,0
r3kb1N/3npp1p/1qp1bnp1/3p4/p2P1B2/4P3/PPQ2PPP/R3KB1R,True,0.001,5,2228,5,0
r3kb1N/3npp1p/1qp1bnp1/3p4/p2P1B2/3BP3/PPQ2PPP/R3K2R,False,0.002,1,2176,5,0
r3k2N/3nppbp/1qp1bnp1/3p4/p2P1B2/3BP3/PPQ2PPP/R3K2R,True,0.0,2,2228,5,0
r3k3/3npNbp/1qp1bnp1/3p4/p2P1B2/3BP3/PPQ2PPP/R3K2R,False,0.0,2,2176,5,0
r7/3npkbp/1qp1bnp1/3p4/p2P1B2/3BP3/PPQ2PPP/R4RK1,False,0.005,10,2176,5,0
r7/3npkbp/1qp1b1p1/3p3n/p2P1B2/3BP3/PPQ2PPP/R4RK1,True,0.0,3,2228,5,0
r7/3npkbp/1qp1b1p1/3p3n/p2P4/3BP1B1/PPQ2PPP/R4RK1,False,0.0,2,2176,5,0
r7/3npkbp/1qp1b1p1/3p4/p2P4/3BP1P1/PPQ2PP1/R4RK1,False,0.0,1,2176,5,0
1r6/3npkbp/1qp1b1p1/3p4/p2P4/3BP1P1/PPQ2PP1/R4RK1,True,0.0,3,2228,5,0
1r6/3npkbp/1qp1b1p1/3p4/p2P4/3BP1P1/PPQ2PP1/1R3RK1,False,0.012,3,2176,5,0
1r6/3npkbp/1q2b1p1/2pp4/p2P4/3BP1P1/PPQ2PP1/1R3RK1,True,0.0,2,2228,5,0
1r6/3npkbp/1q2b1p1/2Pp4/p7/3BP1P1/PPQ2PP1/1R3RK1,False,0.0,1,2176,5,0
1r6/4pkbp/1q2b1p1/2np4/p7/3BP1P1/PPQ2PP1/1R3RK1,True,0.0,1,2228,5,0
1r6/4pkbp/1q2b1p1/2np4/p7/1P1BP1P1/P1Q2PP1/1R3RK1,False,0.0,4,2176,5,0
1r6/4pkbp/1q2b1p1/2np4/8/1p1BP1P1/P1Q2PP1/1R3RK1,True,0.0,1,2228,5,0
1r6/4pkbp/1q2b1p1/2np4/8/1P1BP1P1/2Q2PP1/1R3RK1,False,0.0,14,2176,5,0
1r6/1q2pkbp/4b1p1/2np4/8/1P1BP1P1/2Q2PP1/1R3RK1,True,0.0,3,2228,5,0
1r6/1q2pkbp/4b1p1/2np4/1P6/3BP1P1/2Q2PP1/1R3RK1,False,0.0,1,2176,5,0
1r6/1q2pkbp/4b1p1/3p4/1P6/3nP1P1/2Q2PP1/1R3RK1,True,0.0,1,2228,5,0
1r6/1q2pkbp/6p1/3p1b2/1P6/3QP1P1/5PP1/1R3RK1,True,0.0,1,2228,5,0
1r6/1q2pkbp/6p1/3p1b2/1P2P3/3Q2P1/5PP1/1R3RK1,False,0.0,2,2176,5,0
1r6/1q2pkbp/6p1/3p4/1P2b3/3Q2P1/5PP1/1R3RK1,True,0.0,4,2228,5,0
1r6/1q2pkbp/6p1/3p4/1P2b3/4Q1P1/5PP1/1R3RK1,False,0.0,2,2176,5,0
1r6/1q2pkbp/6p1/3p4/1P6/4Q1P1/5PP1/1b3RK1,True,0.0,1,2228,5,0
1r6/1q2pkbp/6p1/3p4/1P6/4Q1P1/5PP1/1R4K1,False,0.0,9,2176,5,0
1r6/1q3kbp/6p1/3pp3/1P6/4Q1P1/5PP1/1R4K1,True,0.0,5,2228,5,0
1r6/1q3kbp/6p1/3pp3/1P6/1Q4P1/5PP1/1R4K1,False,0.0,5,2176,5,0
1r6/5kbp/6p1/1q1pp3/1P6/1Q4P1/5PP1/1R4K1,True,0.0,2,2228,5,0
1r6/5kbp/6p1/1q1pp3/1P6/1Q4P1/5PP1/3R2K1,False,0.0,8,2176,5,0
1r6/6bp/4k1p1/1q1pp3/1P6/1Q4P1/5PP1/3R2K1,True,0.0,3,2228,5,0
1r6/6bp/4k1p1/1q1pp3/1P3P2/1Q4P1/6P1/3R2K1,False,0.0,6,2176,5,0
2r5/6bp/4k1p1/1q1pp3/1P3P2/1Q4P1/6P1/3R2K1,True,0.0,12,2228,5,0
2r5/6bp/4k1p1/1q1pp3/1P3P2/5QP1/6P1/3R2K1,False,0.0,11,2176,5,0
2r5/6bp/4k1p1/1q1p4/1P2pP2/5QP1/6P1/3R2K1,True,0.0,2,2228,5,0
2r5/4k1bp/6p1/1q1p1P2/1P2p1Q1/6P1/6P1/3R2K1,False,0.0,20,2176,5,0
8/4k1bp/2r3p1/1q1p1P2/1P2p1Q1/6P1/6P1/3R2K1,True,0.0,8,2228,5,0
8/5kbp/2r3p1/1q1p1P2/1P2p2Q/6P1/6P1/3R2K1,True,0.0,2,2228,5,0
8/5kbQ/2r3p1/1q1p1P2/1P2p3/6P1/6P1/3R2K1,False,0.0,28,2176,5,0
8/5kbQ/1qr3p1/3p1P2/1P2p3/6P1/6P1/3R2K1,True,0.0,1,2228,4,0
r1b1kbnr/pp1pqpp1/2n4p/3Qp3/2B1P3/2N2N2/PP3PPP/R1B1K2R,True,0.0,6,2105,5,0
r1b1kbnr/pp1pqpp1/2n4p/1N1Qp3/2B1P3/5N2/PP3PPP/R1B1K2R,False,0.0,10,2146,5,0
r1b1kb1r/pp1pqpp1/2n2n1p/1N1Qp3/2B1P3/5N2/PP3PPP/R1B1K2R,True,0.001,3,2105,5,0
r1bk1b1r/ppNpqpp1/2n2n1p/3Qp3/2B1P3/5N2/PP3PPP/R1B1K2R,True,0.0,2,2105,5,0
N1bk1b1r/pp1pqpp1/2n2n1p/3Qp3/2B1P3/5N2/PP3PPP/R1B1K2R,False,0.0,2,2146,5,0
N1bk1b1r/pp1pqpp1/2n4p/3np3/2B1P3/5N2/PP3PPP/R1B1K2R,True,0.0,12,2105,5,0
N1bk1b1r/pp1pqpp1/2n4p/3Pp3/2B5/5N2/PP3PPP/R1B1K2R,False,0.0,5,2146,5,0
N1bk1b1r/pp1p1pp1/2n4p/3Pp3/1qB5/5N2/PP3PPP/R1B1K2R,True,0.0,4,2105,5,0
N1bk1b1r/pp1p1pp1/2n4p/3Pp3/1qB5/5N2/PP1B1PPP/R3K2R,False,0.0,2,2146,5,0
N1bk1b1r/pp1p1pp1/2n4p/3Pp3/2q5/5N2/PP1B1PPP/R3K2R,True,0.0,7,2105,5,0
N1bk1b1r/pp1p1pp1/2P4p/4p3/2q5/5N2/PP1B1PPP/R3K2R,False,0.0,3,2146,5,0
N1bk1b1r/p2p1pp1/2p4p/4p3/2q5/5N2/PP1B1PPP/R3K2R,True,0.0,7,2105,5,0
N1bk1b1r/p2p1pp1/2p4p/4p3/2q5/5N2/PP1B1PPP/2R1K2R,False,0.0,3,2146,5,0
N1bk1b1r/p2p1pp1/q1p4p/4p3/8/5N2/PP1B1PPP/2R1K2R,True,0.0,5,2105,5,0
N1bk1b1r/p2p1pp1/q1p4p/4N3/8/8/PP1B1PPP/2R1K2R,False,0.0,22,2146,5,0
N1b2b1r/p2pkpp1/q1p4p/4N3/8/8/PP1B1PPP/2R1K2R,True,0.0,8,2105,5,0
N1b2b1r/p3kpp1/q1pp3p/4N3/1B6/8/PP3PPP/2R1K2R,True,0.0,7,2105,5,0
N1b2b1r/p2k1pp1/q1Np3p/8/1B6/8/PP3PPP/2R1K2R,True,0.0,2,2105,5,0
NNb2b1r/p3kpp1/q2p3p/8/1B6/8/PP3PPP/2R1K2R,True,0.0,4,2105,5,0
N1b2b1r/p3kpp1/N2p3p/8/1B6/8/PP3PPP/2R1K2R,False,0.0,2,2146,5,0
N4b1r/p3kpp1/b2p3p/8/1B6/8/PP3PPP/2R1K2R,True,0.0,4,2105,5,0
r1bq1rk1/pp1nppbp/2pp1np1/8/2PP4/2N2NP1/PP2PPBP/R1BQ1RK1,True,0.008000000000000007,36,2018,5,0
r1bq1rk1/pp1nppbp/2pp1np1/8/2PPP3/2N2NP1/PP3PBP/R1BQ1RK1,False,0.271,4,2101,5,0
r1bq1rk1/pp1n1pbp/2pp1np1/4p3/2PPP3/2N2NP1/PP3PBP/R1BQ1RK1,True,0.15000000000000002,1,2018,5,0
r1bq1rk1/pp1n1pbp/2pp1np1/4P3/2P1P3/2N2NP1/PP3PBP/R1BQ1RK1,False,0.0,1,2101,5,0
r1bq1rk1/pp1n1pbp/2p2np1/4p3/2P1P3/2N2NP1/PP3PBP/R1BQ1RK1,True,0.072,17,2018,5,0
r1bq1rk1/pp1n1pbp/2p2np1/4p1B1/2P1P3/2N2NP1/PP3PBP/R2Q1RK1,False,0.092,1,2101,5,0
r1bqr1k1/pp1n1pbp/2p2np1/4p1B1/2P1P3/2N2NP1/PP3PBP/R2Q1RK1,True,0.097,7,2018,5,0
r1bqr1k1/pp1n1pbp/2p2np1/4p1B1/2P1P3/2N2NP1/PP2QPBP/R4RK1,False,0.044,4,2101,5,0
r1bqr1k1/pp1n1pb1/2p2npp/4p1B1/2P1P3/2N2NP1/PP2QPBP/R4RK1,True,0.0,3,2018,5,0
r1bqr1k1/pp1n1pb1/2p2Bpp/4p3/2P1P3/2N2NP1/PP2QPBP/R4RK1,False,0.0,8,2101,5,0
r1bqr1k1/pp1n1p2/2p2bpp/4p3/2P1P3/2N2NP1/PP2QPBP/R4RK1,True,0.001,2,2018,5,0
r1bqr1k1/pp1n1p2/2p2bpp/4p3/2P1P3/2N2NP1/PP2QPBP/R2R2K1,False,0.013000000000000001,2,2101,5,0
r1b1r1k1/ppqn1p2/2p2bpp/4p3/2P1P3/2N2NP1/PP2QPBP/R2R2K1,True,0.0,35,2018,5,0
r1b1r1k1/ppqn1p2/2p2bpp/4p3/2P1P3/2N2NP1/PP1RQPBP/R5K1,False,0.0,9,2101,5,0
r1b1rnk1/ppq2p2/2p2bpp/4p3/2P1P3/2N2NP1/PP1RQPBP/R5K1,True,0.001,6,2018,5,0
r1b1rnk1/ppq2p2/2p2bpp/4p3/2P1P3/2N2NP1/PP1RQPBP/3R2K1,False,0.001,1,2101,5,0
r3rnk1/ppq2p2/2p1bbpp/4p3/2P1P3/2N2NP1/PP1RQPBP/3R2K1,True,0.0,12,2018,5,0
r3rnk1/ppq2p2/2p1bbpp/4p3/2P1P3/1PN2NP1/P2RQPBP/3R2K1,False,0.002,3,2101,5,0
3rrnk1/ppq2p2/2p1bbpp/4p3/2P1P3/1PN2NP1/P2RQPBP/3R2K1,True,0.001,8,2018,5,0
3rrnk1/ppq2p2/2p1bbpp/4p3/2P1P3/1PN1QNP1/P2R1PBP/3R2K1,False,0.006999999999999992,8,2101,5,0
3rrnk1/ppq2p2/2p1bb1p/4p1p1/2P1P3/1PN1QNP1/P2R1PBP/3R2K1,True,0.006999999999999999,88,2018,5,0
3rrnk1/ppq2p2/2p1bb1p/4p1p1/N1P1P3/1P2QNP1/P2R1PBP/3R2K1,False,0.0,21,2101,5,0
4rnk1/ppq2p2/2p1bb1p/4p1p1/N1P1P3/1P2QNP1/P2r1PBP/3R2K1,True,0.001,3,2018,5,0
4rnk1/ppq2p2/2p1bb1p/4p1p1/N1P1P3/1P2QNP1/P2R1PBP/6K1,False,0.0,8,2101,5,0
4rnk1/p1q2p2/1pp1bb1p/4p1p1/N1P1P3/1P2QNP1/P2R1PBP/6K1,True,0.001,4,2018,5,0
4rnk1/p1q2p2/1pp1bb1p/4p1p1/2P1P3/1P2QNP1/PN1R1PBP/6K1,False,0.0,4,2101,5,0
3r1nk1/p1q2p2/1pp1bb1p/4p1p1/2P1P3/1P2QNP1/PN1R1PBP/6K1,True,0.0,20,2018,5,0
3R1nk1/p1q2p2/1pp1bb1p/4p1p1/2P1P3/1P2QNP1/PN3PBP/6K1,False,0.0,2,2101,5,0
3b1nk1/p1q2p2/1pp1b2p/4p1p1/2P1P3/1P2QNP1/PN3PBP/6K1,True,0.0009999999999999992,3,2018,5,0
3b1nk1/p1q2p2/1pp1b2p/4p1p1/2P1P3/1P1NQNP1/P4PBP/6K1,False,0.0,2,2101,5,0
3b1nk1/p1q5/1pp1bp1p/4p1p1/2P1P3/1P1NQNP1/P4PBP/6K1,True,0.005,4,2018,5,0
3b1nk1/p1q5/1pp1bp1p/4p1p1/2P1P2P/1P1NQNP1/P4PB1/6K1,False,0.0,25,2101,5,0
3b1n2/p1q3k1/1pp1bp1p/4p1p1/2P1P2P/1P1NQNP1/P4PB1/6K1,True,0.005999999999999999,13,2018,5,0
3b1n2/p1q3k1/1pp1bp1p/2P1p1p1/4P2P/1P1NQNP1/P4PB1/6K1,False,0.01,36,2101,5,0
3b1n2/p1q3k1/2p1bp1p/1pP1p1p1/4P2P/1P1NQNP1/P4PB1/6K1,True,0.003,50,2018,5,0
3b1n2/p1q3k1/2p1bp1p/1pP1p1p1/4P2P/1P1N1NP1/P2Q1PB1/6K1,False,0.004,20,2101,5,0
5n2/p1q1b1k1/2p1bp1p/1pP1p1p1/4P2P/1P1N1NP1/P2Q1PB1/6K1,True,0.008000000000000002,1,2018,5,0
5n2/p1q1b1k1/2p1bp1p/1pP1p1p1/4P2P/1PQN1NP1/P4PB1/6K1,False,0.005,36,2101,5,0
5n2/2q1b1k1/2p1bp1p/ppP1p1p1/4P2P/1PQN1NP1/P4PB1/6K1,True,0.003,3,2018,5,0
5n2/2q1b1k1/2p1bp1p/ppP1p1p1/4P2P/PPQN1NP1/5PB1/6K1,False,0.011000000000000003,47,2101,5,0
8/2qnb1k1/2p1bp1p/ppP1p1p1/4P2P/PPQN1NP1/5PB1/6K1,True,0.0,58,2018,5,0
8/2qnb1k1/2p1bp1p/ppP1p1p1/4P2P/PPQN2P1/3N1PB1/6K1,False,0.08499999999999999,22,2101,5,0
8/q2nb1k1/2p1bp1p/ppP1p1p1/4P2P/PPQN2P1/3N1PB1/6K1,True,0.035,2,2018,5,0
8/q2nb1k1/2p1bp1p/ppP1p1p1/1P2P2P/P1QN2P1/3N1PB1/6K1,False,0.0,5,2101,5,0
8/q2nb1k1/2p1bp1p/1pP1p1p1/pP2P2P/P1QN2P1/3N1PB1/6K1,True,0.08500000000000002,8,2018,5,0
8/q2nb1k1/2p1bp1p/1pP1p1p1/pP2P2P/P1QN2P1/5PB1/5NK1,False,0.0,26,2101,5,0
5n2/q3b1k1/2p1bp1p/1pP1p1p1/pP2P2P/P1QN2P1/5PB1/5NK1,True,0.5720000000000001,30,2018,5,0
5n2/q3b1k1/2p1bp1p/1pP1p1p1/pP2P2P/P1QNN1P1/5PB1/6K1,False,0.0,4,2101,5,0
5n2/3qb1k1/2p1bp1p/1pP1p1p1/pP2P2P/P1QNN1P1/5PB1/6K1,True,0.008000000000000007,7,2018,5,0
5n2/3qb1k1/2p1bp1p/1pP1p1P1/pP2P3/P1QNN1P1/5PB1/6K1,False,0.05400000000000005,4,2101,5,0
5n2/3qb1k1/2p1bp2/1pP1p1p1/pP2P3/P1QNN1P1/5PB1/6K1,True,0.0,9,2018,5,0
5n2/3qb1k1/2p1bp2/1pP1p1p1/pP2P3/P1QNNPP1/6B1/6K1,False,0.03900000000000001,18,2101,5,0
5n2/4b1k1/2p1bp2/1pP1p1p1/pP1qP3/P1QNNPP1/6B1/6K1,True,0.0,1,2018,5,0
5n2/4b1k1/2p1bp2/1pP1p1p1/pP1QP3/P2NNPP1/6B1/6K1,False,0.0,2,2101,5,0
5n2/4b1k1/2p1bp2/1pP3p1/pP1pP3/P2NNPP1/6B1/6K1,True,0.0,3,2018,5,0
5n2/4b1k1/2p2p2/1pP2Pp1/pP1p4/P2N1PP1/6B1/6K1,False,0.0,10,2101,5,0
8/3nb1k1/2p2p2/1pP2Pp1/pP1p4/P2N1PP1/6B1/6K1,True,0.0,3,2018,5,0
8/3nb1k1/2p2p2/1pP2Pp1/pP1p1P2/P2N2P1/6B1/6K1,False,0.0,7,2101,5,0
rn2kb1r/ppp2ppp/3q4/4pb2/3P2n1/2N1B3/PPPQNPPP/R3KB1R,True,0.0,12,2137,5,0
rn2kb1r/ppp2ppp/3q4/4pb2/3P2n1/2N1B3/PPPQNPPP/2KR1B1R,False,0.0,4,2205,5,0
rn2kb1r/ppp2ppp/3q4/4pb2/3P4/2N1n3/PPPQNPPP/2KR1B1R,True,0.0,7,2137,5,0
rn2kb1r/ppp2ppp/3q4/4pb2/3P4/2N1P3/PPPQN1PP/2KR1B1R,False,0.0010000000000000009,20,2205,5,0
r3kb1r/ppp2ppp/2nq4/4pb2/3P4/2N1P3/PPPQN1PP/2KR1B1R,True,0.0,11,2137,5,0
r3kb1r/ppp2ppp/2nq4/4pb2/3P4/2N1P1N1/PPPQ2PP/2KR1B1R,False,0.0,4,2205,5,0
r3kb1r/ppp2ppp/2nq4/4p3/3P2b1/2N1P1N1/PPPQ2PP/2KR1B1R,True,0.038000000000000034,5,2137,5,0
r3kb1r/ppp2ppp/2nq4/4p3/3P2b1/2N1P1N1/PPPQB1PP/2KR3R,False,0.0,4,2205,5,0
r3kb1r/ppp2ppp/2nq4/4p3/3P4/2N1P1N1/PPPQb1PP/2KR3R,True,0.0,1,2137,5,0
r3kb1r/ppp2ppp/2nq4/4p3/3P4/2N1P3/PPPQN1PP/2KR3R,False,0.0050000000000000044,5,2205,5,0
2kr1b1r/ppp2ppp/2nq4/4p3/3P4/2N1P3/PPPQN1PP/2KR3R,True,0.0,23,2137,5,0
2kr1b1r/ppp2ppp/2nq4/4p3/3PN3/4P3/PPPQN1PP/2KR3R,False,0.0,26,2205,5,0
2kr1b1r/ppp2ppp/2n3q1/4p3/3PN3/4P3/PPPQN1PP/2KR3R,True,0.0,18,2137,5,0
2kr1b1r/ppp2ppp/2n3q1/4p3/3P4/4P1N1/PPPQN1PP/2KR3R,False,0.002,27,2205,5,0
2kr3r/ppp2ppp/2n3q1/2b1p3/3P4/4P1N1/PPPQN1PP/2KR3R,True,0.002,28,2137,5,0
2kr3r/ppp2ppp/2n3q1/2b1p3/3P4/2Q1P1N1/PPP1N1PP/2KR3R,False,0.0,7,2205,5,0
2kr3r/ppp2ppp/2n3q1/4p3/1b1P4/2Q1P1N1/PPP1N1PP/2KR3R,True,0.025,2,2137,5,0
2kr3r/ppp2ppp/2n3q1/4p3/1b1P4/3QP1N1/PPP1N1PP/2KR3R,False,0.023000000000000003,3,2205,5,0
2kr3r/ppp2ppp/2n5/4p3/1b1P4/3RP1N1/PPP1N1PP/2K4R,False,0.167,4,2205,5,0
2kr3r/ppp2ppp/2n5/8/1b1p4/3RP1N1/PPP1N1PP/2K4R,True,0.0,3,2137,5,0
2kr3r/ppp2ppp/2n5/8/1b1P4/3R2N1/PPP1N1PP/2K4R,False,0.0,4,2205,5,0
2krr3/ppp2ppp/2n5/8/1b1P4/3R2N1/PPP1N1PP/2K4R,True,0.042,11,2137,5,0
2krr3/ppp2ppp/2n5/8/1b1P4/3R2N1/PPP1N1PP/2KR4,False,0.015000000000000001,32,2205,5,0
2krr3/ppp2ppp/2nb4/8/3P4/3R2N1/PPP1N1PP/2KR4,True,0.001,9,2137,5,0
2krr3/ppp2ppp/2nb4/8/3P4/3R2NP/PPP1N1P1/2KR4,False,0.002,9,2205,5,0
2k1r3/pppr1ppp/2nb4/8/3P4/3R2NP/PPP1N1P1/2KR4,True,0.0,24,2137,5,0
2k1r3/pppr1ppp/2nb4/8/3P4/3R2NP/PPPRN1P1/2K5,False,0.001,5,2205,5,0
2k1r3/ppp1rppp/2nb4/8/3P4/3R2NP/PPPRN1P1/2K5,True,0.0,11,2137,5,0
2k1r3/ppp1rppp/2nb4/8/3P4/3R2NP/PPPRN1P1/3K4,False,0.0,27,2205,5,0
2k1r3/ppp1rp1p/2nb2p1/8/3P4/3R2NP/PPPRN1P1/3K4,True,0.0,18,2137,5,0
2k1r3/ppp1rp1p/2nb2p1/8/3P4/2PR2NP/PP1RN1P1/3K4,False,0.0,4,2205,5,0
2k1r3/ppp1rp2/2nb2p1/7p/3P4/2PR2NP/PP1RN1P1/3K4,True,0.0,44,2137,5,0
2k1r3/ppp1rp2/2nb2p1/7p/3P4/P1PR2NP/1P1RN1P1/3K4,False,0.001,13,2205,5,0
2k1r3/ppp1r3/2nb1pp1/7p/3P4/P1PR2NP/1P1RN1P1/3K4,True,0.0,18,2137,5,0
2k1r3/ppp1r3/2nb1pp1/7p/3P4/P1PR2NP/1PKRN1P1/8,False,0.0,11,2205,5,0
2k1r3/ppp1r3/2nb1pp1/8/3P3p/P1PR2NP/1PKRN1P1/8,True,0.0,7,2137,5,0
2k1r3/ppp1r3/2nb1pp1/3P4/7p/P1PR2NP/1PKRN1P1/8,False,0.0,42,2205,5,0
2k1r3/ppp1r3/3b1pp1/n2P4/7p/P1PR2NP/1PKRN1P1/8,True,0.0,58,2137,5,0
2k1r3/ppp1r3/3b1pp1/n2P4/7p/P1PR3P/1PKRN1P1/5N2,False,0.0,3,2205,5,0
2k1r3/ppp5/3b1pp1/n2P4/7p/P1PR3P/1PKRr1P1/5N2,True,0.0,1,2137,5,0
2k1r3/ppp5/3b1pp1/n2P4/7p/P1PR3P/1PK1R1P1/5N2,False,0.0,2,2205,5,0
r2qk1nr/pp1bppbp/2np2p1/8/3NPP2/3BB3/PPP3PP/RN1QK2R,True,0.0,2,2025,5,0
r2qk1nr/pp1bppbp/2np2p1/8/3NPP2/2PBB3/PP4PP/RN1QK2R,False,0.124,3,2139,5,0
r2qk2r/pp1bppbp/2np2pn/8/3NPP2/2PBB3/PP4PP/RN1QK2R,True,0.0,2,2025,5,0
r2qk2r/pp1bppbp/2np2pn/8/3NPP2/2PBB2P/PP4P1/RN1QK2R,False,0.19999999999999998,5,2139,5,0
r2qk2r/1p1bppbp/p1np2pn/8/3NPP2/2PBB2P/PP4P1/RN1QK2R,True,0.24999999999999997,2,2025,5,0
r2qk2r/1p1bppbp/p1np2pn/8/3NPP2/2PBB2P/PP1N2P1/R2QK2R,False,0.23100000000000004,2,2139,5,0
r2qk2r/1p1bppbp/p2p2pn/8/3nPP2/2PBB2P/PP1N2P1/R2QK2R,True,0.0,5,2025,5,0
r2qk2r/1p1bppbp/p2p2pn/8/3BPP2/2PB3P/PP1N2P1/R2QK2R,False,0.0,1,2139,5,0
r2qk2r/1p1bpp1p/p2p2pn/8/3bPP2/2PB3P/PP1N2P1/R2QK2R,True,0.0,1,2025,5,0
r2qk2r/1p1bpp1p/p2p2pn/8/3PPP2/3B3P/PP1N2P1/R2QK2R,False,0.369,2,2139,5,0
r3k2r/1p1bpp1p/pq1p2pn/8/3PPP2/3B3P/PP1N2P1/R2QK2R,True,0.002,7,2025,5,0
r3k2r/1p1bpp1p/pq1p2pn/8/3PPP2/1N1B3P/PP4P1/R2QK2R,False,0.008000000000000002,2,2139,5,0
r3k2r/1p2pp1p/pq1p2pn/8/b2PPP2/1N1B3P/PP4P1/R2QK2R,True,0.0,6,2025,5,0
r3k2r/1p2pp1p/pq1p2pn/8/b2PPP2/1N5P/PPB3P1/R2QK2R,False,0.011000000000000003,3,2139,5,0
r3k2r/1p2pp1p/p2p2pn/8/bq1PPP2/1N5P/PPB3P1/R2QK2R,True,0.0,3,2025,5,0
r3k2r/1p2pp1p/p2p2pn/8/bq1PPP2/1N5P/PPB2KP1/R2Q3R,False,0.42900000000000005,5,2139,5,0
r4rk1/1p2pp1p/p2p2pn/8/bq1PPP2/1N5P/PPB2KP1/R2Q3R,True,0.027000000000000003,6,2025,5,0
r4rk1/1p2pp1p/p2p2pn/8/bq1PPP2/1N5P/PPB2KP1/R2QR3,False,0.058,8,2139,5,0
2r2rk1/1p2pp1p/p2p2pn/8/bq1PPP2/1N5P/PPB2KP1/R2QR3,True,0.002,11,2025,5,0
2r2rk1/1p2pp1p/p2p2pn/8/bq1PPP2/1N1Q3P/PPB2KP1/R3R3,False,0.014,3,2139,5,0
2r2rk1/1p3p1p/p2p2pn/4p3/bq1PPP2/1N1Q3P/PPB2KP1/R3R3,True,0.0,5,2025,5,0
2r2rk1/1p3p1p/p2p2pn/4P3/bq1PP3/1N1Q3P/PPB2KP1/R3R3,False,0.0,2,2139,5,0
2r2rk1/1p3p1p/p5pn/4p3/bq1PP3/1N1Q3P/PPB2KP1/R3R3,True,0.0,1,2025,5,0
2r2rk1/1p3p1p/p5pn/3Pp3/bq2P3/1N1Q3P/PPB2KP1/R3R3,False,0.0,1,2139,5,0
2r2rk1/1p5p/p5pn/3Ppp2/bq2P3/1N1Q3P/PPB2KP1/R3R3,True,0.0,13,2025,5,0
2r2rk1/1p5p/p5pn/3Ppp2/bq2P3/1N1Q3P/PPB3P1/R3R1K1,False,0.0,9,2139,5,0
2r2rk1/1p5p/p5pn/3Pp3/bq2Pp2/1N1Q3P/PPB3P1/R3R1K1,True,0.0,49,2025,5,0
2r2rk1/1p5p/p5pn/3Pp3/bq2Pp2/1N1Q3P/PPB3P1/2R1R1K1,False,0.0,23,2139,5,0
5rk1/1pr4p/p5pn/3Pp3/bq2Pp2/1N1Q3P/PPB3P1/2R1R1K1,True,0.0,8,2025,5,0
5rk1/1pr4p/p2P2pn/4p3/bq2Pp2/1N1Q3P/PPB3P1/2R1R1K1,False,0.0,10,2139,5,0
5rk1/1p1r3p/p2P2pn/4p3/bq2Pp2/1N1Q3P/PPB3P1/2R1R1K1,True,0.013,7,2025,5,0
5rk1/1p1r1n1p/p2P2p1/3Qp3/bq2Pp2/1N5P/PPB3P1/2R1R1K1,True,0.0,16,2025,5,0
5rk1/1p1r1n1p/p2P2p1/3Qp3/bq2Pp2/1N5P/PPB3P1/2RR2K1,False,0.0,6,2139,5,0
5rk1/1p3n1p/p2r2p1/3Qp3/bq2Pp2/1N5P/PPB3P1/2RR2K1,True,0.0,15,2025,5,0
5rk1/1p3n1p/p2r2p1/3Qp3/bq2Pp2/PN5P/1PB3P1/2RR2K1,False,0.0,4,2139,5,0
5rk1/1p3n1p/pq1r2p1/3Qp3/b3Pp2/PN5P/1PB3P1/2RR2K1,True,0.0,2,2025,5,0
5rk1/1p3n1p/pq1r2p1/2Q1p3/b3Pp2/PN5P/1PB3P1/2RR2K1,False,0.0,21,2139,5,0
5rk1/1p3n1p/pq1r2p1/2Q1p3/4Pp2/Pb5P/1PB3P1/2RR2K1,True,0.0,10,2025,5,0
5rk1/1p3n1p/pq1r2p1/2Q1p3/4Pp2/PB5P/1P4P1/2RR2K1,False,0.0010000000000000009,3,2139,5,0
5rk1/1p3n1p/p2r2p1/2Q1p3/4Pp2/Pq5P/1P4P1/2RR2K1,True,0.0,3,2025,5,0
5rk1/1p3n1p/p2R2p1/2Q1p3/4Pp2/Pq5P/1P4P1/2R3K1,False,0.5860000000000001,2,2139,5,0
5rk1/1p5p/p2n2p1/2Q1p3/4Pp2/Pq5P/1P4P1/2R3K1,True,0.0,2,2025,5,0
5rk1/1p5p/p2Q2p1/4p3/4Pp2/Pq5P/1P4P1/2R3K1,False,0.0,1,2139,5,0
5rk1/1p5p/p2Q2p1/4p3/4Pp2/P3q2P/1P4P1/2R3K1,True,0.0,5,2025,3,0
5rk1/1p5p/p2Q2p1/4p3/4Pp2/P3q2P/1P4P1/2R4K,False,0.0,3,2139,5,0
5rk1/1p5p/p2Q2p1/4p3/4Pp2/P6P/1P4PK/2q5,False,0.0,7,2139,5,0
5rk1/1p5p/p2Q2p1/4p3/4Pp2/P6P/1q4PK/8,True,0.0,6,2025,5,0
rn1qkb1r/pp3pp1/2pp1n1p/4p3/2B1P3/2NP1Q1P/PPP2PP1/R1B1K2R,True,0.0,16,2085,5,0
rn1qkb1r/pp3pp1/2pp1n1p/4p3/2B1P3/P1NP1Q1P/1PP2PP1/R1B1K2R,False,0.0,3,2016,5,0
r2qkb1r/pp1n1pp1/2pp1n1p/4p3/2B1P3/P1NP1Q1P/1PP2PP1/R1B1K2R,True,0.08599999999999997,3,2085,5,0
r2qkb1r/pp1n1pp1/2pp1n1p/4p3/2B1P3/P1NP1Q1P/1PP2PP1/R1B2RK1,False,0.0030000000000000027,3,2016,5,0
r2qkb1r/pp3pp1/1npp1n1p/4p3/2B1P3/P1NP1Q1P/1PP2PP1/R1B2RK1,True,0.0040000000000000036,10,2085,5,0
r2qkb1r/pp3pp1/1npp1n1p/4p3/2B1P3/P1NPBQ1P/1PP2PP1/R4RK1,False,0.0030000000000000027,3,2016,5,0
r2qkb1r/pp3pp1/2pp1n1p/4p3/2n1P3/P1NPBQ1P/1PP2PP1/R4RK1,True,0.0,3,2085,5,0
r2qkb1r/pp3pp1/2pp1n1p/4p3/2P1P3/P1N1BQ1P/1PP2PP1/R4RK1,False,0.11399999999999999,1,2016,5,0
r2qk2r/pp2bpp1/2pp1n1p/4p3/2P1P3/P1N1BQ1P/1PP2PP1/R4RK1,True,0.04500000000000004,5,2085,5,0
r2qk2r/pp2bpp1/2pp1n1p/4p3/1PP1P3/P1N1BQ1P/2P2PP1/R4RK1,False,0.03699999999999992,2,2016,5,0
r2q1rk1/pp2bpp1/2pp1n1p/4p3/1PP1P3/P1N1BQ1P/2P2PP1/R4RK1,True,0.099,1,2085,5,0
r2q1rk1/pp2bpp1/2pp1n1p/2P1p3/1P2P3/P1N1BQ1P/2P2PP1/R4RK1,False,0.1309999999999999,7,2016,5,0
r2q1rk1/pp2bpp1/2p2n1p/2Ppp3/1P2P3/P1N1BQ1P/2P2PP1/R4RK1,True,0.009999999999999995,3,2085,5,0
r2q1rk1/pp2bpp1/2p2n1p/2PPp3/1P6/P1N1BQ1P/2P2PP1/R4RK1,False,0.0,1,2016,5,0
r2q1rk1/pp2bpp1/5n1p/2Ppp3/1P6/P1N1BQ1P/2P2PP1/R4RK1,True,0.006000000000000002,6,2085,5,0
r2q1rk1/pp2bpp1/5n1p/2Ppp3/1P6/P1N2Q1P/2PB1PP1/R4RK1,False,0.0,12,2016,5,0
r2q1rk1/pp2bpp1/5n1p/2P1p3/1P1p4/P1N2Q1P/2PB1PP1/R4RK1,True,0.0,3,2085,5,0
r4rk1/ppq1bpp1/5n1p/2P1p3/1P1pN3/P4Q1P/2PB1PP1/R4RK1,True,0.0,3,2085,5,0
r4rk1/ppq2pp1/5b1p/2P1p3/1P1p4/P4Q1P/2PB1PP1/R4RK1,True,0.06,4,2085,5,0
r4rk1/ppq2pp1/5b1B/2P1p3/1P1p4/P4Q1P/2P2PP1/R4RK1,False,0.097,17,2016,5,0
r4rk1/pp3pp1/2q2b1B/2P1p3/1P1p4/P4Q1P/2P2PP1/R4RK1,True,0.0,4,2085,5,0
r4rk1/pp3pp1/2Q2b1B/2P1p3/1P1p4/P6P/2P2PP1/R4RK1,False,0.0,3,2016,5,0
r4rk1/p4pp1/2p2b1B/2P1p3/1P1p4/P6P/2P2PP1/R4RK1,True,0.0,2,2085,5,0
r4rk1/p4pp1/2p2b2/2P1p3/1P1p4/P6P/2PB1PP1/R4RK1,False,0.0,8,2016,5,0
r4rk1/p4pp1/2p2b2/2P5/1P1pp3/P6P/2PB1PP1/R4RK1,True,0.295,2,2085,5,0
r4rk1/p4pp1/2p2b2/2P5/1P1pp3/P6P/2PB1PP1/3R1RK1,False,0.0,7,2016,5,0
4rrk1/p4pp1/2p2b2/2P5/1P1pp3/P6P/2PB1PP1/3R1RK1,True,0.378,10,2085,5,0
4rrk1/p4pp1/2p2b2/2P5/1P1ppB2/P6P/2P2PP1/3R1RK1,False,0.0,24,2016,5,0
5rk1/p4pp1/2p1rb2/2P5/1P1ppB2/P6P/2P2PP1/3R1RK1,True,0.0,2,2085,5,0
5rk1/p4pp1/2p1rb2/2P5/1P1ppB2/P6P/2P2PP1/3RR1K1,False,0.273,2,2016,5,0
4r1k1/p4pp1/2p1rb2/2P5/1P1ppB2/P6P/2P2PP1/3RR1K1,True,0.040000000000000036,8,2085,5,0
4r1k1/p4pp1/2p1rb2/2P5/1P1ppBP1/P6P/2P2P2/3RR1K1,False,0.0,2,2016,5,0
4r1k1/p4p2/2p1rb2/2P3p1/1P1ppBP1/P6P/2P2P2/3RR1K1,True,0.5980000000000001,3,2085,5,0
4r1k1/p4p2/2p1rb2/2P3p1/1P1pp1P1/P5BP/2P2P2/3RR1K1,False,0.138,2,2016,5,0
4r1k1/p4p2/2p1rb2/2P3p1/1P1p2P1/P3p1BP/2P2P2/3RR1K1,True,0.05999999999999994,15,2085,5,0
4r1k1/p4p2/2p1rb2/2P3p1/1P1p2P1/P3p1BP/2P2P2/3RRK2,False,0.0,8,2016,5,0
r1bqk2r/ppp2ppp/2n5/1Bbp4/3pn3/2P2N2/PP3PPP/RNBQ1RK1,True,0.09000000000000001,4,2283,5,0
r1bqk2r/ppp2ppp/2n5/1Bbp4/3Pn3/5N2/PP3PPP/RNBQ1RK1,False,0.0,6,2219,5,0
r1bqk2r/ppp2ppp/2nb4/1B1p4/3Pn3/5N2/PP3PPP/RNBQ1RK1,True,0.0,5,2283,5,0
r1bqk2r/ppp2ppp/2nb4/1B1p4/3Pn3/5N2/PP3PPP/RNBQR1K1,False,0.0,1,2219,5,0
r1bq1rk1/ppp2ppp/2nb4/1B1p4/3Pn3/5N2/PP3PPP/RNBQR1K1,True,0.0,1,2283,5,0
r1bq1rk1/ppp2ppp/2nb4/1B1p4/3Pn3/2N2N2/PP3PPP/R1BQR1K1,False,0.0,2,2219,5,0
r2q1rk1/ppp2ppp/2nbb3/1B1p4/3Pn3/2N2N2/PP3PPP/R1BQR1K1,True,0.0,4,2283,5,0
r2q1rk1/ppp2ppp/2nbb3/1B1p4/3PN3/5N2/PP3PPP/R1BQR1K1,False,0.0,2,2219,5,0
r2q1rk1/ppp2ppp/2nbb3/1B6/3Pp3/5N2/PP3PPP/R1BQR1K1,True,0.001,3,2283,5,0
r2q1rk1/ppp2ppp/2nbb3/1B6/3PR3/5N2/PP3PPP/R1BQ2K1,False,0.029,3,2219,5,0
r2q1rk1/ppp2ppp/2nb4/1B1b4/3PR3/5N2/PP3PPP/R1BQ2K1,True,0.0,2,2283,5,0
r2q1rk1/ppp2ppp/2nb4/1B1b4/3P4/5N2/PP3PPP/R1BQR1K1,False,0.003,2,2219,5,0
r2q1rk1/ppp2ppp/2nb4/1B6/3P4/5b2/PP3PPP/R1BQR1K1,True,0.0,4,2283,5,0
r2q1rk1/ppp2ppp/2nb4/1B6/3P4/5Q2/PP3PPP/R1B1R1K1,False,0.14600000000000002,2,2219,5,0
r2q1rk1/ppp2ppp/3b4/1B6/3n4/5Q2/PP3PPP/R1B1R1K1,True,0.0,4,2283,5,0
r2q1rk1/pQp2ppp/3b4/1B6/3n4/8/PP3PPP/R1B1R1K1,False,0.041,5,2219,5,0
1r1q1rk1/pQp2ppp/3b4/1B6/3n4/8/PP3PPP/R1B1R1K1,True,0.0,7,2283,5,0
1r1q1rk1/Q1p2ppp/3b4/1B6/3n4/8/PP3PPP/R1B1R1K1,False,0.0,1,2219,5,0
1r1q1rk1/Q1p2ppp/3b4/1n6/8/8/PP3PPP/R1B1R1K1,True,0.0,7,2283,5,0
1r1q1rk1/2p2ppp/3b4/1n6/Q7/8/PP3PPP/R1B1R1K1,False,0.0,3,2219,5,0
1r1q1rk1/2p2ppp/3b4/8/Q2n4/8/PP3PPP/R1B1R1K1,True,0.0,8,2283,5,0
1r1q1rk1/2p2ppp/3b4/8/Q2n4/4B3/PP3PPP/R3R1K1,False,0.0,5,2219,5,0
1r3rk1/2p2ppp/3b4/8/Q2n3q/4B3/PP3PPP/R3R1K1,True,0.0,11,2283,5,0
1r3rk1/2p2ppp/3b4/8/3Q3q/4B3/PP3PPP/R3R1K1,False,0.0,4,2219,5,0
1r3rk1/2p2ppp/3b4/8/3Q4/4B3/PP3PPq/R3R1K1,True,0.0,2,2283,1,0
1r3rk1/2p2ppp/3b4/8/3Q4/4B3/PP3PPq/R3RK2,False,0.0,2,2219,5,0
1r3rk1/2p2ppp/3b4/8/3Q4/4B3/PP3PP1/R3RK1q,True,0.0,1,2283,1,0
1r3rk1/2p2ppp/3b4/8/3Q4/4B3/PP2KPP1/R3R2q,False,0.0,1,2219,5,0
1r3rk1/2p2ppp/3b4/8/3Q4/4B3/PP2KPq1/R3R3,True,0.0,1,2283,5,0
1r3rk1/2p2ppp/3b4/8/3Q4/4B3/PP2KPq1/R5R1,False,0.0,33,2219,5,0
1r3rk1/2p2ppp/3b4/8/3Q4/4B3/PP2KP2/R5q1,True,0.0,2,2283,5,0
1r3rk1/2p2p1p/3b2p1/8/3Q4/4B3/PP2KP2/6R1,True,0.0,12,2283,5,0
1r3rk1/2p2p1p/3b2p1/8/3Q4/1P2B3/P3KP2/6R1,False,0.0,1,2219,5,0
1r2r1k1/2p2p1p/3b2p1/8/3Q4/1P2B3/P3KP2/6R1,True,0.0,8,2283,5,0
1r2r1k1/2p2p1p/3b2p1/8/3Q4/1P2B3/P4P2/5KR1,False,0.0,2,2219,5,0
1r2r1k1/2p2p1p/6p1/4b3/3Q4/1P2B3/P4P2/5KR1,True,0.0,7,2283,5,0
1r2r1k1/2p2p1p/6p1/4b3/2Q5/1P2B3/P4P2/5KR1,False,0.0,6,2219,5,0
r3r1k1/2p2p1p/6p1/4b3/2Q5/1P2B3/P4P2/5KR1,True,0.0,2,2283,5,0
r3r1k1/2p2p1p/6p1/4b3/P1Q5/1P2B3/5P2/5KR1,False,0.0,4,2219,5,0
3rr1k1/2p2p1p/6p1/4b3/P1Q5/1P2B3/5P2/5KR1,True,0.0,5,2283,5,0
3rr1k1/2p2p1p/6p1/4b3/P1Q3R1/1P2B3/5P2/5K2,False,0.0,5,2219,5,0
3rr1k1/2p2p2/6p1/4b2p/P1Q3R1/1P2B3/5P2/5K2,True,0.0,3,2283,5,0
3rr1k1/2p2p2/6p1/4b2p/P1Q1R3/1P2B3/5P2/5K2,False,0.0,3,2219,5,0
3rr1k1/2p2p2/3b2p1/7p/P1Q1R3/1P2B3/5P2/5K2,True,0.0,2,2283,5,0
4r1k1/2p2p2/3b2p1/7p/P1Q5/1P2B3/5P2/5K2,True,0.0,3,2283,5,0
4r1k1/2p2p2/3b2p1/7p/P1Q5/1P2B3/5PK1/8,False,0.0,14,2219,5,0
4r3/2p2pk1/3b2p1/7p/P1Q5/1P2B3/5PK1/8,True,0.0,5,2283,5,0
4r3/2p3k1/3b1pp1/7p/P1QB4/1P6/5PK1/8,True,0.0,4,2283,5,0
4r3/2p3k1/3b1pp1/7p/P2B4/1PQ5/5PK1/8,False,0.0,4,2219,5,0
8/2p3k1/3brpp1/7p/P2B4/1PQ5/5PK1/8,True,0.0,4,2283,5,0
8/2p3k1/3brpp1/P6p/3B4/1PQ5/5PK1/8,False,0.0,1,2219,5,0
8/2p3k1/3brp2/P5pp/3B4/1PQ5/5PK1/8,True,0.0,6,2283,5,0
8/2p3k1/P2brp2/6pp/3B4/1PQ5/5PK1/8,False,0.0,2,2219,5,0
8/2p3k1/P3rp2/6pp/3B1b2/1PQ5/5PK1/8,True,0.0,10,2283,5,0
8/2p3k1/P4r2/6pp/5b2/1PQ5/5PK1/8,True,0.0,2,2283,5,0
8/2p5/P4k2/6pp/5b2/1P6/5PK1/8,True,0.0,2,2283,5,0
r1bq1rk1/1p1pppbp/p1n2np1/2p5/2B1PP2/2NP1N2/PPP3PP/R1BQ1RK1,True,0.05399999999999999,1,2073,5,0
r1bq1rk1/1p1pppbp/p1n2np1/2p5/P1B1PP2/2NP1N2/1PP3PP/R1BQ1RK1,False,0.07300000000000001,6,2107,5,0
r1bq1rk1/1p1p1pbp/p1n1pnp1/2p5/P1B1PP2/2NP1N2/1PP3PP/R1BQ1RK1,True,0.010999999999999996,28,2073,5,0
r1bq1rk1/1p1p1pbp/p1n1pnp1/2p2P2/P1B1P3/2NP1N2/1PP3PP/R1BQ1RK1,False,0.0,3,2107,5,0
r1bq1rk1/1p3pbp/p1n1pnp1/2pp1P2/P1B1P3/2NP1N2/1PP3PP/R1BQ1RK1,True,0.0,17,2073,5,0
r1bq1rk1/1p3pbp/p1n1pnp1/2pP1P2/P1B5/2NP1N2/1PP3PP/R1BQ1RK1,False,0.0,2,2107,5,0
r1bq1rk1/1p3pbp/p1n2np1/2pp1P2/P1B5/2NP1N2/1PP3PP/R1BQ1RK1,True,0.0,14,2073,5,0
r1bq1rk1/1p3pbp/p1n2np1/2pp1P2/P7/1BNP1N2/1PP3PP/R1BQ1RK1,False,0.0,2,2107,5,0
r2q1rk1/1p3pbp/p1n2np1/2pp1b2/P7/1BNP1N2/1PP3PP/R1BQ1RK1,True,0.0,4,2073,5,0
r2q1rk1/1p3pbp/p1n2np1/2pp1bB1/P7/1BNP1N2/1PP3PP/R2Q1RK1,False,0.0,12,2107,5,0
r2q1rk1/1p3pbp/p1n2np1/2p2bB1/P2p4/1BNP1N2/1PP3PP/R2Q1RK1,True,0.0,5,2073,5,0
r2q1rk1/1p3pbp/p1n2np1/2p2bB1/P2pN3/1B1P1N2/1PP3PP/R2Q1RK1,False,0.0,2,2107,5,0
r2q1rk1/1p3pbp/p1n2np1/2p3B1/P2pb3/1B1P1N2/1PP3PP/R2Q1RK1,True,0.0,1,2073,5,0
r2q1rk1/1p3pbp/p1n2np1/2p3B1/P2pP3/1B3N2/1PP3PP/R2Q1RK1,False,0.0,4,2107,5,0
r4rk1/1p3pbp/p1nq1np1/2p3B1/P2pP3/1B3N2/1PP3PP/R2Q1RK1,True,0.0,54,2073,5,0
r4rk1/1p3pbp/p1nq1np1/2p3B1/P2pP3/1B1Q1N2/1PP3PP/R4RK1,False,0.0,12,2107,5,0
r4rk1/1p3pbp/p2q1np1/2p1n1B1/P2pP3/1B1Q1N2/1PP3PP/R4RK1,True,0.0,3,2073,5,0
r4rk1/1p3pbp/p4np1/2p1q1B1/P2pP3/1B1Q4/1PP3PP/R4RK1,True,0.026000000000000002,13,2073,5,0
r4rk1/1p3pbp/p4Bp1/2p1q3/P2pP3/1B1Q4/1PP3PP/R4RK1,False,0.0,3,2107,5,0
r4rk1/1p3p1p/p4bp1/2p1q3/P2pP3/1B1Q4/1PP3PP/R4RK1,True,0.0,2,2073,5,0
r4rk1/1p3p1p/p4bp1/2pBq3/P2pP3/3Q4/1PP3PP/R4RK1,False,0.37,8,2107,5,0
r4rk1/1p3pbp/p5p1/2pBq3/P2pP3/3Q4/1PP3PP/R4RK1,True,0.0,2,2073,5,0
r4rk1/1p3pbp/p5p1/2pBq3/P2pP3/1P1Q4/2P3PP/R4RK1,False,0.0,6,2107,5,0
1r3rk1/1p3pbp/p5p1/2pBq3/P2pP3/1P1Q4/2P3PP/R4RK1,True,0.0,9,2073,5,0
1r3rk1/1p3pbp/p5p1/2pBq3/P2pP3/1P1Q1R2/2P3PP/R5K1,False,0.0,10,2107,5,0
1r3rk1/1p3pbp/6p1/p1pBq3/P2pP3/1P1Q1R2/2P3PP/R5K1,True,0.0,5,2073,5,0
1r3rk1/1p3pbp/6p1/p1pBq3/P2pP3/1P1Q1R2/2P3PP/5RK1,False,0.0,3,2107,5,0
1r3rk1/5pbp/1p4p1/p1pBq3/P2pP3/1P1Q1R2/2P3PP/5RK1,True,0.03899999999999998,21,2073,5,0
1r3r1k/5Bbp/1p4p1/p1p1q3/P2pP3/1P1Q1R2/2P3PP/5RK1,True,0.0,1,2073,5,0
1r3r1k/6bp/1p4p1/p1pBq3/P2pP3/1P1Q1R2/2P3PP/5RK1,False,0.04000000000000001,11,2107,5,0
1r5k/6bp/1p4p1/p1pBq3/P2pP3/1P1Q1r2/2P3PP/5RK1,True,0.0,1,2073,5,0
1r5k/6bp/1p4p1/p1pBq3/P2pP3/1P1Q1R2/2P3PP/6K1,False,0.196,1,2107,5,0
5r1k/6bp/1p4p1/p1pBq3/P2pP3/1P1Q1R2/2P3PP/6K1,True,0.009000000000000001,2,2073,5,0
5b1k/7p/1p4p1/p1pBq3/P2pP3/1P1Q4/2P3PP/6K1,True,0.0,2,2073,5,0
5b1k/7p/1p4p1/p1pBq3/P2pP3/1P3Q2/2P3PP/6K1,False,0.0,2,2107,5,0
7k/7p/1p1b2p1/p1pBq3/P2pP3/1P3Q2/2P3PP/6K1,True,0.0,4,2073,5,0
7k/7p/1p1b2p1/p1pBq3/P2pP3/1P3QP1/2P4P/6K1,False,0.0,9,2107,5,0
8/6kp/1p1b2p1/p1pBq3/P2pP3/1P3QP1/2P4P/6K1,True,0.017,7,2073,5,0
8/5Q1p/1p1b2pk/p1pBq3/P2pP3/1P4P1/2P4P/6K1,True,0.0,5,2073,5,0
8/7p/1p1b2pk/p1pBq3/P2pP3/1P3QP1/2P4P/6K1,False,0.023,5,2107,5,0
8/7p/1p1b2pk/p1pB3q/P2pP3/1P3QP1/2P4P/6K1,True,0.0030000000000000027,11,2073,5,0
8/7p/1p1b2pk/p1pB3q/P2pP3/1P1Q2P1/2P4P/6K1,False,0.0049999999999999975,10,2107,5,0
8/7p/1p1b2pk/p1pB2q1/P2pP3/1P1Q2P1/2P4P/6K1,True,0.012999999999999998,3,2073,5,0
8/7p/1p1b2pk/p1pB2q1/P2pP3/1P1Q2P1/2P3KP/8,False,0.0049999999999999975,7,2107,5,0
8/6kp/1p1b2p1/p1pB2q1/P2pP3/1P1Q2P1/2P3KP/8,True,0.0,16,2073,5,0
8/6kp/1p1b2p1/p1pB2q1/P2pP3/1PPQ2P1/6KP/8,False,0.0,6,2107,5,0
8/6kp/1p4p1/p1pBb1q1/P2pP3/1PPQ2P1/6KP/8,True,0.0,3,2073,5,0
8/6kp/1p4p1/p1pBb1q1/P1PpP3/1P1Q2P1/6KP/8,False,0.005999999999999999,3,2107,5,0
8/6k1/1p4p1/p1pBb1qp/P1PpP3/1P1Q2P1/6KP/8,True,0.012,4,2073,5,0
8/6k1/1p4p1/p1pBb1qp/P1PpP3/1P3QP1/6KP/8,False,0.002,2,2107,5,0
8/6k1/1p3qp1/p1pBb2p/P1PpP3/1P3QP1/6KP/8,True,0.0,2,2073,5,0
8/8/1p3kp1/p1pBb2p/P1PpP3/1P3KP1/7P/8,False,0.011,6,2107,5,0
8/8/1p4p1/p1pBb1kp/P1PpP3/1P3KP1/7P/8,True,0.016999999999999998,2,2073,5,0
8/8/1p4p1/p1pBb1kp/P1PpP3/1P3KPP/8/8,False,0.022,10,2107,5,0
8/8/1p3kp1/p1pBb2p/P1PpP3/1P3KPP/8/8,True,0.011,6,2073,5,0
r1bqkbnr/p4ppp/2p1p3/2p5/5P2/2N2N2/PPPP2PP/R1BQK2R,True,0.0,2,2028,5,0
r1bqkbnr/p4ppp/2p1p3/2p5/5P2/2NP1N2/PPP3PP/R1BQK2R,False,0.14100000000000001,2,2170,5,0
r1bqkb1r/p4ppp/2p1pn2/2p5/5P2/2NP1N2/PPP3PP/R1BQK2R,True,0.02100000000000002,1,2028,5,0
r1bqkb1r/p4ppp/2p1pn2/2p5/5P2/2NP1N2/PPP3PP/R1BQ1RK1,False,0.0,3,2170,5,0
r1bqk2r/p3bppp/2p1pn2/2p5/5P2/2NP1N2/PPP3PP/R1BQ1RK1,True,0.0,2,2028,5,0
r1bqk2r/p3bppp/2p1pn2/2p5/5P2/2NP1N2/PPP3PP/R1BQ1R1K,False,0.0,1,2170,5,0
r1bq1rk1/p3bppp/2p1pn2/2p5/5P2/2NP1N2/PPP3PP/R1BQ1R1K,True,0.04999999999999993,2,2028,5,0
r1bq1rk1/p3bppp/2p1pn2/2p1N3/5P2/2NP4/PPP3PP/R1BQ1R1K,False,0.02400000000000002,7,2170,5,0
r1b2rk1/p1q1bppp/2p1pn2/2p1N3/5P2/2NP4/PPP3PP/R1BQ1R1K,True,0.04499999999999993,12,2028,5,0
r1b2rk1/p1q1bppp/2p1pn2/2p1N3/5P2/2NP1Q2/PPP3PP/R1B2R1K,False,0.0,23,2170,5,0
r1b2rk1/p1q2ppp/2pbpn2/2p1N3/5P2/2NP1Q2/PPP3PP/R1B2R1K,True,0.0030000000000000027,22,2028,5,0
r1b2rk1/p1q2ppp/2pbpn2/2p5/2N2P2/2NP1Q2/PPP3PP/R1B2R1K,False,0.013000000000000012,13,2170,5,0
r4rk1/p1q2ppp/b1pbpn2/2p5/2N2P2/2NP1Q2/PPP3PP/R1B2R1K,True,0.833,6,2028,5,0
r4rk1/p1q2ppp/b1pNpn2/2p5/5P2/2NP1Q2/PPP3PP/R1B2R1K,False,0.0,1,2170,5,0
r4rk1/p4ppp/b1pqpn2/2p5/5P2/2NP1Q2/PPP3PP/R1B2R1K,True,0.0,4,2028,5,0
r4rk1/p4ppp/b1pqpn2/2p5/5P2/2NP1Q2/PPPB2PP/R4R1K,False,0.0,2,2170,5,0
r4rk1/p4ppp/b1pqpn2/8/2p2P2/2NP1Q2/PPPB2PP/R4R1K,True,0.004,14,2028,5,0
r4rk1/p4ppp/b1pqpn2/5P2/2p5/2NP1Q2/PPPB2PP/R4R1K,False,0.09499999999999999,10,2170,5,0
r4rk1/p4ppp/b1pq1n2/5p2/2p5/2NP1Q2/PPPB2PP/R4R1K,True,0.001,4,2028,5,0
r4rk1/p4ppp/b1pq1n2/5p2/2p2B2/2NP1Q2/PPP3PP/R4R1K,False,0.0,19,2170,5,0
r4rk1/p4ppp/b1p2n2/2q2p2/2p2B2/2NP1Q2/PPP3PP/R4R1K,True,0.0,7,2028,5,0
r4rk1/p4ppp/b1p2n2/2q2p2/2p5/2NPBQ2/PPP3PP/R4R1K,False,0.0,6,2170,5,0
r4rk1/p4ppp/b1p2n2/q4p2/2p5/2NPBQ2/PPP3PP/R4R1K,True,0.033,6,2028,5,0
r4rk1/p4ppp/b1p2n2/q4p2/2pP4/2N1BQ2/PPP3PP/R4R1K,False,0.0,5,2170,5,0
1r3rk1/p4ppp/b1p2n2/q4p2/2pP4/2N1BQ2/PPP3PP/R4R1K,True,0.001,17,2028,5,0
1r3rk1/p4ppp/b1p2n2/q4p2/2pP4/2N1BQ2/PPP3PP/1R3R1K,False,0.077,19,2170,5,0
1r3rk1/p4ppp/b1p5/q4p2/2pP2n1/2N1BQ2/PPP3PP/1R3R1K,True,0.576,13,2028,5,0
1r3rk1/p4ppp/b1p5/q4p2/2pP2n1/2N2Q2/PPPB2PP/1R3R1K,False,0.0,9,2170,5,0
1r3rk1/p4p1p/b1p3p1/q4p2/2pP2n1/2N2Q2/PPPB2PP/1R3R1K,True,0.0,13,2028,5,0
1r3rk1/p4p1p/b1p3p1/q4p2/2pP2n1/2N2Q1P/PPPB2P1/1R3R1K,False,0.0,6,2170,5,0
1r3rk1/p4p1p/b1p2np1/q4p2/2pP4/2N2Q1P/PPPB2P1/1R3R1K,True,0.223,3,2028,5,0
1r3rk1/p4p1p/b1p2np1/q4p2/2pPN3/5Q1P/PPPB2P1/1R3R1K,False,0.0,6,2170,5,0
1r1q1rk1/p4p1p/b1p2np1/5p2/2pPN3/5Q1P/PPPB2P1/1R3R1K,True,0.026999999999999996,10,2028,5,0
1r1q1rk1/p4p1p/b1p2np1/2N2p2/2pP4/5Q1P/PPPB2P1/1R3R1K,False,0.0,16,2170,5,0
1r1q1rk1/p4p1p/2p2np1/1bN2p2/2pP4/5Q1P/PPPB2P1/1R3R1K,True,0.007000000000000006,3,2028,5,0
1r1q1rk1/p4p1p/2p2np1/1bN2p2/2pP4/2P2Q1P/PP1B2P1/1R3R1K,False,0.0,28,2170,5,0
1r3rk1/p4p1p/2p2np1/1bNq1p2/2pP4/2P2Q1P/PP1B2P1/1R3R1K,True,0.0,10,2028,5,0
1r3rk1/p4p1p/2p2np1/1bNq1pB1/2pP4/2P2Q1P/PP4P1/1R3R1K,False,0.0,3,2170,5,0
1r3rk1/p4p1p/2p3p1/1bNq1pB1/2pPn3/2P2Q1P/PP4P1/1R3R1K,True,0.0,11,2028,5,0
1r3rk1/p4p1p/2p3p1/1bNq1p2/2pPnB2/2P2Q1P/PP4P1/1R3R1K,False,0.0,14,2170,5,0
4rrk1/p4p1p/2p3p1/1bNq1p2/2pPnB2/2P2Q1P/PP4P1/1R3R1K,True,0.002,1,2028,5,0
4rrk1/p4p1p/2p3p1/1b1q1p2/2pPNB2/2P2Q1P/PP4P1/1R3R1K,False,0.0,3,2170,5,0
4rrk1/p4p1p/2p3p1/1b1q4/2pPpB2/2P2Q1P/PP4P1/1R3R1K,True,0.015000000000000003,5,2028,5,0
4rrk1/p4p1p/2p3p1/1b1q4/2pPpB2/2P1Q2P/PP4P1/1R3R1K,False,0.0,7,2170,5,0
4rrk1/p4p1p/6p1/1bpq4/2pPpB2/2P1Q2P/PP4P1/1R3R1K,True,0.618,3,2028,5,0
4rrk1/p4p1p/6pB/1bpq4/2pPp3/2P1Q2P/PP4P1/1R3R1K,False,0.0,2,2170,5,0
4rrk1/p4p1p/6pB/1b1q4/2ppp3/2P1Q2P/PP4P1/1R3R1K,True,0.0,1,2028,5,0
4rrk1/p4p1p/6pB/1b1q4/2pPp3/4Q2P/PP4P1/1R3R1K,False,0.02400000000000002,5,2170,5,0
4rrk1/p4p1p/6pB/1b1q4/3Pp3/2p1Q2P/PP4P1/1R3R1K,True,0.0,17,2028,5,0
4rrk1/p4p1p/6pB/1b1q4/3PpR2/2p1Q2P/PP4P1/1R5K,False,0.986,16,2170,5,0
4rrk1/p6p/6pB/1b1q1p2/3PpR2/2p1Q2P/PP4P1/1R5K,True,0.30000000000000004,3,2028,5,0
4rBk1/p6p/6p1/1b1q1p2/3PpR2/2p1Q2P/PP4P1/1R5K,False,0.0,1,2170,5,0
5rk1/p6p/6p1/1b1q1p2/3PpR2/2p1Q2P/PP4P1/1R5K,True,0.0,2,2028,5,0
5rk1/p6p/6p1/1b1q1p2/3PpR2/2P1Q2P/P5P1/1R5K,False,0.01200000000000001,2,2170,5,0
5rk1/p6p/2b3p1/3q1p2/3PpR2/2P1Q2P/P5P1/1R5K,True,0.0,12,2028,5,0
5rk1/p6p/2b3p1/3q1p2/2PPpR2/4Q2P/P5P1/1R5K,False,0.0,5,2170,5,0
5rk1/p6p/2b3p1/5p2/2qPpR2/4Q2P/P5P1/1R5K,True,0.0,1,2028,5,0
5rk1/p6p/2b3p1/5p2/2qPpR2/1Q5P/P5P1/1R5K,False,0.0,8,2170,5,0
5rk1/p6p/2b3p1/5p2/3PpR2/1q5P/P5P1/1R5K,True,0.0,1,2028,5,0
5rk1/p6p/2b3p1/5p2/3PpR2/1R5P/P5P1/7K,False,0.35300000000000004,3,2170,5,0
5rk1/p6p/2b5/5pp1/3PpR2/1R5P/P5P1/7K,True,0.0,12,2028,5,0
r2qk1nr/pppb1pp1/2np3p/1Bb5/3PP3/5N1P/PP3PP1/RNBQ1RK1,False,0.0,1,2134,5,0
r2qk1nr/pppb1pp1/1bnp3p/1B6/3PP3/5N1P/PP3PP1/RNBQ1RK1,True,0.04800000000000004,1,2191,5,0
r2qk1nr/pppb1pp1/1bnp3p/1B6/3PP3/2N2N1P/PP3PP1/R1BQ1RK1,False,0.0040000000000000036,2,2134,5,0
r2qk2r/pppb1pp1/1bnp1n1p/1B6/3PP3/2N2N1P/PP3PP1/R1BQ1RK1,True,0.08799999999999997,3,2191,5,0
r2qk2r/pppb1pp1/1bnp1n1p/1B6/3PP3/2N2N1P/PP3PP1/R1BQR1K1,False,0.008000000000000007,2,2134,5,0
r2q1rk1/pppb1pp1/1bnp1n1p/1B6/3PP3/2N2N1P/PP3PP1/R1BQR1K1,True,0.07600000000000007,3,2191,5,0
r2q1rk1/pppb1pp1/1bnp1n1p/1B6/3PP3/P1N2N1P/1P3PP1/R1BQR1K1,False,0.716,8,2134,5,0
r1q2rk1/pppb1pp1/1bnp1n1p/1B6/3PP3/P1N2N1P/1P3PP1/R1BQR1K1,True,0.483,4,2191,5,0
r1q2rk1/pppb1pp1/1bnp1n1p/1B6/3PPB2/P1N2N1P/1P3PP1/R2QR1K1,False,0.18000000000000005,46,2134,5,0
r1q1r1k1/pppb1pp1/1bnp1n1p/1B6/3PPB2/P1N2N1P/1P3PP1/R2QR1K1,True,0.698,9,2191,5,0
r1q1r1k1/pppb1pp1/1bnp1n1p/1B6/1P1PPB2/P1N2N1P/5PP1/R2QR1K1,False,0.738,11,2134,5,0
r1q1r1k1/ppp2pp1/1bnp1n1p/1B6/1P1PPB2/P1N2N1b/5PP1/R2QR1K1,True,0.0,2,2191,5,0
r1q1r1k1/ppp2pp1/1bnp1n1p/1B6/1P1PPB2/P1N2N1P/5P2/R2QR1K1,False,0.0,2,2134,5,0
r3r1k1/ppp2pp1/1bnp1n1p/1B6/1P1PPB2/P1N2N1q/5P2/R2QR1K1,True,0.0,39,2191,5,0
r3r1k1/ppp2pp1/1bnp1n1p/8/1P1PPB2/P1N2N1q/5P2/R2QRBK1,False,0.0,2,2134,5,0
r3r1k1/ppp2pp1/1bnp1n1p/8/1P1PPBq1/P1N2N2/5P2/R2QRBK1,True,0.0,3,2191,4,0
r3r1k1/ppp2pp1/1bnp1n1p/8/1P1PP1q1/P1N2NB1/5P2/R2QRBK1,False,0.007000000000000006,38,2134,5,0
r3r1k1/ppp2pp1/1bnp3p/8/1P1Pn1q1/P1N2NB1/5P2/R2QRBK1,True,0.0,3,2191,5,0
r3r1k1/ppp2pp1/1bnp3p/8/1P1PN1q1/P4NB1/5P2/R2QRBK1,False,0.0,2,2134,5,0
r5k1/ppp2pp1/1bnp3p/8/1P1Pr1q1/P4NB1/5P2/R2QRBK1,True,0.0,4,2191,5,0
r5k1/ppp2pp1/1bnp3p/8/1P1PR1q1/P4NB1/5P2/R2Q1BK1,False,0.0,2,2134,5,0
r5k1/ppp2pp1/1bnp3p/8/1P1Pq3/P4NB1/5PB1/R2Q2K1,False,0.0040000000000000036,38,2134,5,0
4r1k1/ppp2pp1/1bnp3p/8/1P1Pq3/P4NB1/5PB1/R2Q2K1,True,0.05699999999999994,11,2191,5,0
4r1k1/ppp2pp1/1bnp3p/4N3/1P1Pq3/P5B1/5PB1/R2Q2K1,False,0.0,33,2134,5,0
4r1k1/ppp2pp1/1bnp3p/4N3/1P1q4/P5B1/5PB1/R2Q2K1,True,0.0,2,2191,5,0
4r1k1/ppp2pp1/1bNp3p/8/1P1q4/P5B1/5PB1/R2Q2K1,False,0.0,20,2134,5,0
4r1k1/ppp2pp1/1bNp3p/8/1P6/P1q3B1/5PB1/R2Q2K1,True,0.772,49,2191,5,0
4r1k1/ppp2pp1/1bNp3p/8/1P6/P1q3B1/5PBK/R2Q4,False,0.0,10,2134,5,0
4r1k1/p1p2pp1/1bpp3p/8/1P6/P1q3B1/5PBK/R2Q4,True,0.815,27,2191,5,0
4r1k1/p1p2pp1/1bpp3p/8/1P6/P1q3B1/5PBK/2RQ4,False,0.0,12,2134,5,0
4r1k1/p1p2pp1/1bpp3p/8/1P6/P5B1/1q3PBK/2RQ4,True,0.21099999999999997,8,2191,5,0
4r1k1/p1p2pp1/1bpp3p/8/1P6/P5B1/1qR2PBK/3Q4,False,0.0,3,2134,5,0
4r1k1/p1p2pp1/1bpp3p/8/1P6/q5B1/2R2PBK/3Q4,True,0.0,1,2191,5,0
4r1k1/p1p2pp1/1bBp3p/8/1P6/q5B1/2R2P1K/3Q4,False,0.0,8,2134,5,0
6k1/p1p1rpp1/1bBp3p/8/1P6/q5B1/2R2P1K/3Q4,True,0.585,5,2191,5,0
6k1/p1p1rpp1/1bBp3p/8/1P5B/q7/2R2P1K/3Q4,False,0.0,9,2134,5,0
6k1/p1p2pp1/1bBp3p/4r3/1P5B/q7/2R2P1K/3Q4,True,0.0,8,2191,5,0
6k1/p1p2pp1/1bBp3p/4r3/1P6/q5B1/2R2P1K/3Q4,False,0.0,7,2134,5,0
6k1/p1p2pp1/1bBp3p/5r2/1P6/q5B1/2R2P1K/3Q4,True,0.931,4,2191,5,0
6k1/p1p2pp1/1b1p3p/5r2/1P2B3/q5B1/2R2P1K/3Q4,False,0.0,4,2134,5,0
6k1/p1p2pp1/1b1p3p/6r1/1P2B3/q5B1/2R2P1K/3Q4,True,0.0,18,2191,5,0
6k1/p1p2pp1/1b1p3p/6r1/1P2BB2/q7/2R2P1K/3Q4,False,0.0,14,2134,5,0
6k1/p1p2pp1/1b1p3p/1r6/1P2BB2/q7/2R2P1K/3Q4,True,0.996,15,2191,5,0
6k1/p1p2pp1/1b1p3p/1r6/1P2BBQ1/q7/2R2P1K/8,False,0.0,5,2134,5,0
6k1/p1p2p2/1b1p2pp/1r6/1P2BBQ1/q7/2R2P1K/8,True,0.0,3,2191,5,0
6k1/p1p2p2/1b1p2pB/1r6/1P2B1Q1/q7/2R2P1K/8,False,0.8,5,2134,5,0
6k1/p1p2p2/1b1p2pB/8/1r2B1Q1/q7/2R2P1K/8,True,0.0,15,2191,5,0
6k1/p1p2p2/1b1p2pB/8/1r2B3/q4Q2/2R2P1K/8,False,0.0,2,2134,5,0
6k1/p1p2p2/1b1p2pB/8/1r6/5B2/2R2P1K/8,False,0.0,1,2134,5,0
6k1/p1p2p2/1b1p2pB/8/7r/5B2/2R2P1K/8,True,0.0,2,2191,3,0
6k1/p1p2p2/1b1p2pB/8/7r/5BK1/2R2P2/8,False,0.0,1,2134,5,0
6k1/p1p2p2/1b1p2pr/8/8/5BK1/2R2P2/8,True,0.0,1,2191,5,0
6k1/p1p2p2/1b1p2pr/8/8/5BK1/4RP2/8,False,0.0,2,2134,5,0
8/p1p2pk1/1b1p2pr/8/8/5BK1/4RP2/8,True,0.0,2,2191,5,0
r1bqkb1r/pp3pp1/2p1pn1p/3p4/2PP4/2NBPN2/PP3PPP/R2QK2R,False,0.078,7,2216,5,0
r1bqkb1r/pp3pp1/2p1pn1p/8/2pP4/2NBPN2/PP3PPP/R2QK2R,True,0.0,24,2267,5,0
r1bqkb1r/pp3pp1/2p1pn1p/8/2BP4/2N1PN2/PP3PPP/R2QK2R,False,0.08700000000000001,2,2216,5,0
r1bqkb1r/p4pp1/2p1pn1p/1p6/2BP4/2N1PN2/PP3PPP/R2QK2R,True,0.198,2,2267,5,0
r1bqkb1r/p4pp1/2p1pn1p/1p6/3P4/2NBPN2/PP3PPP/R2QK2R,False,0.08799999999999997,1,2216,5,0
r2qkb1r/pb3pp1/2p1pn1p/1p6/3P4/2NBPN2/PP3PPP/R2QK2R,True,0.20600000000000002,3,2267,5,0
r2qkb1r/pb3pp1/2p1pn1p/1p6/3P4/2NBPN2/PP3PPP/R2Q1RK1,False,0.0,1,2216,5,0
r2qkb1r/1b3pp1/p1p1pn1p/1p6/3P4/2NBPN2/PP3PPP/R2Q1RK1,True,0.698,12,2267,5,0
r2qkb1r/1b3pp1/p1p1pn1p/1p6/3P4/P1NBPN2/1P3PPP/R2Q1RK1,False,0.45399999999999996,2,2216,5,0
r2qkb1r/1b3pp1/p3pn1p/1pp5/3P4/P1NBPN2/1P3PPP/R2Q1RK1,True,0.028000000000000004,17,2267,5,0
r2qkb1r/1b3pp1/p3pn1p/1pp5/3P4/P1N1PN2/1P2BPPP/R2Q1RK1,False,0.348,7,2216,5,0
r2qk2r/1b2bpp1/p3pn1p/1pp5/3P4/P1N1PN2/1P2BPPP/R2Q1RK1,True,0.0,11,2267,5,0
r2qk2r/1b2bpp1/p3pn1p/1pp5/3P4/P1N1PN2/1P2BPPP/R2QR1K1,False,0.124,9,2216,5,0
r2q1rk1/1b2bpp1/p3pn1p/1pp5/3P4/P1N1PN2/1P2BPPP/R2QR1K1,True,0.0,13,2267,5,0
r2q1rk1/1b2bpp1/p3pn1p/1pP5/8/P1N1PN2/1P2BPPP/R2QR1K1,False,0.0,3,2216,5,0
r2q1rk1/1b3pp1/p3pn1p/1pb5/8/P1N1PN2/1P2BPPP/R2QR1K1,True,0.0,5,2267,5,0
r2Q1rk1/1b3pp1/p3pn1p/1pb5/8/P1N1PN2/1P2BPPP/R3R1K1,False,0.0,4,2216,5,0
3r1rk1/1b3pp1/p3pn1p/1pb5/8/P1N1PN2/1P2BPPP/R3R1K1,True,0.003,2,2267,5,0
3r1rk1/1b3pp1/p3pn1p/1pb5/8/P1N1PN2/1P2BPPP/3RR1K1,False,0.004,25,2216,5,0
3r1rk1/1b3pp1/p3p2p/1pbn4/8/P1N1PN2/1P2BPPP/3RR1K1,True,0.0,7,2267,5,0
3r1rk1/5pp1/p3p2p/1pbb4/8/P3PN2/1P2BPPP/3RR1K1,True,0.006999999999999999,45,2267,5,0
3r1rk1/5pp1/p3p2p/1pbb4/8/P3P3/1P1NBPPP/3RR1K1,False,0.009999999999999998,19,2216,5,0
3r1rk1/5pp1/pb2p2p/1p1b4/8/P3P3/1P1NBPPP/3RR1K1,True,0.019000000000000003,13,2267,5,0
3r1rk1/5pp1/pb2p2p/1p1b4/8/P3PB2/1P1N1PPP/3RR1K1,False,0.013999999999999999,6,2216,5,0
3r1rk1/5pp1/pb2p2p/1p6/8/P3Pb2/1P1N1PPP/3RR1K1,True,0.0,4,2267,5,0
3r1rk1/5pp1/pb2p2p/1p6/8/P3PN2/1P3PPP/3RR1K1,False,0.038,5,2216,5,0
3r1rk1/5pp1/p3p2p/bp6/8/P3PN2/1P3PPP/3RR1K1,True,0.0,7,2267,5,0
3r1rk1/5pp1/p3p2p/bp6/8/P3PN2/1P3PPP/3R1RK1,False,0.0,7,2216,5,0
3rr1k1/5pp1/p3p2p/bp6/8/P3PN2/1P3PPP/3R1RK1,True,0.0,6,2267,5,0
3rr1k1/5pp1/p3p2p/bp2N3/8/P3P3/1P3PPP/3R1RK1,False,0.013000000000000005,18,2216,5,0
3rr1k1/2b2pp1/p3p2p/1p2N3/8/P3P3/1P3PPP/3R1RK1,True,0.0020000000000000018,2,2267,5,0
3rr1k1/2b2pp1/p1N1p2p/1p6/8/P3P3/1P3PPP/3R1RK1,False,0.0,10,2216,5,0
2r1r1k1/2b2pp1/p1N1p2p/1p6/8/P3P3/1P3PPP/3R1RK1,True,0.052,4,2267,5,0
2r1r1k1/2bR1pp1/p1N1p2p/1p6/8/P3P3/1P3PPP/5RK1,False,0.0,2,2216,5,0
2r1r1k1/3R1pp1/p1N1p2p/1p6/8/P3P3/1P3PPb/5RK1,True,0.0,5,2267,2,0
2r1r1k1/3R1pp1/p1N1p2p/1p6/8/P3P3/1P3PPK/5R2,False,0.0,1,2216,5,0
4r1k1/3R1pp1/p1r1p2p/1p6/8/P3P3/1P3PPK/5R2,True,0.0,1,2267,5,0
4r1k1/R4pp1/p1r1p2p/1p6/8/P3P3/1P3PPK/5R2,False,0.0,4,2216,5,0
2r3k1/R4pp1/p1r1p2p/1p6/8/P3P3/1P3PPK/5R2,True,0.0,2,2267,5,0
2r3k1/R4pp1/p1r1p2p/1p6/1P6/P3P3/5PPK/5R2,False,0.0,3,2216,5,0
2r3k1/R4p2/p1r1p1pp/1p6/1P6/P3P3/5PPK/5R2,True,0.0,1,2267,5,0
2r3k1/R4p2/p1r1p1pp/1p6/1P6/P3P3/5PPK/3R4,False,0.0,3,2216,5,0
6k1/R1r2p2/p1r1p1pp/1p6/1P6/P3P3/5PPK/3R4,True,0.002,1,2267,5,0
R2R4/2r2pk1/p1r1p1pp/1p6/1P6/P3P3/5PPK/8,False,0.0,3,2216,5,0
rnbqr1k1/ppp2ppp/3b1n2/3p4/2PP4/1P3N2/PB3PPP/RN1QKB1R,True,0.0,1,2054,4,0
rnbqr1k1/ppp2ppp/3b1n2/3p4/2PP4/1P3N2/PB2BPPP/RN1QK2R,False,0.0,1,2126,5,0
rnbqr1k1/pp3ppp/2pb1n2/3p4/2PP4/1P3N2/PB2BPPP/RN1QK2R,True,0.0,2,2054,5,0
rnbqr1k1/pp3ppp/2pb1n2/3p4/2PP4/1P3N2/PB2BPPP/RN1Q1RK1,False,0.033,2,2126,5,0
rn1qr1k1/pp3ppp/2pb1n2/3p4/2PP2b1/1P3N2/PB2BPPP/RN1Q1RK1,True,0.007,3,2054,5,0
rn1qr1k1/pp3ppp/2pb1n2/3p4/2PP2b1/1P3N1P/PB2BPP1/RN1Q1RK1,False,0.0,2,2126,5,0
rn1qr1k1/pp3ppp/2pb1n2/3p3b/2PP4/1P3N1P/PB2BPP1/RN1Q1RK1,True,0.002999999999999999,3,2054,5,0
rn1qr1k1/pp3ppp/2pb1n2/3p3b/2PP4/1P3N1P/PB1NBPP1/R2Q1RK1,False,0.0,5,2126,5,0
r2qr1k1/pp1n1ppp/2pb1n2/3p3b/2PP4/1P3N1P/PB1NBPP1/R2Q1RK1,True,0.0,2,2054,5,0
r2qr1k1/pp1n1ppp/2pb1n2/3p3b/2PP4/1P3N1P/PB1NBPP1/R2QR1K1,False,0.013,2,2126,5,0
2rqr1k1/pp1n1ppp/2pb1n2/3p3b/2PP4/1P3N1P/PB1NBPP1/R2QR1K1,True,0.014000000000000002,3,2054,5,0
2rqr1k1/pp1n1ppp/2pb1n2/2Pp3b/3P4/1P3N1P/PB1NBPP1/R2QR1K1,False,0.0,2,2126,5,0
1brqr1k1/pp1n1ppp/2p2n2/2Pp3b/3P4/1P3N1P/PB1NBPP1/R2QR1K1,True,0.0,7,2054,5,0
1brqr1k1/pp1n1ppp/2p2n2/2Pp3b/3P4/1P3N1P/PB1NBPP1/2RQR1K1,False,0.0,3,2126,5,0
1br1r1k1/ppqn1ppp/2p2n2/2Pp3b/3P4/1P3N1P/PB1NBPP1/2RQR1K1,True,0.002,4,2054,5,0
1br1r1k1/ppqn1ppp/2p2n2/2Pp3b/3P4/1P3N1P/PBQNBPP1/2R1R1K1,False,0.0,5,2126,5,0
1br1r1k1/ppqn1ppp/2p5/2Pp3b/3Pn3/1P3N1P/PBQNBPP1/2R1R1K1,True,0.006,4,2054,5,0
1br1r1k1/ppqn1ppp/2p5/2Pp3b/3PN3/1P3N1P/PBQ1BPP1/2R1R1K1,False,0.0,9,2126,5,0
1br3k1/ppqn1ppp/2p5/2Pp3b/3Pr3/1P3N1P/PBQ1BPP1/2R1R1K1,True,0.0,5,2054,5,0
1br3k1/ppqn1ppp/2p5/2PpN2b/3Pr3/1P5P/PBQ1BPP1/2R1R1K1,False,0.0,9,2126,5,0
1br3k1/ppqn1ppp/2p5/2PpN3/3Pr3/1P5P/PBQ1bPP1/2R1R1K1,True,0.0,2,2054,5,0
1br3k1/ppqn1ppp/2p5/2PpN3/3Pr3/1P5P/PBQ1RPP1/2R3K1,False,0.0,4,2126,5,0
1br3k1/ppqn1ppp/2p5/2PpN3/3P4/1P5P/PBQ1rPP1/2R3K1,True,0.0,3,2054,5,0
1br3k1/ppqn1ppp/2p5/2PpN3/3P4/1P5P/PB2QPP1/2R3K1,False,0.002,3,2126,5,0
1br3k1/ppq2ppp/2p5/2Ppn3/3P4/1P5P/PB2QPP1/2R3K1,True,0.002,3,2054,5,0
1br3k1/ppq2ppp/2p5/2PpP3/8/1P5P/PB2QPP1/2R3K1,False,0.0,5,2126,5,0
1b2r1k1/ppq2ppp/2p5/2PpP3/8/1P5P/PB2QPP1/2R3K1,True,0.005,2,2054,5,0
1b2r1k1/ppq2ppp/2p5/2PpP3/5P2/1P5P/PB2Q1P1/2R3K1,False,0.061,3,2126,5,0
1b2r1k1/ppq3pp/2p2p2/2PpP3/5P2/1P5P/PB2Q1P1/2R3K1,True,0.0,2,2054,5,0
1b2r1k1/ppq3pp/2p2p2/2PpP3/5P2/1P5P/PB2Q1P1/4R1K1,False,0.005999999999999999,8,2126,5,0
1b2r1k1/pp2q1pp/2p2p2/2PpP3/5P2/1P5P/PB2Q1P1/4R1K1,True,0.005,7,2054,5,0
1b2r1k1/pp2q1pp/2p2p2/2PpP3/1P3P2/7P/PB2Q1P1/4R1K1,False,0.004,5,2126,5,0
1b2r1k1/pp2q1pp/2p5/2Ppp3/1P3P2/7P/PB2Q1P1/4R1K1,True,0.0,8,2054,5,0
1b2r1k1/pp2q1pp/2p5/2PpP3/1P6/7P/PB2Q1P1/4R1K1,False,0.023,14,2126,5,0
1b2r1k1/pp4pp/2p1q3/2PpP3/1P6/7P/PB2Q1P1/4R1K1,True,0.016,23,2054,5,0
1b2r1k1/pp4pp/2p1q3/1PPpP3/8/7P/PB2Q1P1/4R1K1,False,0.0,18,2126,5,0
1b2r1k1/pp2q1pp/2p5/1PPpP3/8/7P/PB2Q1P1/4R1K1,True,0.0,4,2054,5,0
1b2r1k1/pp2q1pp/2p5/1PPpP3/3B4/7P/P3Q1P1/4R1K1,False,0.040999999999999995,13,2126,5,0
1b2r1k1/pp4pp/2p5/1PPpP3/3B3q/7P/P3Q1P1/4R1K1,True,0.0,9,2054,5,0
1b2r1k1/pp4pp/2p5/1PPpP3/3B3q/7P/P4QP1/4R1K1,False,0.0,7,2126,5,0
1b3rk1/pp4pp/2p5/1PPpP3/3B3q/7P/P4QP1/4R1K1,True,0.0,4,2054,5,0
r3kb1r/ppp1pppp/2n5/3q4/8/5b1P/PPPPBPP1/R1BQK2R,True,0.0,2,2113,5,0
r3kb1r/ppp1pppp/2n5/4q3/8/5B1P/PPPP1PP1/R1BQK2R,True,0.0,2,2113,4,0
r3kb1r/ppp1pppp/2n5/4q3/8/5B1P/PPPPQPP1/R1B1K2R,False,0.0,3,2116,5,0
r3kb1r/ppp1pppp/2n5/8/8/5B1P/PPPPqPP1/R1B1K2R,True,0.0,3,2113,2,0
r3kb1r/ppp1pppp/2n5/8/8/5B1P/PPPPKPP1/R1B4R,False,0.34800000000000003,2,2116,5,0
r3kb1r/ppp1pppp/8/8/3n4/5B1P/PPPPKPP1/R1B4R,True,0.001,2,2113,5,0
r3kb1r/ppp1pppp/8/8/3n4/4KB1P/PPPP1PP1/R1B4R,False,0.0,19,2116,5,0
r3kb1r/ppp1pppp/8/8/8/4KB1P/PPnP1PP1/R1B4R,True,0.0,4,2113,4,0
r3kb1r/ppp1pppp/8/8/8/3K1B1P/PPnP1PP1/R1B4R,False,0.0,2,2116,5,0
r3kb1r/ppp1pppp/8/8/8/3K1B1P/PP1P1PP1/n1B4R,True,0.0,2,2113,5,0
r3kb1r/ppp1pppp/8/8/8/2K2B1P/PP1P1PP1/n1B4R,False,0.0,25,2116,5,0
2kr1b1r/ppp1pppp/8/8/8/2K2B1P/PP1P1PP1/n1B4R,True,0.0,3,2113,5,0
2kr1b1r/ppp1pppp/8/8/3P4/2K2B1P/PP3PP1/n1B4R,False,0.0,23,2116,5,0
rnbqk2r/pp3ppp/4pn2/3p4/2Pb4/6P1/PP2PPBP/RNBQ1RK1,True,0.0,2,2136,5,0
rnbqk2r/pp3ppp/4pn2/3p4/2PQ4/6P1/PP2PPBP/RNB2RK1,False,0.0,7,2137,5,0
r1bqk2r/pp3ppp/2n1pn2/3p4/2PQ4/6P1/PP2PPBP/RNB2RK1,True,0.0,2,2136,5,0
r1bqk2r/pp3ppp/2n1pn2/3p4/2P4Q/6P1/PP2PPBP/RNB2RK1,False,0.0,5,2137,5,0
r1bqk2r/pp3ppp/2n1pn2/8/2p4Q/6P1/PP2PPBP/RNB2RK1,True,0.0,18,2136,5,0
r1bqk2r/pp3ppp/2n1pn2/8/2Q5/6P1/PP2PPBP/RNB2RK1,False,0.0,9,2137,5,0
r2qk2r/pp1b1ppp/2n1pn2/8/2Q5/6P1/PP2PPBP/RNB2RK1,True,0.0,3,2136,5,0
r2qk2r/pp1b1ppp/2n1pn2/8/2Q5/2N3P1/PP2PPBP/R1B2RK1,False,0.0,2,2137,5,0
r2q1rk1/pp1b1ppp/2n1pn2/8/2Q5/2N3P1/PP2PPBP/R1B2RK1,True,0.0,2,2136,5,0
r2q1rk1/pp1b1ppp/2n1pn2/8/2Q5/2N3P1/PP2PPBP/R1BR2K1,False,0.0,4,2137,5,0
2rq1rk1/pp1b1ppp/2n1pn2/8/2Q5/2N3P1/PP2PPBP/R1BR2K1,True,0.0,2,2136,5,0
2rq1rk1/pp1b1ppp/2n1pn2/8/7Q/2N3P1/PP2PPBP/R1BR2K1,False,0.0,10,2137,5,0
2r1qrk1/pp1b1ppp/2n1pn2/8/7Q/2N3P1/PP2PPBP/R1BR2K1,True,0.0010000000000000009,12,2136,5,0
2r1qrk1/pp1b1ppp/2n1pn1B/8/7Q/2N3P1/PP2PPBP/R2R2K1,False,0.0,38,2137,5,0
2r2rk1/pp1bqppp/2n1pn1B/8/7Q/2N3P1/PP2PPBP/R2R2K1,True,0.0,3,2136,5,0
2r2rk1/pp1bqppp/2n1pn1B/6Q1/8/2N3P1/PP2PPBP/R2R2K1,False,0.0,5,2137,5,0
2r2rk1/pp1bqp1p/2n1pnpB/6Q1/8/2N3P1/PP2PPBP/R2R2K1,True,0.0,2,2136,5,0
2r2Bk1/pp1bqp1p/2n1pnp1/6Q1/8/2N3P1/PP2PPBP/R2R2K1,False,0.0,1,2137,5,0
5rk1/pp1bqp1p/2n1pnp1/6Q1/8/2N3P1/PP2PPBP/R2R2K1,True,0.0,11,2136,5,0
5rk1/pp1bqp1p/2n1pnp1/6Q1/4N3/6P1/PP2PPBP/R2R2K1,False,0.0,2,2137,5,0
5rk1/pp1bqp1p/2n1p1p1/6Q1/4n3/6P1/PP2PPBP/R2R2K1,True,0.0,2,2136,5,0
5rk1/pp1bQp1p/2n1p1p1/8/4n3/6P1/PP2PPBP/R2R2K1,False,0.0,1,2137,5,0
5rk1/pp1bnp1p/4p1p1/8/4n3/6P1/PP2PPBP/R2R2K1,True,0.0,2,2136,5,0
5rk1/pp1bnp1p/4p1p1/8/4B3/6P1/PP2PP1P/R2R2K1,False,0.0,2,2137,5,0
5rk1/pp2np1p/2b1p1p1/8/4B3/6P1/PP2PP1P/R2R2K1,True,0.0,3,2136,5,0
5rk1/pp2np1p/2B1p1p1/8/8/6P1/PP2PP1P/R2R2K1,False,0.0,2,2137,5,0
5rk1/pp3p1p/2n1p1p1/8/8/6P1/PP2PP1P/R2R2K1,True,0.0,1,2136,5,0
5rk1/pp1R1p1p/2n1p1p1/8/8/6P1/PP2PP1P/R5K1,False,0.0,10,2137,5,0
1r4k1/pp1R1p1p/2n1p1p1/8/8/6P1/PP2PP1P/R5K1,True,0.0,7,2136,5,0
1r4k1/pp1R1p1p/2n1p1p1/8/8/6P1/PP2PP1P/3R2K1,False,0.0,2,2137,5,0
1r3k2/pp1R1p1p/2n1p1p1/8/8/6P1/PP2PP1P/3R2K1,True,0.0,4,2136,5,0
1r3k2/ppR2p1p/2n1p1p1/8/8/6P1/PP2PP1P/3R2K1,False,0.0,2,2137,5,0
1r3k2/ppR2p1p/4p1p1/4n3/8/6P1/PP2PP1P/3R2K1,True,0.0,18,2136,5,0
1r3k2/ppR2p1p/4p1p1/4n3/5P2/6P1/PP2P2P/3R2K1,False,0.0,2,2137,5,0
1r3k2/ppR2p1p/4p1p1/8/5Pn1/6P1/PP2P2P/3R2K1,True,0.0,2,2136,5,0
1r3k2/ppRR1p1p/4p1p1/8/5Pn1/6P1/PP2P2P/6K1,False,0.0,2,2137,5,0
1r3k2/ppRR1p1p/4p1pn/8/5P2/6P1/PP2P2P/6K1,True,0.0,11,2136,5,0
1r3k2/ppRR1p1p/4p1pn/8/5P2/6PP/PP2P3/6K1,False,0.0,3,2137,5,0
1r3k2/1pRR1p1p/4p1pn/p7/5P2/6PP/PP2P3/6K1,True,0.0,1,2136,5,0
1r3k2/1pRR1p1p/4p1pn/p7/5PP1/7P/PP2P3/6K1,False,0.0,22,2137,5,0
1r3k2/2RR1p1p/4p1pn/pp6/5PP1/7P/PP2P3/6K1,True,0.0,2,2136,5,0
1r3k2/2RR1p1p/4p1pn/pp4P1/5P2/7P/PP2P3/6K1,False,0.0,3,2137,5,0
1r3k2/2RR1p1p/4p1p1/pp3nP1/5P2/7P/PP2P3/6K1,True,0.0,2,2136,5,0
1r4k1/2R2R1p/4p1p1/pp3nP1/5P2/7P/PP2P3/6K1,True,0.0,6,2136,5,0
1r4k1/2R4R/4p1p1/pp3nP1/5P2/7P/PP2P3/6K1,False,0.0,10,2137,5,0
3r2k1/2R4R/4p1p1/pp3nP1/5P2/7P/PP2P3/6K1,True,0.0,2,2136,5,0
3r2k1/2RR4/4p1p1/pp3nP1/5P2/7P/PP2P3/6K1,False,0.0,4,2137,5,0
1r4k1/2RR4/4p1p1/pp3nP1/5P2/7P/PP2P3/6K1,True,0.0,10,2136,5,0
1r4k1/3R4/2R1p1p1/pp3nP1/5P2/7P/PP2P3/6K1,False,0.0,4,2137,5,0
4r1k1/3R4/2R1p1p1/pp3nP1/5P2/7P/PP2P3/6K1,True,0.0,3,2136,5,0
4r1k1/3R4/1R2p1p1/pp3nP1/5P2/7P/PP2P3/6K1,False,0.0,2,2137,5,0
4r1k1/3R4/1R2p1p1/p4nP1/1p3P2/7P/PP2P3/6K1,True,0.0,3,2136,5,0
4r1k1/3R4/4p1p1/pR3nP1/1p3P2/7P/PP2P3/6K1,False,0.0,3,2137,5,0
r5k1/3R4/4p1p1/pR3nP1/1p3P2/7P/PP2P3/6K1,True,0.0,4,2136,5,0
r5k1/3R4/4p1p1/pR3nP1/1p3P2/7P/PP2PK2/8,False,0.0,4,2137,5,0
r4k2/3R4/4p1p1/pR3nP1/1p3P2/7P/PP2PK2/8,True,0.0,3,2136,5,0
r4k2/3R4/4p1p1/pR3nP1/1p3P2/5K1P/PP2P3/8,False,0.0,1,2137,5,0
r3k3/3R4/4p1p1/pR3nP1/1p3P2/5K1P/PP2P3/8,True,0.0,5,2136,5,0
r3k3/7R/4p1p1/pR3nP1/1p3P2/5K1P/PP2P3/8,False,0.0,2,2137,5,0
r3k3/7R/4p1p1/pR4P1/1p1n1P2/5K1P/PP2P3/8,True,0.0,5,2136,5,0
rn1qk2r/pp2bppp/4pn2/3p2B1/3P2b1/2N2N2/PPP1BPPP/R2QK2R,True,0.0,2,2056,5,0
rn1qk2r/pp2bppp/4pn2/3pN1B1/3P2b1/2N5/PPP1BPPP/R2QK2R,False,0.0,4,2047,5,0
rn1qk2r/pp2bppp/4pn2/3pN1B1/3P4/2N5/PPP1QPPP/R3K2R,False,0.0,4,2047,5,0
rn1q1rk1/pp2bppp/4pn2/3pN1B1/3P4/2N5/PPP1QPPP/R3K2R,True,0.0,3,2056,5,0
rn1q1rk1/pp2bppp/4pn2/3pN1B1/3P4/2N5/PPP1QPPP/R4RK1,False,0.0,5,2047,5,0
r2q1rk1/pp2bppp/2n1pn2/3pN1B1/3P4/2N5/PPP1QPPP/R4RK1,True,0.011999999999999999,4,2056,5,0
r2q1rk1/pp2bppp/2n1pn2/3pN1B1/3P1P2/2N5/PPP1Q1PP/R4RK1,False,0.0,4,2047,5,0
r2q1rk1/pp2bppp/4pn2/3pN1B1/3n1P2/2N5/PPP1Q1PP/R4RK1,True,0.0,5,2056,5,0
r2q1rk1/pp2bppp/4pn2/3pN1B1/3n1P2/2NQ4/PPP3PP/R4RK1,False,0.0,22,2047,5,0
r2q1rk1/pp2bppp/4pn2/3pNnB1/5P2/2NQ4/PPP3PP/R4RK1,True,0.0,17,2056,5,0
r2q1rk1/pp2bppp/4pn2/3pNnB1/5P2/2NQ4/PPP3PP/3R1RK1,False,0.0,5,2047,5,0
r2q1rk1/pp2bpp1/4pn1p/3pNnB1/5P2/2NQ4/PPP3PP/3R1RK1,True,0.0,14,2056,5,0
r2q1rk1/pp2bpp1/4pB1p/3pNn2/5P2/2NQ4/PPP3PP/3R1RK1,False,0.0,15,2047,5,0
r2q1rk1/pp3pp1/4pB1p/2bpNn2/5P2/2NQ4/PPP3PP/3R1RK1,True,0.0,8,2056,4,0
r2q1rk1/pp3pp1/4pB1p/2bpNn2/5P2/2NQ4/PPP3PP/3R1R1K,False,0.0,2,2047,5,0
r4rk1/pp3pp1/4pq1p/2bpNn2/5P2/2NQ4/PPP3PP/3R1R1K,True,0.0,14,2056,5,0
r4rk1/pp1N1pp1/4pq1p/2bp1n2/5P2/2NQ4/PPP3PP/3R1R1K,False,0.0,3,2047,5,0
r4rk1/pp1Nqpp1/4p2p/2bp1n2/5P2/2NQ4/PPP3PP/3R1R1K,True,0.0,2,2056,5,0
r4Nk1/pp2qpp1/4p2p/2bp1n2/5P2/2NQ4/PPP3PP/3R1R1K,False,0.0,4,2047,5,0
5rk1/pp2qpp1/4p2p/2bp1n2/5P2/2NQ4/PPP3PP/3R1R1K,True,0.0,1,2056,5,0
5rk1/pp2qpp1/4p2p/2bp1n2/5P2/2NQ4/PPP3PP/3RR2K,False,0.45099999999999996,5,2047,5,0
5rk1/pp3pp1/4p2p/2bp1n2/5P1q/2NQ4/PPP3PP/3RR2K,True,0.002,6,2056,5,0
5rk1/pp3pp1/4p2p/2bp1n2/5P1q/2NQ2P1/PPP4P/3RR2K,False,0.0,5,2047,5,0
5rk1/pp3pp1/4p2p/2bp1n2/5P2/2NQ2Pq/PPP4P/3RR2K,True,0.0,13,2056,5,0
5rk1/pp3pp1/4p2p/2bp1n2/5P2/3Q2Pq/PPP1N2P/3RR2K,False,0.0,8,2047,5,0
5rk1/pp3pp1/4p2p/2bp4/5P2/3Qn1Pq/PPP1N2P/3RR2K,True,0.0,19,2056,5,0
5rk1/pp3pp1/4p2p/2bp4/5P2/3Qn1Pq/PPP1N2P/3R2RK,False,0.0,10,2047,5,0
5rk1/pp3pp1/4p2p/2bp4/5P2/3Q2Pq/PPP1N2P/3n2RK,True,0.0,8,2056,5,0
5rk1/pp3pp1/4p2p/2bp4/5P2/3Q2Pq/PPP1N2P/3R3K,False,0.0,18,2047,5,0
5rk1/pp3pp1/4p2p/2bp4/5Pq1/3Q2P1/PPP1N2P/3R3K,True,0.0,5,2056,5,0
5rk1/pp3pp1/4p2p/2bp4/2P2Pq1/3Q2P1/PP2N2P/3R3K,False,0.0,5,2047,5,0
5rk1/pp3pp1/4p2p/2b5/2Q2Pq1/6P1/PP2N2P/3R3K,False,0.0,19,2047,5,0
5rk1/pp2bpp1/4p2p/8/2Q2Pq1/6P1/PP2N2P/3R3K,True,0.0,6,2056,5,0
5rk1/pp1Rbpp1/4p2p/8/2Q2Pq1/6P1/PP2N2P/7K,False,0.0,4,2047,5,0
5rk1/pp1R1pp1/4pb1p/8/2Q2Pq1/6P1/PP2N2P/7K,True,0.0,6,2056,5,0
5rk1/pp1R1pp1/4pb1p/8/2Q2Pq1/1P4P1/P3N2P/7K,False,0.0,13,2047,5,0
5rk1/pp1R1pp1/4pb2/7p/2Q2Pq1/1P4P1/P3N2P/7K,True,0.0,8,2056,5,0
5rk1/pp1R1pp1/4pb2/7p/4QPq1/1P4P1/P3N2P/7K,False,0.009999999999999998,6,2047,5,0
5rk1/pp1R1pp1/4pb2/8/4QPqp/1P4P1/P3N2P/7K,True,0.0,13,2056,5,0
5rk1/pQ1R1pp1/4pb2/8/5Pqp/1P4P1/P3N2P/7K,False,0.0,6,2047,5,0
5rk1/pQ1R1pp1/4pb2/8/5P1p/1P4P1/P3q2P/7K,True,0.0,3,2056,5,0
5rk1/pQ1R1pp1/4pb2/8/5P1P/1P6/P3q2P/7K,False,0.0,4,2047,5,0
rnb2rk1/pppp1p1p/3bqp2/4p1B1/3PP3/5N2/PPP2PPP/R2QKB1R,True,0.0,14,2062,5,0
rnb2rk1/pppp1p1p/3bqp1B/4p3/3PP3/5N2/PPP2PPP/R2QKB1R,False,0.0,2,2157,5,0
rnb1r1k1/pppp1p1p/3bqp1B/4p3/3PP3/5N2/PPP2PPP/R2QKB1R,True,0.0,10,2062,5,0
rnb1r1k1/pppp1p1p/3bqp1B/3Pp3/4P3/5N2/PPP2PPP/R2QKB1R,False,0.0,3,2157,5,0
rnb1r1k1/pppp1p1p/3b1p1B/3Pp3/4P1q1/5N2/PPP2PPP/R2QKB1R,True,0.622,8,2062,5,0
rnb1r1k1/pppp1p1p/3b1p1B/3Pp3/4P1q1/5N1P/PPP2PP1/R2QKB1R,False,0.0,2,2157,5,0
rnb1r1k1/pppp1p1p/3b1pqB/3Pp3/4P3/5N1P/PPP2PP1/R2QKB1R,True,0.836,5,2062,5,0
rnb1r1k1/pppp1p1p/3b1pq1/3Pp3/4P3/5N1P/PPPB1PP1/R2QKB1R,False,0.0,2,2157,5,0
rnb1r2k/pppp1p1p/3b1pq1/3Pp3/4P3/5N1P/PPPB1PP1/R2QKB1R,True,0.0,18,2062,5,0
rnb1r2k/pppp1p1p/3b1pq1/3Pp3/4P3/5N1P/PPPBQPP1/R3KB1R,False,0.0,4,2157,5,0
r1b1r2k/pppp1p1p/n2b1pq1/3Pp3/4P3/5N1P/PPPBQPP1/R3KB1R,True,0.0,6,2062,5,0
r1b1r2k/pppp1p1p/n2b1pq1/3Pp3/4P2N/7P/PPPBQPP1/R3KB1R,False,0.0,2,2157,5,0
r1b1r2k/pppp1pqp/n2b1p2/3Pp3/4P2N/7P/PPPBQPP1/R3KB1R,True,0.0,2,2062,5,0
r1b1r2k/pppp1pqp/n2b1p2/3PpN2/4P3/7P/PPPBQPP1/R3KB1R,False,0.0,2,2157,5,0
r1b1r2k/pppp1p1p/n2b1pq1/3PpN2/4P3/7P/PPPBQPP1/R3KB1R,True,0.0,6,2062,5,0
r1b1r2k/pppp1p1p/n2b1pq1/3PpN2/4P3/7P/PPPBQPP1/2KR1B1R,False,0.0,4,2157,5,0
r1b1r2k/pppp1p1p/n4pq1/3PpN2/1b2P3/7P/PPPBQPP1/2KR1B1R,True,0.0,7,2062,5,0
r1b1r2k/pppp1p1p/n4pq1/3PpN2/1b2P3/2P4P/PP1BQPP1/2KR1B1R,False,0.0,3,2157,5,0
r1b1rb1k/pppp1p1p/n4pq1/3PpN2/4P3/2P4P/PP1BQPP1/2KR1B1R,True,0.0,15,2062,5,0
r1b1rb1k/pppp1p1p/n4pq1/3PpN2/4P1P1/2P4P/PP1BQP2/2KR1B1R,False,0.0,2,2157,5,0
r1b1rb1k/ppp2p1p/n2p1pq1/3PpN2/4P1P1/2P4P/PP1BQP2/2KR1B1R,True,0.0,2,2062,5,0
r1b1rb1k/ppp2p1p/n2p1pq1/3PpN2/4P1PP/2P5/PP1BQP2/2KR1B1R,False,0.0,2,2157,5,0
r3rb1k/ppp2p1p/n2p1pq1/3Ppb2/4P1PP/2P5/PP1BQP2/2KR1B1R,True,0.0,3,2062,5,0
r3rb1k/ppp2p1p/n2p1pq1/3PpP2/4P2P/2P5/PP1BQP2/2KR1B1R,False,0.0,9,2157,5,0
r3rbqk/ppp2p1p/n2p1p2/3PpP2/4P2P/2P5/PP1BQP2/2KR1B1R,True,0.0,2,2062,5,0
r3r1qk/ppp2pbp/n2p1p2/3PpP2/4P2P/2P5/PP1BQP2/2KR1BR1,True,0.0,7,2062,5,0
r3r1qk/ppp2pbp/n2p1p2/3PpP2/4P2P/2P5/PP1BQP2/1K1R1BR1,False,0.0,6,2157,5,0
r3r1qk/ppp2pbp/3p1p2/2nPpP2/4P2P/2P5/PP1BQP2/1K1R1BR1,True,0.0,1,2062,5,0
r3r1qk/ppp2pbp/3p1p1B/2nPpP2/4P2P/2P5/PP2QP2/1K1R1BR1,False,0.0,4,2157,5,0
r3r1qk/ppp2p1p/3p1p1b/2nPpP2/4P2P/2P5/PP2QP2/1K1R1BR1,True,0.0,3,2062,5,0
r5rk/ppp2p1p/3p1p1b/2nPpP2/4P2P/2P5/PP2QP2/1K1R1B2,True,0.0,5,2062,5,0
r5rk/ppp2p1p/3p1p1b/2nPpP1Q/4P2P/2P5/PP3P2/1K1R1B2,False,0.0,16,2157,5,0
r5rk/ppp2p1p/3p1p2/2nPpP1Q/4Pb1P/2P5/PP3P2/1K1R1B2,True,0.0,2,2062,5,0
r5rk/ppp2Q1p/3p1p2/2nPpP2/4Pb1P/2P5/PP3P2/1K1R1B2,False,0.966,1,2157,5,0
r6k/ppp2Qrp/3p1p2/2nPpP2/4Pb1P/2P5/PP3P2/1K1R1B2,True,0.964,3,2062,5,0
r6k/ppp3rp/3p1Q2/2nPpP2/4Pb1P/2P5/PP3P2/1K1R1B2,False,0.0,1,2157,5,0
r6k/pppn2rp/3p1Q2/3PpP2/4Pb1P/2P5/PP3P2/1K1R1B2,True,0.0,6,2062,5,0
r6k/pppn2rp/3pQ3/3PpP2/4Pb1P/2P5/PP3P2/1K1R1B2,False,0.0,3,2157,5,0
5r1k/pppn2rp/3pQ3/3PpP2/4Pb1P/2P5/PP3P2/1K1R1B2,True,0.998,7,2062,5,0
5r1k/pppn2rp/3pQ3/1B1PpP2/4Pb1P/2P5/PP3P2/1K1R4,False,0.0,11,2157,5,0
5r1k/ppp3rp/3pQ3/1BnPpP2/4Pb1P/2P5/PP3P2/1K1R4,True,0.0,30,2062,5,0
5r1k/ppp3rp/3pQP2/1BnPp3/4Pb1P/2P5/PP3P2/1K1R4,False,0.0,8,2157,5,0
5r1k/ppp3rp/3pnP2/1B1Pp3/4Pb1P/2P5/PP3P2/1K1R4,True,0.0,6,2062,5,0
5r1k/ppp3np/3p4/1B1Pp3/4Pb1P/2P5/PP3P2/1K1R4,True,0.0,22,2062,5,0
5r1k/pppB2np/3p4/3Pp3/4Pb1P/2P5/PP3P2/1K1R4,False,0.0,5,2157,5,0
5r1k/pppB3p/3p4/3Pp2n/4Pb1P/2P5/PP3P2/1K1R4,True,0.0,5,2062,5,0
5r1k/ppp4p/3p4/3Pp2n/4PbBP/2P5/PP3P2/1K1R4,False,0.0,2,2157,5,0
5r1k/ppp4p/3p1n2/3Pp3/4PbBP/2P5/PP3P2/1K1R4,True,0.0,2,2062,5,0
5r1k/ppp4p/3p1n2/3PpB2/4Pb1P/2P5/PP3P2/1K1R4,False,0.0,5,2157,5,0
6rk/ppp4p/3p1n2/3PpB2/4Pb1P/2P5/PP3P2/1K1R4,True,0.0,6,2062,5,0
6rk/ppp4p/3p1n2/3PpB2/4Pb1P/2P2P2/PP6/1K1R4,False,0.0,4,2157,5,0
7k/ppp4p/3p1n2/3PpB2/4Pb1P/2P2P2/PP4r1/1K1R4,True,0.0,14,2062,5,0
7k/ppp4p/3p1n2/3PpB2/4Pb1P/2P2P2/PP4r1/1K3R2,False,0.0,4,2157,5,0
8/ppp3kp/3p1n2/3PpB2/4Pb1P/2P2P2/PP4r1/1K3R2,True,0.0,11,2062,5,0
8/ppp3kp/3p1n2/3Pp3/4Pb1P/2P2P1B/PP4r1/1K3R2,False,0.0,4,2157,5,0
8/ppp3kp/3p1n2/3Pp3/4Pb1P/2P2PrB/PP6/1K3R2,True,0.0,2,2062,5,0
8/ppp3kp/3p1n2/3Pp3/4PbBP/2P2Pr1/PP6/1K3R2,False,0.0,1,2157,5,0
8/ppp3kp/3p4/3Pp3/4PbnP/2P2Pr1/PP6/1K3R2,True,0.0,1,2062,5,0
r1bq1rk1/pp1pppbp/2n2np1/8/3NP3/2N1B3/PPP1BPPP/R2QK2R,True,0.001,1,2230,5,0
r1bq1rk1/pp1pppbp/2n2np1/8/3NP3/2N1BP2/PPP1B1PP/R2QK2R,False,0.009,2,2249,5,0
r1bq1rk1/pp2ppbp/2n2np1/3p4/3NP3/2N1BP2/PPP1B1PP/R2QK2R,True,0.001,2,2230,5,0
r1bq1rk1/pp2ppbp/2n2np1/3P4/3N4/2N1BP2/PPP1B1PP/R2QK2R,False,0.0,1,2249,5,0
r1bq1rk1/pp2ppbp/2n3p1/3n4/3N4/2N1BP2/PPP1B1PP/R2QK2R,True,0.0,1,2230,5,0
r1bq1rk1/pp2ppbp/2n3p1/3N4/3N4/4BP2/PPP1B1PP/R2QK2R,False,0.0,2,2249,5,0
r1b2rk1/pp2ppbp/2n3p1/3q4/3N4/4BP2/PPP1B1PP/R2QK2R,True,0.0,1,2230,5,0
r1b2rk1/pp2ppbp/2N3p1/3q4/8/4BP2/PPP1B1PP/R2QK2R,False,0.0,1,2249,5,0
r1b2rk1/pp2ppbp/2q3p1/8/8/4BP2/PPP1B1PP/R2QK2R,True,0.0,2,2230,5,0
r1b2rk1/pp2ppbp/2q3p1/8/8/2P1BP2/PP2B1PP/R2QK2R,False,0.005,17,2249,5,0
r4rk1/pp2ppbp/2q3p1/5b2/8/2P1BP2/PP2B1PP/R2QK2R,True,0.005,2,2230,5,0
r4rk1/pp2ppbp/2q3p1/5b2/8/2P1BP2/PP2BKPP/R2Q3R,False,0.020999999999999998,8,2249,5,0
r2r2k1/pp2ppbp/2q3p1/5b2/8/2P1BP2/PP2BKPP/R2Q3R,True,0.0,2,2230,5,0
r2r2k1/pp2ppbp/2q3p1/5b2/8/1QP1BP2/PP2BKPP/R6R,False,0.0,23,2249,5,0
r2r2k1/pp2ppbp/2q3p1/8/8/1QPbBP2/PP2BKPP/R6R,True,0.053000000000000005,11,2230,5,0
r2r2k1/pp2ppbp/2q3p1/8/8/1QPbBP2/PP2BKPP/3R3R,False,0.0,2,2249,5,0
r2r2k1/pp2ppbp/2q3p1/8/8/1QP1BP2/PP2bKPP/3R3R,True,0.0,1,2230,5,0
r2r2k1/pp2ppbp/2q3p1/8/8/1QP1BP2/PP2K1PP/3R3R,False,0.0,7,2249,5,0
r2r2k1/pp2ppbp/q5p1/8/8/1QP1BP2/PP2K1PP/3R3R,True,0.0,9,2230,5,0
r2r2k1/pp2ppbp/q5p1/8/8/1QP1BP2/PP3KPP/3R3R,False,0.0,9,2249,5,0
r2r2k1/p3ppbp/qp4p1/8/8/1QP1BP2/PP3KPP/3R3R,True,0.0010000000000000009,2,2230,5,0
r2r2k1/p3ppbp/qp4p1/8/8/PQP1BP2/1P3KPP/3R3R,False,0.034,43,2249,5,0
r2r2k1/p3ppbp/1p4p1/q7/8/PQP1BP2/1P3KPP/3R3R,True,0.0,4,2230,5,0
r2r2k1/p3ppbp/1p4p1/q7/1Q6/P1P1BP2/1P3KPP/3R3R,False,0.061000000000000054,9,2249,5,0
r2r2k1/p3ppbp/1p4p1/4q3/1Q6/P1P1BP2/1P3KPP/3R3R,True,0.255,11,2230,5,0
r2r2k1/p3ppbp/1p4p1/4q3/1Q6/P1P1BPP1/1P3K1P/3R3R,False,0.0010000000000000009,10,2249,5,0
r5k1/p3ppbp/1p1r2p1/4q3/1Q6/P1P1BPP1/1P3K1P/3R3R,True,0.23100000000000004,10,2230,5,0
r5k1/p3ppbp/1p1r2p1/4q3/1Q3B2/P1P2PP1/1P3K1P/3R3R,False,0.0,3,2249,5,0
r5k1/p3ppbp/1p4p1/4q3/1Q3B2/P1P2PP1/1P3K1P/3r3R,True,0.0,3,2230,5,0
r5k1/p3ppbp/1p4p1/4q3/1Q3B2/P1P2PP1/1P3K1P/3R4,False,0.0,13,2249,5,0
r5k1/p3ppbp/1p4p1/7q/1Q3B2/P1P2PP1/1P3K1P/3R4,True,0.0,4,2230,5,0
r5k1/p3ppbp/1p4p1/7q/1Q3B1P/P1P2PP1/1P3K2/3R4,False,0.0,23,2249,5,0
r4bk1/p3pp1p/1p4p1/7q/1Q3B1P/P1P2PP1/1P3K2/3R4,True,0.15499999999999992,15,2230,5,0
r4bk1/p3pp1p/1p4p1/7q/4QB1P/P1P2PP1/1P3K2/3R4,False,0.0,8,2249,5,0
r4bk1/p3pp1p/1p4p1/2q5/4QB1P/P1P2PP1/1P3K2/3R4,True,0.0,3,2230,5,0
r4bk1/p3pp1p/1p4p1/2q5/4Q2P/P1P1BPP1/1P3K2/3R4,False,0.0,1,2249,5,0
r1q2bk1/p3pp1p/1p4p1/8/4Q2P/P1P1BPP1/1P3K2/3R4,True,0.1289999999999999,2,2230,5,0
r1q2bk1/p3pp1p/1p4p1/8/3BQ2P/P1P2PP1/1P3K2/3R4,False,0.518,7,2249,5,0
1rq2bk1/p3pp1p/1p4p1/8/3BQ2P/P1P2PP1/1P3K2/3R4,True,0.309,9,2230,5,0
1rq2bk1/p3pp1p/1p4p1/8/3BQ2P/P1P2PP1/1P3K2/4R3,False,0.39599999999999996,8,2249,5,0
1r3bk1/p3pp1p/1p4p1/8/3BQ2P/P1P2PPq/1P3K2/4R3,True,0.854,17,2230,5,0
r2qkb1r/pp1b1ppp/n1p2n2/3p4/8/1P3NP1/P2PPPBP/RNBQ1RK1,True,0.0,2,2000,5,0
r2qkb1r/pp1b1ppp/n1p2n2/3p4/8/1P3NP1/PB1PPPBP/RN1Q1RK1,False,0.007000000000000006,2,2280,5,0
r2qk2r/pp1bbppp/n1p2n2/3p4/8/1P3NP1/PB1PPPBP/RN1Q1RK1,True,0.05700000000000005,4,2000,5,0
r2qk2r/pp1bbppp/n1p2n2/3p4/8/1P1P1NP1/PB2PPBP/RN1Q1RK1,False,0.129,3,2280,5,0
r2q1rk1/pp1bbppp/n1p2n2/3p4/8/1P1P1NP1/PB2PPBP/RN1Q1RK1,True,0.064,1,2000,5,0
r2q1rk1/pp1bbppp/n1p2n2/3p4/8/1P1P1NP1/PB1NPPBP/R2Q1RK1,False,0.0,7,2280,5,0
r4rk1/pp1bbppp/nqp2n2/3p4/8/1P1P1NP1/PB1NPPBP/R2Q1RK1,True,0.044,5,2000,5,0
r4rk1/pp1bbppp/nqp2n2/3p4/8/PP1P1NP1/1B1NPPBP/R2Q1RK1,False,0.183,2,2280,5,0
r3r1k1/pp1bbppp/nqp2n2/3p4/8/PP1P1NP1/1B1NPPBP/R2Q1RK1,True,0.088,3,2000,5,0
r3r1k1/pp1bbppp/nqp2n2/3p4/1P6/P2P1NP1/1B1NPPBP/R2Q1RK1,False,0.0,16,2280,5,0
3rr1k1/pp1bbppp/nqp2n2/3p4/1P6/P2P1NP1/1B1NPPBP/R2Q1RK1,True,0.0,5,2000,5,0
3rr1k1/pp1bbppp/nqp2n2/3p4/1P6/PN1P1NP1/1B2PPBP/R2Q1RK1,False,0.0,11,2280,5,0
3rr1k1/pp2bppp/nqp2n2/3p1b2/1P6/PN1P1NP1/1B2PPBP/R2Q1RK1,True,0.0,9,2000,5,0
3rr1k1/pp2bppp/nqp2n2/3p1b2/1P6/PN1P1NP1/1B2PPBP/2RQ1RK1,False,0.0,3,2280,5,0
3rr1k1/pp2bpp1/nqp2n1p/3p1b2/1P6/PN1P1NP1/1B2PPBP/2RQ1RK1,True,0.11299999999999999,1,2000,5,0
3rr1k1/pp2bpp1/nqp2n1p/3p1b2/1P6/PN1P1NP1/1B1QPPBP/2R2RK1,False,0.0,11,2280,5,0
3rr1k1/pp2bpp1/nqp4p/3p1b2/1P4n1/PN1P1NP1/1B1QPPBP/2R2RK1,True,0.07599999999999996,6,2000,5,0
3rr1k1/pp2bpp1/nqp4p/3p1b2/1P1B2n1/PN1P1NP1/3QPPBP/2R2RK1,False,0.0,7,2280,5,0
3rr1k1/ppq1bpp1/n1p4p/3p1b2/1P1B2n1/PN1P1NP1/3QPPBP/2R2RK1,True,0.0,31,2000,5,0
3rr1k1/ppq1bpp1/n1p4p/3p1b2/1P1B2n1/PN1PPNP1/3Q1PBP/2R2RK1,False,0.622,30,2280,5,0
3rr1k1/ppq1bpp1/n1p2n1p/3p1b2/1P1B4/PN1PPNP1/3Q1PBP/2R2RK1,True,0.74,27,2000,5,0
3rr1k1/ppq1bpp1/n1p2n1p/3p1b2/1P1B4/PN1PPNP1/2RQ1PBP/5RK1,False,0.028000000000000025,2,2280,5,0
1q1rr1k1/pp2bpp1/n1p2n1p/3p1b2/1P1B4/PN1PPNP1/2RQ1PBP/5RK1,True,0.0,4,2000,5,0
1q1rr1k1/pp2bpp1/n1p2n1p/3p1b2/1P1B4/PN1PPNP1/2RQ1PBP/2R3K1,False,0.298,2,2280,5,0
1q1rr1k1/ppn1bpp1/2p2n1p/3p1b2/1P1B4/PN1PPNP1/2RQ1PBP/2R3K1,True,0.0,1,2000,5,0
1q1rr1k1/ppn1bpp1/2p2n1p/2Np1b2/1P1B4/P2PPNP1/2RQ1PBP/2R3K1,False,0.0,7,2280,5,0
1q1rr1k1/pp2bpp1/2p1nn1p/2Np1b2/1P1B4/P2PPNP1/2RQ1PBP/2R3K1,True,0.07299999999999995,8,2000,5,0
1q1rr1k1/pp2bpp1/2p1bn1p/3p4/1P1B4/P2PPNP1/2RQ1PBP/2R3K1,True,0.0,6,2000,5,0
1q1rr1k1/pp2bpp1/2p1bn1p/3pN3/1P1B4/P2PP1P1/2RQ1PBP/2R3K1,False,0.14100000000000001,6,2280,5,0
1q1rr1k1/pp3pp1/2pbbn1p/3pN3/1P1B4/P2PP1P1/2RQ1PBP/2R3K1,True,0.0,4,2000,5,0
1q1rr1k1/pp3pp1/2pbbn1p/3p4/1P1B4/P2PPNP1/2RQ1PBP/2R3K1,False,0.0,5,2280,5,0
1q1rr1k1/1p3pp1/2pbbn1p/p2p4/1P1B4/P2PPNP1/2RQ1PBP/2R3K1,True,0.028000000000000025,4,2000,5,0
1q1rr1k1/1p3pp1/2pbbn1p/P2p4/3B4/P2PPNP1/2RQ1PBP/2R3K1,False,0.0,1,2280,5,0
1q1rr1k1/1p3pp1/2p1bn1p/P2p4/3B4/b2PPNP1/2RQ1PBP/2R3K1,True,0.03600000000000003,3,2000,5,0
1q1rr1k1/1p3pp1/2p1bn1p/P2p4/3B4/b2PPNP1/2RQ1PBP/1R4K1,False,0.0,4,2280,5,0
1q1rr1k1/1p3pp1/2pbbn1p/P2p4/3B4/3PPNP1/2RQ1PBP/1R4K1,True,0.32699999999999996,1,2000,5,0
1q1rr1k1/1p3pp1/1Bpbbn1p/P2p4/8/3PPNP1/2RQ1PBP/1R4K1,False,0.0,8,2280,5,0
1q2r1k1/1p1r1pp1/1Bpbbn1p/P2p4/8/3PPNP1/2RQ1PBP/1R4K1,True,0.0,5,2000,5,0
1q2r1k1/1p1r1pp1/1Bpbbn1p/P2p4/8/2QPPNP1/2R2PBP/1R4K1,False,0.01200000000000001,3,2280,5,0
1q2r1k1/1p2rpp1/1Bpbbn1p/P2p4/8/2QPPNP1/2R2PBP/1R4K1,True,0.11399999999999999,3,2000,5,0
1q2r1k1/1p2rpp1/1Bpbbn1p/P2p4/8/2QPP1P1/2RN1PBP/1R4K1,False,0.28800000000000003,1,2280,5,0
1q2r1k1/1p1nrpp1/1Bpbb2p/P2p4/8/2QPP1P1/2RN1PBP/1R4K1,True,0.0,6,2000,5,0
1q2r1k1/1p1nrpp1/1Bpbb2p/P2p4/8/1NQPP1P1/2R2PBP/1R4K1,False,0.0,9,2280,5,0
1q2r1k1/1p1nrpp1/1Bpb3p/P2p1b2/8/1NQPP1P1/2R2PBP/1R4K1,True,0.509,15,2000,5,0
1q2r1k1/1p1nrpp1/2pb3p/P2p1b2/3B4/1NQPP1P1/2R2PBP/1R4K1,False,0.0,18,2280,5,0
1q2r1k1/1p1nr1p1/2pb1p1p/P2p1b2/3B4/1NQPP1P1/2R2PBP/1R4K1,True,0.16000000000000003,10,2000,5,0
1q2r1k1/1p1nr1p1/2pb1p1p/P2p1b2/3B4/1NQPP1P1/3R1PBP/1R4K1,False,0.052000000000000046,9,2280,5,0
4r1k1/1pqnr1p1/2pb1p1p/P2p1b2/3B4/1NQPP1P1/3R1PBP/1R4K1,True,0.471,5,2000,5,0
4r1k1/1pqnr1p1/2pb1p1p/P2p1b2/3B4/1NQPP1P1/3R1PBP/R5K1,False,0.0,8,2280,5,0
4r1k1/1pqnr1p1/3b1p1p/P1pp1b2/3B4/1NQPP1P1/3R1PBP/R5K1,True,0.02100000000000002,19,2000,5,0
4r1k1/1pqnr1p1/3b1p1p/P1pp1b2/3B4/1NQPP1P1/3R1PBP/2R3K1,False,0.0,12,2280,5,0
2r3k1/1pqnr1p1/3b1p1p/P1pp1b2/3B4/1NQPP1P1/3R1PBP/2R3K1,True,0.0,10,2000,5,0
2r3k1/1pqnr1p1/3b1p1p/P1pp1b2/3B4/1NQPP1P1/2R2PBP/2R3K1,False,0.0,12,2280,5,0
2r3k1/1pqnr1p1/3b1p1p/P2p1b2/2pB4/1NQPP1P1/2R2PBP/2R3K1,True,0.0,8,2000,5,0
2r3k1/1pqnr1p1/3b1p1p/P2p1b2/2pB4/2QPP1P1/2RN1PBP/2R3K1,False,0.0,6,2280,5,0
2r3k1/1pqnr1p1/3b1p1p/P2p4/2pB4/2QbP1P1/2RN1PBP/2R3K1,True,0.0,6,2000,5,0
2r3k1/1pqnr1p1/3b1p1p/P2p4/2pB4/3QP1P1/2RN1PBP/2R3K1,False,0.0,2,2280,5,0
2r3k1/1pqnr1p1/3b1p1p/P2p4/3B4/3pP1P1/2RN1PBP/2R3K1,True,0.0,1,2000,5,0
6k1/1prnr1p1/3b1p1p/P2p4/3B4/3pP1P1/3N1PBP/2R3K1,True,0.0,2,2000,5,0
r1b1kbnr/pp3p1p/1qn1p1p1/3pP3/3p4/2P2N2/PP2NPPP/R1BQKB1R,True,0.0,1,2191,5,0
r1b1kbnr/pp3p1p/1qn1p1p1/3pP3/3P4/5N2/PP2NPPP/R1BQKB1R,False,0.0,8,2122,5,0
r1b1kb1r/pp2np1p/1qn1p1p1/3pP3/3P4/5N2/PP2NPPP/R1BQKB1R,True,0.0,4,2191,5,0
r1b1kb1r/pp2np1p/1qn1p1p1/3pP3/3P4/5NN1/PP3PPP/R1BQKB1R,False,0.0,5,2122,5,0
r1b1kb1r/pp2np2/1qn1p1p1/3pP2p/3P4/5NN1/PP3PPP/R1BQKB1R,True,0.195,9,2191,5,0
r1b1kb1r/pp2np2/1qn1p1p1/3pP2p/3P3P/5NN1/PP3PP1/R1BQKB1R,False,0.0,6,2122,5,0
r3kb1r/pp1bnp2/1qn1p1p1/3pP2p/3P3P/5NN1/PP3PP1/R1BQKB1R,True,0.0,1,2191,5,0
r3kb1r/pp1bnp2/1qn1p1p1/3pP2p/3P3P/3B1NN1/PP3PP1/R1BQK2R,False,0.081,5,2122,5,0
2r1kb1r/pp1bnp2/1qn1p1p1/3pP2p/3P3P/3B1NN1/PP3PP1/R1BQK2R,True,0.0,2,2191,5,0
2r1kb1r/pp1bnp2/1qn1p1p1/3pP2p/3P3P/3B1NN1/PP3PP1/R1BQ1RK1,False,0.03299999999999992,8,2122,5,0
2r1kb1r/pp1bnp2/1q2p1p1/3pP2p/3n3P/3B1NN1/PP3PP1/R1BQ1RK1,True,0.01,6,2191,5,0
2r1kb1r/pp1bnp2/1q2p1p1/3pP2p/3n3P/3BBNN1/PP3PP1/R2Q1RK1,False,0.0,2,2122,5,0
2r1kb1r/pp1bnp2/1q2p1p1/3pP2p/7P/3BBnN1/PP3PP1/R2Q1RK1,True,0.0,1,2191,3,0
2r1kb1r/pp1bnp2/1q2p1p1/3pP2p/7P/3BBQN1/PP3PP1/R4RK1,False,0.0,2,2122,5,0
2r1kb1r/ppqbnp2/4p1p1/3pP2p/7P/3BBQN1/PP3PP1/R4RK1,True,0.005,9,2191,5,0
2r1kb1r/ppqbnp2/4pQp1/3pP2p/7P/3BB1N1/PP3PP1/R4RK1,False,0.0,4,2122,5,0
2r1kbr1/ppqbnp2/4pQp1/3pP2p/7P/3BB1N1/PP3PP1/R4RK1,True,0.0,9,2191,5,0
2r1kbr1/ppqbnp2/4pQp1/3pP2p/5P1P/3BB1N1/PP4P1/R4RK1,False,0.0,13,2122,5,0
2r1kbr1/ppqb1p2/4pQp1/3pPn1p/5P1P/3BB1N1/PP4P1/R4RK1,True,0.0,9,2191,5,0
2r1kbr1/ppqb1p2/4pQp1/3pPN1p/5P1P/3BB3/PP4P1/R4RK1,False,0.0,1,2122,5,0
2r1kbr1/ppqb1p2/5Qp1/3pPp1p/5P1P/3BB3/PP4P1/R4RK1,True,0.0,5,2191,5,0
2r1kbr1/ppqb1p2/5Qp1/3pPp1p/5P1P/3BB3/PP4P1/2R2RK1,False,0.0,11,2122,5,0
2rqkbr1/pp1b1p2/5Qp1/3pPp1p/5P1P/3BB3/PP4P1/2R2RK1,True,0.141,7,2191,5,0
2rqkbr1/Bp1b1p2/5Qp1/3pPp1p/5P1P/3B4/PP4P1/2R2RK1,False,0.0,29,2122,5,0
2r1kbr1/Bp1b1p2/5Qp1/q2pPp1p/5P1P/3B4/PP4P1/2R2RK1,True,0.0,7,2191,5,0
2b1kbr1/Bp3p2/5Qp1/q2pPp1p/5P1P/3B4/PP4P1/5RK1,True,0.633,14,2191,5,0
2b1kbr1/1p3p2/5Qp1/q2pPp1p/3B1P1P/3B4/PP4P1/5RK1,False,0.879,9,2122,5,0
2b1k1r1/1p2bp2/5Qp1/q2pPp1p/3B1P1P/3B4/PP4P1/5RK1,True,0.317,6,2191,5,0
2b1k1r1/1p2bp2/1Q4p1/q2pPp1p/3B1P1P/3B4/PP4P1/5RK1,False,0.0,4,2122,5,0
2b1k1r1/1p2bp2/1q4p1/3pPp1p/3B1P1P/3B4/PP4P1/5RK1,True,0.0,1,2191,5,0
2b1k1r1/1p2bp2/1B4p1/3pPp1p/5P1P/3B4/PP4P1/5RK1,False,0.08600000000000008,1,2122,5,0
2b1k1r1/1p3p2/1B4p1/3pPp1p/5P1b/3B4/PP4P1/5RK1,True,0.0,3,2191,5,0
2b1k1r1/1p3p2/1B4p1/3pPp1p/5P1b/3B4/PP4P1/2R3K1,False,0.0,2,2122,5,0
4k1r1/1p1b1p2/1B4p1/3pPp1p/5P1b/3B4/PP4P1/2R3K1,True,0.0,4,2191,5,0
4k1r1/1pRb1p2/1B4p1/3pPp1p/5P1b/3B4/PP4P1/6K1,False,0.0,6,2122,5,0
4k1r1/1pR2p2/1Bb3p1/3pPp1p/5P1b/3B4/PP4P1/6K1,True,0.0,1,2191,5,0
4k1r1/1pR2p2/1Bb3p1/3pPp1p/1P3P1b/3B4/P5P1/6K1,False,0.0,3,2122,5,0
3bk1r1/1pR2p2/1Bb3p1/3pPp1p/1P3P2/3B4/P5P1/6K1,True,0.0,7,2191,5,0
2Rbk1r1/1p3p2/1Bb3p1/3pPp1p/1P3P2/3B4/P5P1/6K1,False,0.0,4,2122,5,0
2Rb2r1/1p1k1p2/1Bb3p1/3pPp1p/1P3P2/3B4/P5P1/6K1,True,0.0,11,2191,5,0
3r4/1p1k1p2/1Bb3p1/3pPp1p/1P3P2/3B4/P5P1/6K1,True,0.0,1,2191,5,0
3B4/1p1k1p2/2b3p1/3pPp1p/1P3P2/3B4/P5P1/6K1,False,0.0,2,2122,5,0
3k4/1p3p2/2b3p1/3pPp1p/1P3P2/3B4/P5P1/6K1,True,0.026,1,2191,5,0
3k4/1p3p2/2b3p1/1P1pPp1p/5P2/3B4/P5P1/6K1,False,0.0,3,2122,5,0
3k4/1p1b1p2/6p1/1P1pPp1p/P4P2/3B4/6P1/6K1,False,0.0,3,2122,5,0
3k4/3b1p2/1p4p1/1P1pPp1p/P4P2/3B4/6P1/6K1,True,0.033,1,2191,5,0
3k4/3b1p2/1p4p1/1P1pPp1p/P4P2/3B2P1/8/6K1,False,0.217,7,2122,5,0
8/3bkp2/1p4p1/1P1pPp1p/P4P2/3B2P1/8/6K1,True,0.0,1,2191,5,0
8/3bkp2/1p4p1/1P1pPp1p/P4P2/3B2P1/6K1/8,False,0.0,1,2122,5,0
8/3bk3/1p3pp1/1P1pPp1p/P4P2/3B2P1/6K1/8,True,0.0,11,2191,5,0
8/3b4/1p3kp1/1P1p1p1p/P4P2/3B1KP1/8/8,False,0.0,1,2122,5,0
8/3b4/1p3k2/1P1p1ppp/P4P2/3B1KP1/8/8,True,0.009000000000000001,13,2191,5,0
8/3b4/1p3k2/1P1p1ppp/P4P2/5KP1/2B5/8,False,0.004,20,2122,5,0
8/3b4/1p3k2/1P1p1pp1/P4P1p/5KP1/2B5/8,True,0.0,4,2191,5,0
8/3b4/1p6/1P1p1pk1/P6p/5KP1/2B5/8,True,0.0,1,2191,5,0
r1bq1rk1/ppp2pbp/2np1np1/4p3/3PP3/2PB1N2/PP3PPP/RNBQ1R1K,True,0.0,1,2346,5,0
r1bq1rk1/ppp2pbp/2np1np1/3Pp3/4P3/2PB1N2/PP3PPP/RNBQ1R1K,False,0.0,1,2331,5,0
r1bq1rk1/ppp1npbp/3p1np1/3Pp3/4P3/2PB1N2/PP3PPP/RNBQ1R1K,True,0.0,6,2346,5,0
r1bq1rk1/ppp1npbp/3p1np1/3Pp3/4P3/2PB4/PP3PPP/RNBQ1RNK,False,0.0,36,2331,5,0
r1bq1rk1/pppnnpbp/3p2p1/3Pp3/4P3/2PB4/PP3PPP/RNBQ1RNK,True,0.008000000000000002,4,2346,5,0
r1bq1rk1/pppnnpbp/3p2p1/3Pp3/4PP2/2PB4/PP4PP/RNBQ1RNK,False,0.0,2,2331,5,0
r1bq1rk1/pppnnpbp/3p2p1/3P4/4Pp2/2PB4/PP4PP/RNBQ1RNK,True,0.0,3,2346,5,0
r1bq1rk1/pppnnpbp/3p2p1/3P4/4PB2/2PB4/PP4PP/RN1Q1RNK,False,0.0,1,2331,5,0
r1bq1rk1/ppp1npbp/3p2p1/3Pn3/4PB2/2PB4/PP4PP/RN1Q1RNK,True,0.013999999999999999,9,2346,5,0
r1bq1rk1/ppp1npbp/3p2p1/3Pn3/4PB2/2P5/PP2B1PP/RN1Q1RNK,False,0.0,94,2331,5,0
r1bq1rk1/ppp1n1bp/3p2p1/3Pnp2/4PB2/2P5/PP2B1PP/RN1Q1RNK,True,0.0,28,2346,5,0
r1bq1rk1/ppp1n1bp/3p2p1/3PnP2/5B2/2P5/PP2B1PP/RN1Q1RNK,False,0.07900000000000001,9,2331,5,0
r1bq1rk1/ppp3bp/3p2p1/3Pnn2/5B2/2P5/PP2B1PP/RN1Q1RNK,True,0.0,33,2346,5,0
r1bq1rk1/ppp3bp/3p2p1/3Pnn2/5B2/N1P5/PP2B1PP/R2Q1RNK,False,0.0,6,2331,5,0
r1b2rk1/ppp3bp/3p2p1/3Pnn2/5B1q/N1P5/PP2B1PP/R2Q1RNK,True,0.005,8,2346,5,0
r1b2rk1/ppp3bp/3p2p1/3Pnn2/5B1q/N1P3P1/PP2B2P/R2Q1RNK,False,0.0,19,2331,5,0
r1b2rk1/ppp1q1bp/3p2p1/3Pnn2/5B2/N1P3P1/PP2B2P/R2Q1RNK,True,0.003,12,2346,5,0
r1b2rk1/ppp1q1bp/3p2p1/3Pnn2/5B2/N1P3P1/PP1QB2P/R4RNK,False,0.9279999999999999,59,2331,5,0
r4rk1/pppbq1bp/3p2p1/3Pnn2/5B2/N1P3P1/PP1QB2P/R4RNK,True,0.797,5,2346,5,0
r4rk1/pppbq1bp/3p2p1/3Pnn2/5B2/N1P3P1/PP1QB2P/4RRNK,False,0.0,6,2331,5,0
4rrk1/pppbq1bp/3p2p1/3Pnn2/5B2/N1P3P1/PP1QB2P/4RRNK,True,0.0,13,2346,5,0
4rrk1/pppbq1bp/3p2p1/3PnnB1/8/N1P3P1/PP1QB2P/4RRNK,False,0.0,6,2331,5,0
4rrk1/pppbq2p/3p1bp1/3PnnB1/8/N1P3P1/PP1QB2P/4RRNK,True,0.001,27,2346,5,0
4rrk1/pppbq2p/3p1Bp1/3Pnn2/8/N1P3P1/PP1QB2P/4RRNK,False,0.0,1,2331,5,0
4r1k1/pppbq2p/3p1rp1/3Pnn2/8/N1P3P1/PP1QB2P/4RRNK,True,0.0,5,2346,5,0
4r1k1/pppbq2p/3p1rp1/3Pnn2/8/N1P2NP1/PP1QB2P/4RR1K,False,0.0,23,2331,5,0
4r1k1/pppb2qp/3p1rp1/3Pnn2/8/N1P2NP1/PP1QB2P/4RR1K,True,0.004,11,2346,5,0
4r1k1/pppb2qp/3p1rp1/3PNn2/8/N1P3P1/PP1QB2P/4RR1K,False,0.0,1,2331,5,0
6k1/pppb2qp/3p1rp1/3Prn2/8/N1P3P1/PP1QB2P/4RR1K,True,0.004,37,2346,5,0
6k1/pppb2qp/3p1rp1/1B1Prn2/8/N1P3P1/PP1Q3P/4RR1K,False,0.021,39,2331,5,0
6k1/pppb2qp/3p1rp1/1B1P1n2/8/N1P3P1/PP1Q3P/4rR1K,True,0.0,5,2346,5,0
6k1/pppb2qp/3p1rp1/1B1P1n2/8/N1P3P1/PP1Q3P/4R2K,False,0.011,9,2331,5,0
5rk1/pppb2qp/3p2p1/1B1P1n2/8/N1P3P1/PP1Q3P/4R2K,True,0.009,27,2346,5,0
5rk1/pppb2qp/3p2p1/1B1P1nQ1/8/N1P3P1/PP5P/4R2K,False,0.004,23,2331,5,0
5rk1/ppp3qp/3p2p1/1b1P1nQ1/8/N1P3P1/PP5P/4R2K,True,0.0,4,2346,5,0
5rk1/ppp3qp/3p2p1/1N1P1nQ1/8/2P3P1/PP5P/4R2K,False,0.0,3,2331,5,0
5rk1/ppp2q1p/3p2p1/1N1P1nQ1/8/2P3P1/PP5P/4R2K,True,0.0,41,2346,5,0
5rk1/ppp2q1p/3p2p1/1N1P1nQ1/2P5/6P1/PP5P/4R2K,False,0.008,11,2331,5,0
5rk1/1pp2q1p/p2p2p1/1N1P1nQ1/2P5/6P1/PP5P/4R2K,True,0.0,11,2346,5,0
5rk1/1pp2q1p/p2p2p1/3P1nQ1/2P5/2N3P1/PP5P/4R2K,False,0.014,5,2331,5,0
5rk1/1pp2q1p/p2p2p1/3P2Q1/2Pn4/2N3P1/PP5P/4R2K,True,0.0,83,2346,5,0
5rk1/1pp2q1p/p2p2p1/3P4/2Pn1Q2/2N3P1/PP5P/4R2K,False,0.0,1,2331,5,0
5rk1/1pp4p/p2p2p1/3P4/2Pn1P2/2N5/PP5P/4R2K,False,0.0,1,2331,5,0
6k1/1pp4p/p2p2p1/3P4/2Pn1r2/2N5/PP5P/4R2K,True,0.0,4,2346,5,0
6k1/1pp1R2p/p2p2p1/3P4/2Pn1r2/2N5/PP5P/7K,False,0.0,2,2331,5,0
6k1/1pp1Rr1p/p2p2p1/3P4/2Pn4/2N5/PP5P/7K,True,0.0,3,2346,5,0
4R3/1pp2rkp/p2p2p1/3P4/2Pn4/2N5/PP5P/7K,True,0.0,2,2346,5,0
1R6/1pp2rkp/p2p2p1/3P4/2Pn4/2N5/PP5P/7K,False,0.0,13,2331,5,0
1R6/1pp3kp/p2p2p1/3P4/2Pn4/2N5/PP3r1P/7K,True,0.0,34,2346,5,0
1R6/1pp3kp/p2p2p1/3P4/2Pn4/2N5/PP3r1P/6K1,False,0.0,2,2331,5,0
1R6/1pp3kp/p2p2p1/3P4/2Pn4/2N5/Pr5P/6K1,True,0.0,12,2346,5,0
2R5/1pp3kp/p2p2p1/3P4/2Pn4/2N5/Pr5P/6K1,False,0.0,8,2331,5,0
2R5/1p4kp/p1pp2p1/3P4/2Pn4/2N5/Pr5P/6K1,True,0.0,10,2346,5,0
2R5/1p4kp/p1pp2p1/3P4/2PnN3/8/Pr5P/6K1,False,0.0,7,2331,5,0
2R5/1p4kp/p2p2p1/3P4/3nN3/8/Pr5P/6K1,False,0.0,3,2331,5,0
2R5/1p4kp/p2p2p1/3P4/4N3/5n2/Pr5P/6K1,True,0.0,5,2346,2,0
2R5/1p4kp/p2p2p1/3P4/4N3/5n2/Pr5P/5K2,False,0.0,1,2331,5,0
2R5/1p4kp/p2p2p1/3P4/4N3/8/Pr5n/5K2,True,0.0,3,2346,2,0
r2qkb1r/pbpn1ppp/1p1ppn2/8/2PP4/1PN2NP1/P3PPBP/R1BQK2R,True,0.0,4,2253,5,0
r2qkb1r/pbpn1ppp/1p1ppn2/3P4/2P5/1PN2NP1/P3PPBP/R1BQK2R,False,0.346,3,2269,5,0
r2qkb1r/pbpn1ppp/1p1p1n2/3p4/2P5/1PN2NP1/P3PPBP/R1BQK2R,True,0.0,1,2253,5,0
r2qkb1r/pbpn1ppp/1p1p1n2/3p4/2P4N/1PN3P1/P3PPBP/R1BQK2R,False,0.10899999999999999,5,2269,5,0
r2qk2r/pbpnbppp/1p1p1n2/3p4/2P4N/1PN3P1/P3PPBP/R1BQK2R,True,0.015000000000000013,13,2253,5,0
r2qk2r/pbpnbppp/1p1p1n2/3p1N2/2P5/1PN3P1/P3PPBP/R1BQK2R,False,0.0,2,2269,5,0
r2q1rk1/pbpnbppp/1p1p1n2/3p1N2/2P5/1PN3P1/P3PPBP/R1BQK2R,True,0.02100000000000002,3,2253,5,0
r2q1rk1/pbpnbppp/1p1p1n2/3P1N2/8/1PN3P1/P3PPBP/R1BQK2R,False,0.07500000000000001,2,2269,5,0
r2qr1k1/pbpnbppp/1p1p1n2/3P1N2/8/1PN3P1/P3PPBP/R1BQK2R,True,0.174,2,2253,5,0
r2qr1k1/pbpnbppp/1p1p1n2/3P1N2/8/1PN3P1/P3PPBP/R1BQ1RK1,False,0.020000000000000018,2,2269,5,0
r2qrbk1/pbpn1ppp/1p1p1n2/3P1N2/8/1PN3P1/P3PPBP/R1BQ1RK1,True,0.17700000000000005,23,2253,5,0
r2qrbk1/pbpn1ppp/1p1p1n2/3P1N2/8/1PN3P1/P3PPBP/R1BQR1K1,False,0.006000000000000005,1,2269,5,0
r2qrbk1/pbpn1p1p/1p1p1np1/3P1N2/8/1PN3P1/P3PPBP/R1BQR1K1,True,0.0,28,2253,5,0
r2qrbk1/pbpn1p1p/1p1p1np1/3P4/3N4/1PN3P1/P3PPBP/R1BQR1K1,False,0.0,2,2269,5,0
r2qr1k1/pbpn1pbp/1p1p1np1/3P4/3N4/1PN3P1/P3PPBP/R1BQR1K1,True,0.257,15,2253,5,0
r2qr1k1/pbpn1pbp/1p1p1np1/3P4/3N4/1PN3P1/PB2PPBP/R2QR1K1,False,0.007000000000000006,1,2269,5,0
r2qr1k1/pbp2pbp/1p1p1np1/2nP4/3N4/1PN3P1/PB2PPBP/R2QR1K1,True,0.938,42,2253,5,0
r2qr1k1/pbp2pbp/1pNp1np1/2nP4/8/1PN3P1/PB2PPBP/R2QR1K1,False,0.0,3,2269,5,0
r2qr1k1/p1p2pbp/1pPp1np1/2n5/8/1PN3P1/PB2PPBP/R2QR1K1,False,0.616,6,2269,5,0
r2qr1k1/p1p2pbp/1pPp2p1/2n5/4n3/1PN3P1/PB2PPBP/R2QR1K1,True,0.07300000000000001,5,2253,5,0
r2qr1k1/p1p2pbp/1pPp2p1/2n5/4B3/1PN3P1/PB2PP1P/R2QR1K1,False,0.0,2,2269,5,0
r2qr1k1/p1p2pbp/1pPp2p1/8/4n3/1PN3P1/PB2PP1P/R2QR1K1,True,0.001,3,2253,5,0
r2qr1k1/p1p2pbp/1pPp2p1/8/4n3/1PN3P1/PBQ1PP1P/R3R1K1,False,0.0,8,2269,5,0
r3r1k1/p1p2pbp/1pPp1qp1/8/4n3/1PN3P1/PBQ1PP1P/R3R1K1,True,0.0,13,2253,5,0
r3r1k1/p1p2pbp/1pPp1qp1/8/4N3/1P4P1/PBQ1PP1P/R3R1K1,False,0.0,2,2269,5,0
r3r1k1/p1p2pbp/1pPp2p1/8/4N3/1P4P1/PqQ1PP1P/R3R1K1,True,0.0,16,2253,5,0
r3r1k1/p1p2p1p/1pPp2p1/8/4N3/1P4P1/Pb2PP1P/R3R1K1,True,0.0,2,2253,5,0
r3r1k1/p1p2p1p/1pPp2p1/8/4N3/1P4P1/Pb2PP1P/1R2R1K1,False,0.0,5,2269,5,0
r3r1k1/p1p2pbp/1pPp2p1/8/4N3/1P4P1/P3PP1P/1R2R1K1,True,0.0,13,2253,5,0
r3r1k1/p1p2pbp/1pPp2p1/6N1/8/1P4P1/P3PP1P/1R2R1K1,False,0.0,5,2269,5,0
r5k1/p1p2pbp/1pPp2p1/4r1N1/8/1P4P1/P3PP1P/1R2R1K1,True,0.004,5,2253,5,0
r5k1/p1p2pbp/1pPp2p1/4r3/8/1P3NP1/P3PP1P/1R2R1K1,False,0.0,3,2269,5,0
r5k1/p1p2pbp/1pPp2p1/r7/8/1P3NP1/P3PP1P/1R2R1K1,True,0.0,3,2253,5,0
r5k1/p1p2pbp/1pPp2p1/r7/P7/1P3NP1/4PP1P/1R2R1K1,False,0.003,11,2269,5,0
r5k1/p1p2pbp/1pPp2p1/2r5/P7/1P3NP1/4PP1P/1R2R1K1,True,0.0,2,2253,5,0
r5k1/p1p2pbp/1pPp2p1/2r5/P7/1P3NP1/4PP1P/1RR3K1,False,0.008,4,2269,5,0
r5k1/p1p2pbp/1pPp2p1/8/P7/1P3NP1/4PP1P/1Rr3K1,True,0.0,1,2253,3,0
4r1k1/p1p2pbp/1pPp2p1/8/P7/1P3NP1/4PP1P/2R3K1,True,0.005,7,2253,5,0
r1bqk2r/pp1p1ppp/2n1p3/3nP3/1b1P4/2N2N2/PP3PPP/R1BQKB1R,True,0.0,5,2153,5,0
r1bqk2r/pp1p1ppp/2n1p3/3nP3/1b1P4/2N2N2/PP1B1PPP/R2QKB1R,False,0.0,18,2144,5,0
r1b1k2r/pp1p1ppp/2n1p3/q2nP3/1b1P4/2N2N2/PP1B1PPP/R2QKB1R,True,0.0,31,2153,5,0
r1b1k2r/pp1p1ppp/2n1p3/q2nP3/1b1P4/1QN2N2/PP1B1PPP/R3KB1R,False,0.0,11,2144,5,0
r1b1k2r/pp1p1ppp/2n1p3/q3P3/1b1P4/1Qn2N2/PP1B1PPP/R3KB1R,True,0.0,23,2153,5,0
r1b1k2r/pp1p1ppp/2n1p3/q3P3/1b1P4/1QP2N2/P2B1PPP/R3KB1R,False,0.0,6,2144,5,0
r1b1k2r/pp1pbppp/2n1p3/q3P3/3P4/1QP2N2/P2B1PPP/R3KB1R,True,0.18300000000000005,1,2153,5,0
r1b1k2r/pp1pbppp/2n1p3/q3P3/3P4/1QPB1N2/P2B1PPP/R3K2R,False,0.48600000000000004,3,2144,5,0
r1b1k2r/p2pbppp/1pn1p3/q3P3/3P4/1QPB1N2/P2B1PPP/R3K2R,True,0.241,4,2153,5,0
r1b1k2r/p2pbppp/1pn1p3/q3P3/3P4/PQPB1N2/3B1PPP/R3K2R,False,0.027000000000000024,7,2144,5,0
r3k2r/p2pbppp/bpn1p3/q3P3/3P4/PQPB1N2/3B1PPP/R3K2R,True,0.0,2,2153,5,0
r3k2r/p2pbppp/bpn1p3/q3P3/2PP4/PQ1B1N2/3B1PPP/R3K2R,False,0.0,42,2144,5,0
r3k2r/p2pbppp/bp2p3/q3P3/2Pn4/PQ1B1N2/3B1PPP/R3K2R,True,0.0,10,2153,5,0
r3k2r/p2pbppp/bp2p3/q3P3/2PN4/PQ1B4/3B1PPP/R3K2R,False,0.0,3,2144,5,0
r3k2r/p2pbppp/bp2p3/4q3/2PN4/PQ1B4/3B1PPP/R3K2R,True,0.0,4,2153,5,0
r3k2r/p2pbppp/bp2p3/4q3/2PN4/PQ1BB3/5PPP/R3K2R,False,0.0,6,2144,5,0
r3k2r/p2p1ppp/bp2p3/2b1q3/2PN4/PQ1BB3/5PPP/R3K2R,True,0.517,14,2153,5,0
r3k2r/p2p1ppp/bp2p3/2b1q3/2PN4/P2BB3/1Q3PPP/R3K2R,False,0.0,10,2144,5,0
r3k2r/pb1p1ppp/1p2p3/2b1q3/2PN4/P2BB3/1Q3PPP/R3K2R,True,0.0,9,2153,5,0
r3k2r/pb1p1ppp/1p2p3/2b1q3/2PN4/P2BB3/1Q3PPP/2KR3R,False,0.0010000000000000009,37,2144,5,0
2r1k2r/pb1p1ppp/1p2p3/2b1q3/2PN4/P2BB3/1Q3PPP/2KR3R,True,0.0,32,2153,5,0
2r1k2r/pb1p1ppp/1p2p3/2b1q3/2PN4/P2BB3/1Q3PPP/2KRR3,False,0.0,8,2144,5,0
2r1k2r/pb1p1ppp/1p1qp3/2b5/2PN4/P2BB3/1Q3PPP/2KRR3,True,0.0,7,2153,5,0
2r1k2r/pb1p1ppp/1p1qp3/1Nb5/2P5/P2BB3/1Q3PPP/2KRR3,False,0.0,14,2144,5,0
2r1k2r/pb1p1ppp/1p1qp3/1N6/2P5/P2Bb3/1Q3PPP/2KRR3,True,0.0,9,2153,5,0
2r1k2r/pb1p1ppp/1p1qp3/1N6/2P5/P2BR3/1Q3PPP/2KR4,False,0.0,11,2144,5,0
2r1k2r/pb1p1ppp/1pq1p3/1N6/2P5/P2BR3/1Q3PPP/2KR4,True,0.0,11,2153,5,0
2r1k2r/pb1p1ppp/1pq1p3/1N6/1QP5/P2BR3/5PPP/2KR4,False,0.0,56,2144,5,0
2r1k2r/pb1p1ppp/1p2p3/1Nq5/1QP5/P2BR3/5PPP/2KR4,True,0.0,6,2153,5,0
2r4r/pb1pkppp/1p1Np3/2q5/1QP5/P2BR3/5PPP/2KR4,True,0.0,7,2153,5,0
2r5/pb1pkppp/1p2p3/2q5/1QP5/P2BR3/5PPP/2KR4,True,0.0,1,2153,5,0
8/pb1pkppp/1p2p3/2r5/2P5/P2BR3/5PPP/2KR4,True,0.0,4,2153,5,0
8/pb1pkppp/1p2p3/2r5/2P5/P2BR3/1K3PPP/3R4,False,0.0,7,2144,5,0
8/p2pkppp/1p2p3/2r5/2P5/P2BR3/1K3PbP/3R4,True,0.0,11,2153,5,0
8/p2pkppp/1p2p3/2r5/2P5/P2B2R1/1K3PbP/3R4,False,0.0,14,2144,5,0
8/p2pkppp/1pb1p3/2r5/2P5/P2B2R1/1K3P1P/3R4,True,0.0,16,2153,5,0
8/p2pkpRp/1pb1p3/2r5/2P5/P2B4/1K3P1P/3R4,False,0.0,1,2144,5,0
8/p2pkpRp/1pb1p3/7r/2P5/P2B4/1K3P1P/3R4,True,0.0,3,2153,5,0
8/p2pkp1R/1pb1p3/7r/2P5/P2B4/1K3P1P/3R4,False,0.0,17,2144,5,0
8/p2pkp1r/1pb1p3/8/2P5/P2B4/1K3P1P/3R4,True,0.0,4,2153,5,0
8/p2pkp1B/1pb1p3/8/2P5/P7/1K3P1P/3R4,False,0.0,1,2144,5,0
8/p2pk2B/1pb1p3/5p2/2P5/P7/1K3P1P/3R4,True,0.0,4,2153,5,0
8/p2pk2B/1pb1p3/5p2/2P2P2/P7/1K5P/3R4,False,0.0,49,2144,5,0
8/p2pk2B/1p2p3/5p2/2P2P2/P4b2/1K5P/3R4,True,0.0,3,2153,5,0
8/p2pk2B/1p2p3/5p2/2P2P2/P4b2/1K5P/6R1,False,0.0,26,2144,5,0
8/p2p3B/1p2pk2/5p2/2P2P2/P4b2/1K5P/6R1,True,0.0,13,2153,5,0
8/p2p3B/1p2pk2/5p2/2P2P2/P1K2b2/7P/6R1,False,0.0,4,2144,5,0
8/p6B/1p1ppk2/5p2/2P2P2/P1K2b2/7P/6R1,True,0.0,3,2153,5,0
8/p4k1B/1p1pp1R1/5p2/2P2P2/P1K2b2/7P/8,True,0.0,2,2153,5,0
8/p4k1B/1p1pp1R1/5p2/2PK1P2/P4b2/7P/8,False,0.0,13,2144,5,0
8/p4k1B/1p1pp1R1/5p1b/2PK1P2/P7/7P/8,True,0.0,3,2153,5,0
8/p4k1B/1p1pp3/5pRb/2PK1P2/P7/7P/8,False,0.0,4,2144,5,0
8/p4k1B/1p1pp3/5pR1/2PK1Pb1/P7/7P/8,True,0.0,5,2153,5,0
8/p4k1B/1p1pp3/5pR1/2PK1PbP/P7/8/8,False,0.0,8,2144,5,0
8/p6B/1p1ppk2/5pR1/2PK1PbP/P7/8/8,True,0.0,14,2153,5,0
6B1/p7/1p1ppk2/5pR1/2PK1PbP/P7/8/8,False,0.0,3,2144,5,0
6B1/p7/1p1p1k2/4ppR1/2PK1PbP/P7/8/8,True,0.0,9,2153,5,0
r1bqk2r/3pppbp/p1p2np1/2p5/Q3P3/2P2N2/PP1P1PPP/RNB2RK1,True,0.486,12,2161,5,0
r1bqk2r/3pppbp/p1p2np1/2p5/Q3P3/2P2N2/PP1P1PPP/RNB1R1K1,False,0.08699999999999997,4,2191,5,0
r1bq1rk1/3pppbp/p1p2np1/2p5/Q3P3/2P2N2/PP1P1PPP/RNB1R1K1,True,0.059,1,2161,5,0
r1bq1rk1/3pppbp/p1p2np1/2p5/Q2PP3/2P2N2/PP3PPP/RNB1R1K1,False,0.0,15,2191,5,0
r1bq1rk1/3pppbp/p1p2np1/8/Q2pP3/2P2N2/PP3PPP/RNB1R1K1,True,0.132,8,2161,5,0
r1bq1rk1/3pppbp/p1p2np1/8/Q2PP3/5N2/PP3PPP/RNB1R1K1,False,0.0,5,2191,5,0
r1b2rk1/2qpppbp/p1p2np1/8/Q2PP3/5N2/PP3PPP/RNB1R1K1,True,0.07800000000000001,6,2161,5,0
r1b2rk1/2qpppbp/p1p2np1/4N3/Q2PP3/8/PP3PPP/RNB1R1K1,False,0.009,7,2191,5,0
r4rk1/1bqpppbp/p1p2np1/4N3/Q2PP3/8/PP3PPP/RNB1R1K1,True,0.032,2,2161,5,0
r4rk1/1bqpppbp/p1p2np1/4N3/Q2PPB2/8/PP3PPP/RN2R1K1,False,0.0,3,2191,5,0
r4rk1/1bq1ppbp/p1pp1np1/4N3/Q2PPB2/8/PP3PPP/RN2R1K1,True,0.039999999999999994,10,2161,5,0
r4rk1/1bq1ppbp/p1pp1np1/8/Q2PPB2/3N4/PP3PPP/RN2R1K1,False,0.0,6,2191,5,0
r4rk1/1bq1ppbp/p1pp2p1/7n/Q2PPB2/3N4/PP3PPP/RN2R1K1,True,0.005999999999999998,8,2161,5,0
r4rk1/1bq1ppbp/p1pp2p1/7n/Q2PPB2/2NN4/PP3PPP/R3R1K1,False,0.0,21,2191,5,0
r4rk1/1bq2pbp/p1pp2p1/4p2n/Q2PPB2/2NN4/PP3PPP/R3R1K1,True,0.255,4,2161,5,0
r4rk1/1bq2pbp/p1pp2p1/4P2n/Q3PB2/2NN4/PP3PPP/R3R1K1,False,0.0,11,2191,5,0
r4rk1/1bq2pbp/p1pp2p1/4P3/Q3Pn2/2NN4/PP3PPP/R3R1K1,True,0.003,5,2161,5,0
r4rk1/1bq2pbp/p1pp2p1/4P3/Q3PN2/2N5/PP3PPP/R3R1K1,False,0.0,1,2191,5,0
r4rk1/1bq2p1p/p1pp2p1/4b3/Q3PN2/2N5/PP3PPP/R3R1K1,True,0.0,7,2161,5,0
r4rk1/1bq2p1p/p1pp2p1/4b3/Q3P3/2NN4/PP3PPP/R3R1K1,False,0.0,2,2191,5,0
r4rk1/1bq2pbp/p1pp2p1/8/Q3P3/2NN4/PP3PPP/R3R1K1,True,0.001,4,2161,5,0
r4rk1/1bq2pbp/p1pp2p1/8/Q3PP2/2NN4/PP4PP/R3R1K1,False,0.001,8,2191,5,0
3r1rk1/1bq2pbp/p1pp2p1/8/Q3PP2/2NN4/PP4PP/R3R1K1,True,0.0,5,2161,5,0
3r1rk1/1bq2pbp/p1pp2p1/5P2/Q3P3/2NN4/PP4PP/R3R1K1,False,0.0,8,2191,5,0
3r1rk1/1bq2pbp/p1p3p1/3p1P2/Q3P3/2NN4/PP4PP/R3R1K1,True,0.0,43,2161,5,0
3r1rk1/1bq2pbp/p1p3P1/3p4/Q3P3/2NN4/PP4PP/R3R1K1,False,0.0,4,2191,5,0
3r1rk1/1bq2pb1/p1p3p1/3p4/Q3P3/2NN4/PP4PP/R3R1K1,True,0.0,3,2161,5,0
3r1rk1/1bq2pb1/p1p3p1/3pP3/Q7/2NN4/PP4PP/R3R1K1,False,0.001,3,2191,5,0
3rr1k1/1bq2pb1/p1p3p1/3pP3/Q7/2NN4/PP4PP/R3R1K1,True,0.001,13,2161,5,0
3rr1k1/1bq2pb1/p1p3p1/3pP3/5Q2/2NN4/PP4PP/R3R1K1,False,0.0,11,2191,5,0
3rr1k1/1bq2pb1/p5p1/2ppP3/5Q2/2NN4/PP4PP/R3R1K1,True,0.0,28,2161,5,0
3rr1k1/1bq2pb1/p3P1p1/2pp4/5Q2/2NN4/PP4PP/R3R1K1,False,0.0,5,2191,5,0
3rr1k1/1b3pb1/p3P1p1/2pp4/5q2/2NN4/PP4PP/R3R1K1,True,0.0,1,2161,5,0
3rr1k1/1b3pb1/p3P1p1/2pp4/5N2/2N5/PP4PP/R3R1K1,False,0.0,5,2191,5,0
3rr1k1/1b3pb1/p3P1p1/2p5/3p1N2/2N5/PP4PP/R3R1K1,True,0.0,5,2161,5,0
3rr1k1/1b3pb1/p3P1p1/2p5/N2p1N2/8/PP4PP/R3R1K1,False,0.0,14,2191,5,0
3rr1k1/1b3pb1/p3P1p1/8/N1pp1N2/8/PP4PP/R3R1K1,True,0.0,6,2161,5,0
3rr1k1/1b3pb1/p3P1p1/2N5/2pp1N2/8/PP4PP/R3R1K1,False,0.0,9,2191,5,0
2brr1k1/5pb1/p3P1p1/2N5/2pp1N2/8/PP4PP/R3R1K1,True,0.0,11,2161,5,0
2brr3/5kb1/p5p1/2N5/2pp1N2/8/PP4PP/R4RK1,False,0.0,9,2191,5,0
3rr3/5kb1/p5p1/2N2b2/2pp1N2/8/PP4PP/R4RK1,True,0.0,4,2161,5,0
3rr3/5kb1/N5p1/5b2/2pp1N2/8/PP4PP/R4RK1,False,0.0,2,2191,5,0
3rr3/5kb1/N5p1/5b2/2p2N2/3p4/PP4PP/R4RK1,True,0.0,13,2161,5,0
3rr3/5kb1/6p1/2N2b2/2p2N2/3p4/PP4PP/R4RK1,False,0.0,3,2191,5,0
3rr3/5k2/6p1/2N2b2/2pb1N2/3p4/PP4PP/R4RK1,True,0.0,2,2161,2,0
3rr3/5k2/6p1/2N2b2/2pb1N2/3p4/PP4PP/R4R1K,False,0.0,1,2191,5,0
3rr3/5k2/6p1/2b2b2/2p2N2/3p4/PP4PP/R4R1K,True,0.0,2,2161,5,0
3rr3/5k2/6p1/2b2b2/2p2N2/1P1p4/P5PP/R4R1K,False,0.0,4,2191,5,0
3rr3/6k1/6p1/2b2b2/2p2N2/1P1p4/P5PP/R4R1K,True,0.0,3,2161,5,0
3rr3/6k1/6p1/2b2b2/2P2N2/3p4/P5PP/R4R1K,False,0.0,6,2191,5,0
3rr3/6k1/6p1/2b2b2/2P2N2/8/P2p2PP/R4R1K,True,0.0,6,2161,5,0
3rr3/6k1/6p1/2b2b2/2P2N2/8/P2p2PP/3R1R1K,False,0.0,4,2191,5,0
3rr3/6k1/6p1/2b5/2P2N2/8/P1bp2PP/3R1R1K,True,0.0,10,2161,5,0
3rr3/6k1/6p1/2bN4/2P5/8/P1bp2PP/3R1R1K,False,0.0,4,2191,5,0
r3k1nr/pppqbppp/2n5/8/4Q3/2P5/PP1P1PPP/RNB1KB1R,True,0.0,4,2217,5,0
r3k1nr/pppqbppp/2n5/1B6/4Q3/2P5/PP1P1PPP/RNB1K2R,False,0.0,10,2210,5,0
r3k2r/pppqbppp/2n2n2/1B6/4Q3/2P5/PP1P1PPP/RNB1K2R,True,0.395,10,2217,5,0
r3k2r/pppqbppp/2B2n2/8/4Q3/2P5/PP1P1PPP/RNB1K2R,False,0.0,1,2210,5,0
r3k2r/pppqbppp/2B5/8/4n3/2P5/PP1P1PPP/RNB1K2R,True,0.0,1,2217,5,0
r6r/pppkbppp/8/8/4n3/2P5/PP1P1PPP/RNB1K2R,True,0.0,13,2217,5,0
r6r/pppkbppp/8/8/3Pn3/2P5/PP3PPP/RNB1K2R,False,0.019000000000000017,9,2210,5,0
4r2r/pppkbppp/8/8/3Pn3/2P5/PP3PPP/RNB1K2R,True,0.0,2,2217,5,0
4r2r/pppkbppp/8/8/3Pn3/2P5/PP3PPP/RNB2RK1,False,0.276,12,2210,5,0
4r2r/pppk1ppp/3b4/8/3Pn3/2P5/PP3PPP/RNB2RK1,True,0.43,36,2217,5,0
4r2r/pppk1ppp/3b4/8/3Pn3/2P1B3/PP3PPP/RN3RK1,False,0.0,5,2210,5,0
4r2r/pppk2pp/3b4/5p2/3Pn3/2P1B3/PP3PPP/RN3RK1,True,0.026000000000000023,20,2217,5,0
4r2r/pppk2pp/3b4/5p2/3Pn3/2P1B1P1/PP3P1P/RN3RK1,False,0.544,8,2210,5,0
4r2r/pppk2pp/3b4/8/3Pnp2/2P1B1P1/PP3P1P/RN3RK1,True,0.403,8,2217,5,0
4r2r/pppk2pp/3b4/8/3PnP2/2P1B3/PP3P1P/RN3RK1,False,0.652,20,2210,5,0
4r2r/pppk2pp/3b1n2/8/3P1P2/2P1B3/PP3P1P/RN3RK1,True,0.0,31,2217,5,0
4r2r/pppk2pp/3b1n2/8/3P1P2/2P1B3/PP1N1P1P/R4RK1,False,0.673,14,2210,5,0
4r2r/pppk2pp/3b4/7n/3P1P2/2P1B3/PP1N1P1P/R4RK1,True,0.40800000000000003,23,2217,5,0
4r2r/pppk2pp/3b4/7n/3P1P2/2P1B3/PP1N1P1P/4RRK1,False,0.649,33,2210,5,0
4r2r/pppk2pp/8/7n/3P1b2/2P1B3/PP1N1P1P/4RRK1,True,0.253,16,2217,5,0
4r2r/pppk2pp/8/7n/2NP1b2/2P1B3/PP3P1P/4RRK1,False,0.123,39,2210,5,0
4r2r/p1pk2pp/8/1p5n/2NP1b2/2P1B3/PP3P1P/4RRK1,True,0.912,28,2217,5,0
4r2r/p1pk2pp/8/1p5n/2NP1B2/2P5/PP3P1P/4RRK1,False,0.0,14,2210,5,0
4r2r/p1pk2pp/8/1p6/2NP1n2/2P5/PP3P1P/4RRK1,True,0.0,2,2217,5,0
2k1r2r/p1p3pp/8/1p2N3/3P1n2/2P5/PP3P1P/4RRK1,True,0.0,13,2217,5,0
2k1r2r/p1p3pp/8/1p2N3/3PRn2/2P5/PP3P1P/5RK1,False,0.0,17,2210,5,0
2k1r2r/p1p4p/8/1p2N1p1/3PRn2/2P5/PP3P1P/5RK1,True,0.018000000000000016,15,2217,5,0
2k1r2r/p1p4p/8/1p2N1p1/3PRn2/2P5/PP3P1P/4R1K1,False,0.653,29,2210,5,0
2k2r1r/p1p4p/8/1p2N1p1/3PRn2/2P5/PP3P1P/4R1K1,True,0.268,22,2217,5,0
2k2r1r/p1p4p/2N5/1p4p1/3PRn2/2P5/PP3P1P/4R1K1,False,0.010000000000000009,17,2210,5,0
5r1r/pkp4p/2N5/1p4p1/3PRn2/2P5/PP3P1P/4R1K1,True,0.36399999999999993,26,2217,5,0
2k2r1r/p1p4p/8/Np4p1/3PRn2/2P5/PP3P1P/4R1K1,True,0.19899999999999998,27,2217,5,0
2k2r1r/p1p4p/8/Np4p1/3PRn2/2P1R3/PP3P1P/6K1,False,0.11099999999999999,23,2210,5,0
2k2r1r/p1p4p/8/Np6/3PRnp1/2P1R3/PP3P1P/6K1,True,0.0,79,2217,5,0
2k2r1r/p1p4p/8/Np6/3PRnp1/2P1RP2/PP5P/6K1,False,0.0,22,2210,5,0
2k2r1r/p1p4p/8/Np1n4/3PR1p1/2P1RP2/PP5P/6K1,True,0.023,20,2217,5,0
2k2r1r/p1p4p/8/Np1n4/3PR1p1/2PR1P2/PP5P/6K1,False,0.0,5,2210,5,0
2k2r1r/p1p4p/8/Np1n4/3PR3/2PR1p2/PP5P/6K1,True,0.017,7,2217,5,0
2k2r1r/p1p4p/8/Np1n4/3PR3/2PR1p2/PP3K1P/8,False,0.0,55,2210,5,0
2k2rr1/p1p4p/8/Np1n4/3PR3/2PR1p2/PP3K1P/8,True,0.0,5,2217,5,0
2k2rr1/p1p4p/8/Np1n4/3PR3/2P2R2/PP3K1P/8,False,0.019000000000000017,6,2210,5,0
2k3r1/p1p4p/8/Np1n4/3PR3/2P2K2/PP5P/8,False,0.0,6,2210,5,0
2k5/p1p4p/8/Np1n4/3PR3/2P2K2/PP5P/6r1,True,0.15600000000000003,21,2217,5,0
2k5/p1p4p/8/Np1nR3/3P4/2P2K2/PP5P/6r1,False,0.0,88,2210,5,0
2k5/p1p4p/5n2/Np2R3/3P4/2P2K2/PP5P/6r1,True,0.0,33,2217,5,0
2k5/p1p4p/2N2n2/1p2R3/3P4/2P2K2/PP5P/6r1,False,0.0,13,2210,5,0
2k5/2p4p/p1N2n2/1p2R3/3P4/2P2K2/PP5P/6r1,True,0.0,19,2217,5,0
2k5/2p4p/p4n2/1p2R3/1N1P4/2P2K2/PP5P/6r1,False,0.0,33,2210,5,0
2k5/2p4p/p4n2/1p2R3/1N1P4/2P2K2/PP5P/1r6,True,0.0020000000000000018,17,2217,5,0
2k5/2p4p/p4n2/1p6/1N1P4/2P2K2/PP2R2P/1r6,False,0.0,10,2210,5,0
8/1kp4p/p4n2/1p6/1N1P4/2P2K2/PP2R2P/1r6,True,0.0,5,2217,5,0
8/1kp4p/p4n2/1p6/1N1P1K2/2P5/PP2R2P/1r6,False,0.10099999999999998,7,2210,5,0
8/1kp4p/p4n2/1p6/1N1P1K2/2P5/PP2R2P/5r2,True,0.484,3,2217,5,0
8/1kp4p/p4n2/1p2K3/1N1P4/2P5/PP2R2P/5r2,False,0.0,4,2210,5,0
8/1kp4p/p7/1p2K3/1N1P2n1/2P5/PP2R2P/5r2,True,0.442,10,2217,3,0
8/1kp4p/p3K3/1p6/1N1P2n1/2P5/PP2R2P/5r2,False,0.0,24,2210,5,0
8/1kp4p/p3Kr2/1p6/1N1P2n1/2P5/PP2R2P/8,True,0.376,5,2217,3,0
r1bqk2r/p2pppbp/2p2np1/8/4P3/2N1B3/PPP2PPP/R2QKB1R,True,0.0,3,2119,5,0
r1bqk2r/p2pppbp/2p2np1/4P3/8/2N1B3/PPP2PPP/R2QKB1R,False,0.0,1,2121,5,0
r1bqk1nr/p2pppbp/2p3p1/4P3/8/2N1B3/PPP2PPP/R2QKB1R,True,0.003000000000000001,3,2119,5,0
r1bqk1nr/p2pppbp/2p3p1/4P3/3B4/2N5/PPP2PPP/R2QKB1R,False,0.0,2,2121,5,0
r1bqk1nr/p2pp1bp/2p2pp1/4P3/3B4/2N5/PPP2PPP/R2QKB1R,True,0.0,5,2119,5,0
r1bqk1nr/p2pp1bp/2p2pp1/4P3/3B1P2/2N5/PPP3PP/R2QKB1R,False,0.0,4,2121,5,0
r1bqk1nr/p2pp1bp/2p3p1/4p3/3B1P2/2N5/PPP3PP/R2QKB1R,True,0.0,5,2119,5,0
r1bqk1nr/p2pp1bp/2p3p1/4P3/3B4/2N5/PPP3PP/R2QKB1R,False,0.113,2,2121,5,0
r1b1k1nr/p1qpp1bp/2p3p1/4P3/3B4/2N5/PPP3PP/R2QKB1R,True,0.0,5,2119,5,0
r1b1k1nr/p1qpp1bp/2p1P1p1/8/3B4/2N5/PPP3PP/R2QKB1R,False,0.0,7,2121,5,0
r1b1kbnr/p1qpp2p/2p1P1p1/8/3B4/2N5/PPP3PP/R2QKB1R,True,0.0,9,2119,5,0
r1b1kbnB/p1qpp2p/2p1P1p1/8/8/2N5/PPP3PP/R2QKB1R,False,0.0,5,2121,5,0
r1b1kbnB/p1q1p2p/2p1p1p1/8/8/2N5/PPP3PP/R2QKB1R,True,0.0,25,2119,5,0
r1b1kbnB/p1q1p2p/2p1p1p1/8/8/2N5/PPP1B1PP/R2QK2R,False,0.0,5,2121,5,0
r3kbnB/p1qbp2p/2p1p1p1/8/8/2N5/PPP1B1PP/R2QK2R,True,0.0,4,2119,5,0
r3kbnB/p1qbp2p/2p1p1p1/8/8/2N5/PPP1B1PP/R2Q1RK1,False,0.0,2,2121,5,0
2kr1bnB/p1qbp2p/2p1p1p1/8/8/2N5/PPP1B1PP/R2Q1RK1,True,0.0,12,2119,5,0
1k1r1bnB/p1qbp2p/B1p1p1p1/8/8/2N5/PPP3PP/R2Q1RK1,True,0.0,6,2119,5,0
1k1r1bnB/p1qbp2p/B1p1p1p1/8/6Q1/2N5/PPP3PP/R4RK1,False,0.0,4,2121,5,0
1k1r1bnB/p1qbp2p/B1p3p1/4p3/6Q1/2N5/PPP3PP/R4RK1,True,0.0,26,2119,5,0
1k1r1bnB/p1qbp2p/B1p3p1/4p3/4Q3/2N5/PPP3PP/R4RK1,False,0.0,6,2121,5,0
1k1r1bnB/p2bp2p/Bqp3p1/4p3/4Q3/2N5/PPP3PP/R4RK1,True,0.0,10,2119,4,0
1k1r1bnB/p2bp2p/Bqp3p1/4p3/4Q3/2N5/PPP3PP/R4R1K,False,0.0,2,2121,5,0
1k1r1bnB/p2bp2p/q1p3p1/4p3/4Q3/2N5/PPP3PP/R4R1K,True,0.0,3,2119,5,0
k2r1bn1/p2bp2p/q1p3p1/4B3/4Q3/2N5/PPP3PP/R4R1K,True,0.0,12,2119,5,0
k2r1bn1/p2bp2p/q1p3p1/4B3/4Q3/2N5/PPP3PP/3R1R1K,False,0.0,17,2121,5,0
k2r1bn1/pq1bp2p/2p3p1/4B3/4Q3/2N5/PPP3PP/3R1R1K,True,0.0,32,2119,5,0
k2r1bn1/pq1bp2p/2p3p1/4B3/3Q4/2N5/PPP3PP/3R1R1K,False,0.0,7,2121,5,0
k2r1b2/pq1bp2p/2p2np1/4B3/3Q4/2N5/PPP3PP/3R1R1K,True,0.0,28,2119,5,0
k2r1b2/pq1bp2p/2p2Bp1/8/3Q4/2N5/PPP3PP/3R1R1K,False,0.0,3,2121,5,0
k2r1b2/pq1b3p/2p2pp1/8/3Q4/2N5/PPP3PP/3R1R1K,True,0.0,4,2119,5,0
k2r1b2/pq1b3p/2p2Rp1/8/3Q4/2N5/PPP3PP/3R3K,False,0.0,2,2121,5,0
k2r4/pq1b2bp/2p2Rp1/8/3Q4/2N5/PPP3PP/3R3K,True,0.30100000000000005,9,2119,5,0
k2r4/pq1b2bp/2p2Rp1/8/3QN3/8/PPP3PP/3R3K,False,0.0,38,2121,5,0
k3r3/pq1b2bp/2p2Rp1/8/3QN3/8/PPP3PP/3R3K,True,0.956,7,2119,5,0
k3r3/pq1b2bp/2pN1Rp1/8/3Q4/8/PPP3PP/3R3K,False,0.0,10,2121,5,0
k3r3/pq1b3p/2pN1bp1/8/3Q4/8/PPP3PP/3R3K,True,0.0,10,2119,5,0
k3r3/pq1b3p/2pN1Qp1/8/8/8/PPP3PP/3R3K,False,0.0,5,2121,5,0
k7/pq1b3p/2pNrQp1/8/8/8/PPP3PP/3R3K,True,0.0,3,2119,5,0
kq3Q2/p2b3p/2pNr1p1/8/8/8/PPP3PP/3R3K,True,0.0,42,2119,5,0
kq6/p2b3p/2pNr1p1/8/5Q2/8/PPP3PP/3R3K,False,0.006000000000000005,50,2121,5,0
k7/p2b3p/2pNr1p1/8/5Q2/8/PqP3PP/3R3K,True,0.43700000000000006,4,2119,5,0
k7/p2b3p/2p1r1p1/8/2N2Q2/8/PqP3PP/3R3K,False,0.0,10,2121,5,0
k7/p2b3p/2p1r1p1/8/2N2Q2/8/P1q3PP/3R3K,True,0.0,21,2119,5,0
k3rQ2/p2b3p/2p3p1/8/2N5/8/P1q3PP/3R3K,True,0.0,19,2119,5,0
k3r3/p2b3p/2p3p1/8/2N5/8/P1q3PP/3R1Q1K,False,0.018,16,2121,5,0
k3r3/p6p/2p3p1/8/2N3b1/8/P1q3PP/3R1Q1K,True,0.033,73,2119,5,0
k3r3/p6p/2p3p1/8/2N3b1/8/P1q3PP/2R2Q1K,False,0.0,77,2121,5,0
k3r3/p6p/2p3p1/8/2N3b1/8/q5PP/2R2Q1K,True,0.0,18,2119,5,0
k3r3/p6p/2p3p1/8/2N3b1/8/q5PP/R4Q1K,False,0.0,8,2121,5,0
k3r3/p6p/2p3p1/8/2N5/8/q3b1PP/R4Q1K,True,0.03,10,2119,5,0
k3r3/p6p/2p3p1/8/2N5/8/q3b1PP/R1Q4K,False,0.0,4,2121,5,0
k3r3/p6p/2p3p1/8/2q5/8/4b1PP/R1Q4K,True,0.0,74,2119,5,0
k3r3/p6p/2p3p1/8/2q5/8/4b1PP/R5QK,False,0.0,12,2121,5,0
k3r3/p4q1p/2p3p1/8/8/8/4b1PP/R5QK,True,0.0,23,2119,5,0
k3r3/p4q1p/1Qp3p1/8/8/8/4b1PP/R6K,False,0.0,8,2121,5,0
k3r3/p4q1p/1Qp3p1/1b6/8/8/6PP/R6K,True,0.0,25,2119,5,0
r1bqk2r/pp3ppp/2n1pn2/3p2B1/1bPP4/2N2N2/PP3PPP/R2QKB1R,True,0.023999999999999994,3,2083,5,0
r1bqk2r/pp3ppp/2n1pn2/3P2B1/1b1P4/2N2N2/PP3PPP/R2QKB1R,False,0.0,10,2113,5,0
r1b1k2r/pp3ppp/2n1pn2/3q2B1/1b1P4/2N2N2/PP3PPP/R2QKB1R,True,0.060000000000000005,16,2083,5,0
r1b1k2r/pp3ppp/2n1pB2/3q4/1b1P4/2N2N2/PP3PPP/R2QKB1R,False,0.0,2,2113,5,0
r1b1k2r/pp3p1p/2n1pp2/3q4/1b1P4/2N2N2/PP3PPP/R2QKB1R,True,0.009999999999999998,3,2083,5,0
r1b1k2r/pp3p1p/2n1pp2/3q4/1b1P4/2N2N2/PP2BPPP/R2QK2R,False,0.07899999999999999,8,2113,5,0
r1b1k2r/pp3p1p/2n1pp2/q7/1b1P4/2N2N2/PP2BPPP/R2QK2R,True,0.001,26,2083,5,0
r1b1k2r/pp3p1p/2n1pp2/q7/1b1P4/2N2N2/PPQ1BPPP/R3K2R,False,0.0,3,2113,5,0
r1b4r/pp2kp1p/2n1pp2/q7/1b1P4/2N2N2/PPQ1BPPP/R3K2R,True,0.0,2,2083,5,0
r1b4r/pp2kp1p/2n1pp2/q7/1b1P4/2N2N2/PPQ1BPPP/R4RK1,False,0.786,2,2113,5,0
r1br4/pp2kp1p/2n1pp2/q7/1b1P4/2N2N2/PPQ1BPPP/R4RK1,True,0.0,3,2083,5,0
r1br4/pp2kp1p/2n1pp2/q7/1b1P4/2N2N2/PPQ1BPPP/R2R2K1,False,0.0,6,2113,5,0
r1br4/pp2kp1p/2nbpp2/q7/3P4/2N2N2/PPQ1BPPP/R2R2K1,True,0.0010000000000000009,3,2083,5,0
r1br4/pp2kp1p/2nbpp2/q7/3PN3/5N2/PPQ1BPPP/R2R2K1,False,0.008000000000000007,7,2113,5,0
r1br4/ppb1kp1p/2n1pp2/q7/3PN3/5N2/PPQ1BPPP/R2R2K1,True,0.3999999999999999,7,2083,5,0
r1br4/ppb1kp1p/2n1pp2/q7/3P4/5NN1/PPQ1BPPP/R2R2K1,False,0.0,3,2113,5,0
r1br4/ppb1kp2/2n1pp2/q6p/3P4/5NN1/PPQ1BPPP/R2R2K1,True,0.72,15,2083,5,0
r1br4/ppb1kp2/2n1pp2/q6p/3P4/P4NN1/1PQ1BPPP/R2R2K1,False,0.0,27,2113,5,0
r2r4/ppbbkp2/2n1pp2/q6p/3P4/P4NN1/1PQ1BPPP/R2R2K1,True,0.0020000000000000018,19,2083,5,0
r2r4/ppbbkp2/2n1pp2/2q4p/3P4/P4NN1/1P2BPPP/R2R2K1,True,0.0,2,2083,5,0
r2r4/ppbbkp2/2n1pp2/2P4p/8/P4NN1/1P2BPPP/R2R2K1,False,0.0,6,2113,5,0
r2rb3/ppb1kp2/2n1pp2/2P4p/8/P4NN1/1P2BPPP/R2R2K1,True,0.011,4,2083,5,0
r2rb3/ppb1kp2/2n1pp2/2P4N/8/P4N2/1P2BPPP/R2R2K1,False,0.0,12,2113,5,0
r2rb3/ppb1kp2/2n1p3/2P2p1N/8/P4N2/1P2BPPP/R2R2K1,True,0.015000000000000003,10,2083,5,0
r2rb3/ppb1kp2/2n1p3/2P2p1N/1P6/P4N2/4BPPP/R2R2K1,False,0.0,1,2113,5,0
r2rb3/ppb1k3/2n1pp2/2P2p1N/1P6/P4N2/4BPPP/R2R2K1,True,0.0,11,2083,5,0
r2Rb3/ppb1k3/2n1pp2/2P2p1N/1P6/P4N2/4BPPP/R5K1,False,0.0,3,2113,5,0
3rb3/ppb1k3/2n1pp2/2P2p1N/1P6/P4N2/4BPPP/3R2K1,False,0.0,2,2113,5,0
4b3/ppb1k3/2n1pp2/2P2p1N/1P6/P4N2/4BPPP/3r2K1,True,0.0,2,2083,3,0
8/ppb1k3/2n1pp2/2P2p1b/1P6/P4N2/5PPP/3B2K1,True,0.0,18,2083,5,0
8/ppb1k3/2n1pp2/1PP2p1b/8/P4N2/5PPP/3B2K1,False,0.0,5,2113,5,0
8/ppb1k3/4pp2/1PP1np1b/8/P4N2/5PPP/3B2K1,True,0.0,1,2083,5,0
8/ppb1k3/4pp2/1PP1Np1b/8/P7/5PPP/3B2K1,False,0.0,3,2113,5,0
8/ppb1k3/4pp2/1PP1Np2/8/P7/5PPP/3b2K1,True,0.0,23,2083,5,0
8/ppb1k3/4pp2/1PP2p2/8/P4N2/5PPP/3b2K1,False,0.0,2,2113,5,0
8/ppb1k3/4pp2/1PP2p2/8/P4b2/5PPP/6K1,True,0.0,1,2083,5,0
8/ppb1k3/4pp2/1PP2p2/8/P4P2/5P1P/6K1,False,0.0,3,2113,5,0
8/p1b1k3/1p2pp2/1PP2p2/8/P4P2/5P1P/6K1,True,0.0,1,2083,5,0
8/p1b1k3/1P2pp2/1P3p2/8/P4P2/5P1P/6K1,False,0.0,1,2113,5,0
8/p3k3/1b2pp2/1P3p2/8/P4P2/5P1P/6K1,True,0.0,3,2083,5,0
8/p3k3/1b2pp2/1P3p2/P7/5P2/5P1P/6K1,False,0.0,2,2113,5,0
8/p3k3/1b3p2/1P2pp2/P7/5P2/5P1P/6K1,True,0.0,1,2083,5,0
8/p3k3/1b3p2/1P2pp2/P7/5P2/5PKP/8,False,0.0,1,2113,5,0
8/p4k2/1b3p2/1P2pp2/P7/5P2/5PKP/8,True,0.0,4,2083,5,0
8/p4k2/1b3p2/1P2pp2/P7/5PK1/5P1P/8,False,0.0,1,2113,5,0
8/p7/1b3pk1/1P2pp2/P7/5PK1/5P1P/8,True,0.0,5,2083,5,0
8/p7/1b3pk1/1P2pp2/P6P/5PK1/5P2/8,False,0.0,2,2113,5,0
8/p7/1b3p2/1P2pp1k/P6P/5PK1/5P2/8,True,0.0,1,2083,5,0
8/p7/1b3p2/1P2pp1k/P4P1P/6K1/5P2/8,False,0.0,5,2113,5,0
8/p7/1b3p2/1P3p1k/P3pP1P/6K1/5P2/8,True,0.0,18,2083,5,0
8/p7/1b3p2/1P3p1k/P3pP1P/5PK1/8/8,False,0.0,12,2113,5,0
8/p7/5p2/bP3p1k/P3pP1P/5PK1/8/8,True,0.0,2,2083,5,0
8/p7/5p2/bP3p1k/P3PP1P/6K1/8/8,False,0.0,1,2113,5,0
8/p7/5p2/bP5k/P3pP1P/6K1/8/8,True,0.0,1,2083,5,0
8/p7/5p2/bP3P1k/P3p2P/6K1/8/8,False,0.0,6,2113,5,0
8/p1b5/5p2/1P3P1k/P3p2P/6K1/8/8,True,0.0,4,2083,3,0
8/p1b5/5p2/1P3P1k/P3p2P/8/5K2/8,False,0.0,2,2113,5,0
r1bqk2r/2p1bppp/p1np1n2/1p2p3/4P3/1B3N2/PPPP1PPP/RNBQR1K1,True,0.0,2,2068,5,0
r1bqk2r/2p1bppp/p1np1n2/1p2p3/4P3/1B3N1P/PPPP1PP1/RNBQR1K1,False,0.0,2,2082,5,0
r1bq1rk1/2p1bppp/p1np1n2/1p2p3/4P3/1B3N1P/PPPP1PP1/RNBQR1K1,True,0.0,2,2068,5,0
r1bq1rk1/2p1bppp/p1np1n2/1p2p3/P3P3/1B3N1P/1PPP1PP1/RNBQR1K1,False,0.0,4,2082,5,0
r1bq1rk1/2p1bppp/p1np1n2/4p3/Pp2P3/1B3N1P/1PPP1PP1/RNBQR1K1,True,0.007999999999999993,1,2068,5,0
r1bq1rk1/2p1bppp/p1np1n2/4p3/Pp2P3/1BP2N1P/1P1P1PP1/RNBQR1K1,False,0.0,8,2082,5,0
r1bq1rk1/2p1bppp/2np1n2/p3p3/Pp2P3/1BP2N1P/1P1P1PP1/RNBQR1K1,True,0.0,1,2068,5,0
r1bq1rk1/2p1bppp/2np1n2/p3p3/Pp1PP3/1BP2N1P/1P3PP1/RNBQR1K1,False,0.15300000000000002,5,2082,5,0
r1bq1rk1/2p1bppp/2np1n2/p3p3/P2PP3/1Bp2N1P/1P3PP1/RNBQR1K1,True,0.0,2,2068,5,0
r1bq1rk1/2p1bppp/2np1n2/p3p3/P2PP3/1BP2N1P/5PP1/RNBQR1K1,False,0.28400000000000003,33,2082,5,0
r1bq1rk1/2p1bppp/2np1n2/p7/P2pP3/1BP2N1P/5PP1/RNBQR1K1,True,0.028999999999999998,2,2068,5,0
r1bq1rk1/2p1bppp/2np1n2/p7/P2PP3/1B3N1P/5PP1/RNBQR1K1,False,0.0,13,2082,5,0
r2q1rk1/1bp1bppp/2np1n2/p7/P2PP3/1B3N1P/5PP1/RNBQR1K1,True,0.0,3,2068,5,0
r2q1rk1/1bp1bppp/2np1n2/p7/P2PP3/1BN2N1P/5PP1/R1BQR1K1,False,0.05399999999999994,11,2082,5,0
1r1q1rk1/1bp1bppp/2np1n2/p7/P2PP3/1BN2N1P/5PP1/R1BQR1K1,True,0.436,2,2068,5,0
1r1q1rk1/1bp1bppp/2np1n2/p7/P1BPP3/2N2N1P/5PP1/R1BQR1K1,False,0.0,18,2082,5,0
1r1q1rk1/1bp1bppp/3p1n2/p7/PnBPP3/2N2N1P/5PP1/R1BQR1K1,True,0.0,4,2068,5,0
1r1q1rk1/1bp1bppp/3p1n2/p7/PnBPP3/B1N2N1P/5PP1/R2QR1K1,False,0.0,8,2082,5,0
1r1q1rk1/1bp1bppp/2np1n2/p7/P1BPP3/B1N2N1P/5PP1/R2QR1K1,True,0.45099999999999996,4,2068,5,0
1r1q1rk1/1bp1bppp/2np1n2/p2B4/P2PP3/B1N2N1P/5PP1/R2QR1K1,False,0.06499999999999995,5,2082,5,0
1r1q1rk1/1bp1bppp/2np4/p2n4/P2PP3/B1N2N1P/5PP1/R2QR1K1,True,0.0,2,2068,5,0
1r1q1rk1/1bp1bppp/2np4/p2N4/P2PP3/B4N1P/5PP1/R2QR1K1,False,0.134,48,2082,5,0
1r1q1rk1/1bp2ppp/2np1b2/p2N4/P2PP3/B4N1P/5PP1/R2QR1K1,True,0.0040000000000000036,4,2068,5,0
1r1q1rk1/1bp2ppp/2np1b2/p2NP3/P2P4/B4N1P/5PP1/R2QR1K1,False,0.0,5,2082,5,0
1r1q1rk1/1bp2ppp/2n2b2/p2NP3/P7/B4N1P/5PP1/R2QR1K1,False,0.0,19,2082,5,0
1r1q1rk1/1bp1bppp/2n5/p2NP3/P7/B4N1P/5PP1/R2QR1K1,True,0.0,11,2068,5,0
1r1q1rk1/1bp1nppp/8/p3P3/P7/B4N1P/5PP1/R2QR1K1,True,0.0,2,2068,5,0
1r1Q1rk1/1bp1nppp/8/p3P3/P7/B4N1P/5PP1/R3R1K1,False,0.0,6,2082,5,0
1r1r2k1/1bp1nppp/8/p3P3/P7/B4N1P/5PP1/R3R1K1,True,0.0,1,2068,5,0
rnbqkb1r/pp3ppp/n2pp3/2pPP3/2P5/P7/1P3PPP/RNBQKBNR,True,0.753,8,2067,5,0
rnbqkb1r/pp3ppp/n2pp3/2pPP3/2P2P2/P7/1P4PP/RNBQKBNR,False,0.0030000000000000027,8,2061,5,0
rnbqkb1r/pp3ppp/n3p3/2pPp3/2P2P2/P7/1P4PP/RNBQKBNR,True,0.43200000000000005,2,2067,5,0
rnbqkb1r/pp3ppp/n3p3/2pPP3/2P5/P7/1P4PP/RNBQKBNR,False,0.0,6,2061,5,0
rnb1kb1r/pp3ppp/n3p3/2pPP3/2P4q/P7/1P4PP/RNBQKBNR,True,0.0,14,2067,3,0
rnb1kb1r/pp3ppp/n3p3/2pPP3/2P4q/P7/1P1K2PP/RNBQ1BNR,False,0.0,20,2061,5,0
rnb1kb1r/pp3ppp/n3p3/2pPP3/2P2q2/P7/1P1K2PP/RNBQ1BNR,True,0.0,7,2067,5,0
rnb1kb1r/pp3ppp/n3p3/2pPP3/2P2q2/P7/1PK3PP/RNBQ1BNR,False,0.0,10,2061,5,0
rnb1kb1r/pp3ppp/n3p3/2pPq3/2P5/P7/1PK3PP/RNBQ1BNR,True,0.0,1,2067,5,0
rnb1kb1r/pp3ppp/n3p3/2pPq3/2P5/P4N2/1PK3PP/RNBQ1B1R,False,0.0,46,2061,5,0
rnb1kb1r/ppq2ppp/n3p3/2pP4/2P5/P4N2/1PK3PP/RNBQ1B1R,True,0.0,6,2067,5,0
rnb1kb1r/ppq2ppp/n3p3/2pP4/2P5/P1N2N2/1PK3PP/R1BQ1B1R,False,0.0,66,2061,5,0
rn2kb1r/ppqb1ppp/n3p3/2pP4/2P5/P1N2N2/1PK3PP/R1BQ1B1R,True,0.0,10,2067,5,0
rn2kb1r/ppqb1ppp/n3P3/2p5/2P5/P1N2N2/1PK3PP/R1BQ1B1R,False,0.0,9,2061,5,0
rn2kb1r/ppq2ppp/n3b3/2p5/2P5/P1N2N2/1PK3PP/R1BQ1B1R,True,0.15700000000000003,3,2067,5,0
rn2kb1r/ppq2ppp/n3b3/1Np5/2P5/P4N2/1PK3PP/R1BQ1B1R,False,0.0,54,2061,5,0
rn2kb1r/pp3ppp/nq2b3/1Np5/2P5/P4N2/1PK3PP/R1BQ1B1R,True,0.7729999999999999,7,2067,5,0
rn2kb1r/pp3ppp/nq2b3/1Np5/2P2B2/P4N2/1PK3PP/R2Q1B1R,False,0.11299999999999999,24,2061,5,0
r3kb1r/pp3ppp/nqn1b3/1Np5/2P2B2/P4N2/1PK3PP/R2Q1B1R,True,0.705,23,2067,5,0
r3k2r/pp3ppp/nqnbb3/2p5/2P2B2/P4N2/1PK3PP/R2Q1B1R,True,0.0,5,2067,5,0
r3k2r/pp3ppp/nqnBb3/2p5/2P5/P4N2/1PK3PP/R2Q1B1R,False,0.0,29,2061,5,0
3rk2r/pp3ppp/nqnBb3/2p5/2P5/P4N2/1PK3PP/R2Q1B1R,True,0.0,38,2067,5,0
3rk2r/pp3ppp/nqnBb3/2p5/2P5/P4N2/1PKQ2PP/R4B1R,False,0.0,7,2061,5,0
4k2r/pp3ppp/nqnrb3/2p5/2P5/P4N2/1PKQ2PP/R4B1R,True,0.0,8,2067,5,0
4k2r/pp3ppp/nqnrb3/2p3Q1/2P5/P4N2/1PK3PP/R4B1R,False,0.0,10,2061,5,0
5rk1/pp3ppp/nqnrb3/2p3Q1/2P5/P4N2/1PK3PP/R4B1R,True,0.0,6,2067,5,0
5rk1/pp3ppp/nqnrb3/2p3Q1/2P5/P4N2/1PK1B1PP/R6R,False,0.0,31,2061,5,0
5rk1/pp3ppp/nq1rb3/2p3Q1/2Pn4/P4N2/1PK1B1PP/R6R,True,0.0,4,2067,5,0
5rk1/pp3ppp/nq1rb3/2p3Q1/2PN4/P7/1PK1B1PP/R6R,False,0.0,21,2061,5,0
5rk1/pp3ppp/nq2b3/2p3Q1/2Pr4/P7/1PK1B1PP/R6R,True,0.0,3,2067,5,0
5rk1/pp3ppp/nq2b3/2p3Q1/2Pr4/P7/1PK1B1PP/2R4R,False,0.0,9,2061,5,0
5rk1/pp3pp1/nq2b2p/2p3Q1/2Pr4/P7/1PK1B1PP/2R4R,True,0.0,7,2067,5,0
5rk1/pp3pp1/nq2b2p/2p5/2Pr4/P3Q3/1PK1B1PP/2R4R,False,0.0,14,2061,5,0
3r2k1/pp3pp1/nq2b2p/2p5/2Pr4/P3Q3/1PK1B1PP/2R4R,True,0.0,15,2067,5,0
3r2k1/pp3pp1/nq2b2p/2p5/2Pr4/P3Q3/1PK1B1PP/2RR4,False,0.0,11,2061,5,0
3r2k1/pp3pp1/n2qb2p/2p5/2Pr4/P3Q3/1PK1B1PP/2RR4,True,0.0,8,2067,5,0
3r2k1/pp3pp1/n2qb2p/2p5/2Pr4/P3Q3/1P2B1PP/1KRR4,False,0.0,38,2061,5,0
3r2k1/pp3pp1/n2q3p/2p2b2/2Pr4/P3Q3/1P2B1PP/1KRR4,True,0.0,4,2067,5,0
3r2k1/pp3pp1/n2q3p/2p2b2/2Pr4/P3Q3/1P2B1PP/K1RR4,False,0.0,16,2061,5,0
3r2k1/ppn2pp1/3q3p/2p2b2/2Pr4/P3Q3/1P2B1PP/K1RR4,True,0.0,9,2067,5,0
3r2k1/ppn2pp1/3q3p/2p2b2/2Pr4/P3QB2/1P4PP/K1RR4,False,0.0,9,2061,5,0
3r2k1/p1n2pp1/3q3p/1pp2b2/2Pr4/P3QB2/1P4PP/K1RR4,True,0.0,7,2067,5,0
3r2k1/p1n2pp1/3q3p/1Pp2b2/3r4/P3QB2/1P4PP/K1RR4,False,0.0,3,2061,5,0
3r2k1/p4pp1/3q3p/1np2b2/3r4/P3QB2/1P4PP/K1RR4,True,0.0,10,2067,5,0
3r2k1/p4pp1/3q3p/1np2b2/3r4/P4B2/1P2Q1PP/K1RR4,False,0.0,10,2061,5,0
3r2k1/p4pp1/3q3p/1n3b2/2pr4/P4B2/1P2Q1PP/K1RR4,True,0.0,12,2067,5,0
3r2k1/p4pp1/3q3p/1n3b2/2pR4/P4B2/1P2Q1PP/K1R5,False,0.0,8,2061,5,0
3r2k1/p4pp1/3q3p/5b2/2pn4/P4B2/1P2Q1PP/K1R5,True,0.0,12,2067,5,0
3r2k1/p4pp1/3q3p/5b2/2Qn4/P4B2/1P4PP/K1R5,False,0.0,12,2061,5,0
2r3k1/p4pp1/3q3p/5b2/2Qn4/P4B2/1P4PP/K1R5,True,0.0,11,2067,5,0
2b3k1/p4pp1/3q3p/8/3n4/P4B2/1P4PP/K1R5,True,0.0,1,2067,5,0
2R5/p4ppk/3q3p/8/3n4/P4B2/1P4PP/K7,True,0.0,1,2067,5,0
2R5/p4p1k/3q2pp/8/3nB3/P7/1P4PP/K7,True,0.0,19,2067,5,0
2R5/p4p1k/3q2pp/8/3n4/P7/1P4PP/KB6,False,0.0,3,2061,5,0
2R5/p4p1k/4q1pp/8/3n4/P7/1P4PP/KB6,True,0.0,9,2067,5,0
8/p1R2p1k/4q1pp/8/3n4/P7/1P4PP/KB6,False,0.0,2,2061,5,0
8/p1R2p1k/4q1pp/8/8/Pn6/1P4PP/KB6,True,0.0,2,2067,1,0
r1bq1rk1/pp2ppbp/2n2np1/2pp4/2PP4/2N1PN1P/PP2BPP1/R1BQK2R,True,0.001,2,2052,5,0
r1bq1rk1/pp2ppbp/2n2np1/2pp4/2PP4/P1N1PN1P/1P2BPP1/R1BQK2R,False,0.001,16,2034,5,0
r1bqr1k1/pp2ppbp/2n2np1/2pp4/2PP4/P1N1PN1P/1P2BPP1/R1BQK2R,True,0.002,8,2052,5,0
r1bqr1k1/pp2ppbp/2n2np1/2pp4/2PP4/P1N1PN1P/1P2BPP1/R1BQ1RK1,False,0.0,9,2034,5,0
r1bqr1k1/pp2ppbp/2n2np1/3p4/2Pp4/P1N1PN1P/1P2BPP1/R1BQ1RK1,True,0.0,4,2052,5,0
r1bqr1k1/pp2ppbp/2n2np1/3p4/2PP4/P1N2N1P/1P2BPP1/R1BQ1RK1,False,0.0,13,2034,5,0
r1bqr1k1/pp2ppbp/2n2np1/8/2BP4/P1N2N1P/1P3PP1/R1BQ1RK1,False,0.536,9,2034,5,0
r1bqr1k1/1p2ppbp/p1n2np1/8/2BP4/P1N2N1P/1P3PP1/R1BQ1RK1,True,0.39,3,2052,5,0
r1bqr1k1/1p2ppbp/p1n2np1/8/3P4/P1NB1N1P/1P3PP1/R1BQ1RK1,False,0.004,9,2034,5,0
r1bqr1k1/1p3pbp/p1n2np1/4p3/3P4/P1NB1N1P/1P3PP1/R1BQ1RK1,True,0.0,11,2052,5,0
r1bqr1k1/1p3pbp/p1n2np1/4P3/8/P1NB1N1P/1P3PP1/R1BQ1RK1,False,0.0,1,2034,5,0
r1bqr1k1/1p3pbp/p4np1/4n3/8/P1NB1N1P/1P3PP1/R1BQ1RK1,True,0.0,19,2052,5,0
r1bqr1k1/1p3pbp/p4np1/4n3/8/P1N2N1P/1P2BPP1/R1BQ1RK1,False,0.0,20,2034,5,0
r2qr1k1/1p1b1pbp/p4np1/4n3/8/P1N2N1P/1P2BPP1/R1BQ1RK1,True,0.012000000000000004,11,2052,5,0
r2qr1k1/1p1b1pbp/p4np1/4n3/8/P1N2N1P/1PQ1BPP1/R1B2RK1,False,0.0,3,2034,5,0
r2qr1k1/1p3pbp/p1b2np1/4n3/8/P1N2N1P/1PQ1BPP1/R1B2RK1,True,0.0,16,2052,5,0
r2qr1k1/1p3pbp/p1b2np1/4N3/8/P1N4P/1PQ1BPP1/R1B2RK1,False,0.0,3,2034,5,0
r2q2k1/1p3pbp/p1b2np1/4r3/8/P1N4P/1PQ1BPP1/R1B2RK1,True,0.0,7,2052,5,0
r2q2k1/1p3pbp/p1b2np1/4r3/5B2/P1N4P/1PQ1BPP1/R4RK1,False,0.0,11,2034,5,0
r2qr1k1/1p3pbp/p1b2np1/8/5B2/P1N4P/1PQ1BPP1/R4RK1,True,0.0,7,2052,5,0
r2qr1k1/1p3pbp/p1b2np1/8/5B2/P1N4P/1PQ1BPP1/R2R2K1,False,0.0,7,2034,5,0
r3r1k1/1p3pbp/pqb2np1/8/5B2/P1N4P/1PQ1BPP1/R2R2K1,True,0.0,14,2052,5,0
r3r1k1/1p3pbp/pqbR1np1/8/5B2/P1N4P/1PQ1BPP1/R5K1,False,0.082,32,2034,5,0
2r1r1k1/1p3pbp/pqbR1np1/8/5B2/P1N4P/1PQ1BPP1/R5K1,True,0.0,8,2052,5,0
2r1r1k1/1p3pbp/pqbR1np1/8/8/P1N1B2P/1PQ1BPP1/R5K1,False,0.0,11,2034,5,0
2r1r1k1/1p3pbp/p1bR1np1/q7/8/P1N1B2P/1PQ1BPP1/R5K1,True,0.027000000000000003,4,2052,5,0
2r1r1k1/1p3pbp/p1bR1np1/q7/8/P1N1B2P/1PQ1BPP1/3R2K1,False,0.022999999999999993,47,2034,5,0
2r1r1k1/1p3pbp/p1bR2p1/q2n4/8/P1N1B2P/1PQ1BPP1/3R2K1,True,0.0,85,2052,5,0
2r1r1k1/1p3pbp/p1bR2p1/q2n4/3B4/P1N4P/1PQ1BPP1/3R2K1,False,0.018000000000000002,17,2034,5,0
2r1r1k1/1p3pbp/p1bR2p1/q7/3B4/P1n4P/1PQ1BPP1/3R2K1,True,0.0,12,2052,5,0
2r1r1k1/1p3pbp/p1bR2p1/q7/3B4/P1Q4P/1P2BPP1/3R2K1,False,0.0,3,2034,5,0
2r1r1k1/1p3pbp/p1bR2p1/8/3B4/P1q4P/1P2BPP1/3R2K1,True,0.0,12,2052,5,0
2r1r1k1/1p3pbp/p1bR2p1/8/3B4/P1P4P/4BPP1/3R2K1,False,0.006,5,2034,5,0
2r3k1/1p3pbp/p1bR2p1/8/3B4/P1P4P/4rPP1/3R2K1,True,0.0,6,2052,5,0
2r3k1/1p3pbp/p1bR2p1/8/8/P1P1B2P/4rPP1/3R2K1,False,0.0,8,2034,5,0
2r3k1/1p3p1p/p1bR2p1/8/8/P1b1B2P/4rPP1/3R2K1,True,0.0,3,2052,5,0
3r2k1/1p3p1p/p1b3p1/8/8/P1b1B2P/4rPP1/3R2K1,True,0.0,1,2052,5,0
3R4/1p3pkp/p1b3p1/8/8/P1b1B2P/4rPP1/6K1,True,0.0,2,2052,5,0
3R4/1p3pkp/p1b3p1/8/8/P1b1B2P/4rPP1/5K2,False,0.0,4,2034,5,0
3R4/1p3pkp/p5p1/1b6/8/P1b1B2P/4rPP1/5K2,True,0.0,5,2052,5,0
3R4/1p3pkp/p5p1/1b6/8/P1b1B2P/4rPP1/6K1,False,0.0,8,2034,5,0
3R4/1p3pkp/p5p1/1b2b3/8/P3B2P/4rPP1/6K1,True,0.0,10,2052,5,0
3R4/1p3pkp/p5p1/1b2b3/8/P3B1PP/4rP2/6K1,False,0.0,3,2034,5,0
3R4/1p3pkp/p5p1/1b2b3/8/P3B1PP/5P2/4r1K1,True,0.0,4,2052,2,0
3R4/1p3pkp/p5p1/1b2b3/8/P3B1PP/5P1K/4r3,False,0.0,2,2034,5,0
3R4/1p3pkp/p1b3p1/4b3/8/P3B1PP/5P1K/4r3,True,0.0,30,2052,5,0
3R4/1p3pkp/p1b3p1/4b3/8/P3BPPP/7K/4r3,False,0.0,2,2034,5,0
3R4/1p3pkp/p1b3p1/4b3/8/P3rPPP/7K/8,True,0.0,2,2052,5,0
3R4/1p3pkp/p1b3p1/4b3/8/P3rPPP/6K1/8,False,0.0,4,2034,5,0
3R4/1p3pkp/p5p1/4b3/8/P3rbPP/5K2/8,False,0.0,10,2034,5,0
4R3/1p3pkp/p5p1/4b3/8/r4bPP/5K2/8,False,0.0,4,2034,5,0
8/1p3pkp/p4bp1/8/8/r3RbPP/5K2/8,False,0.0,1,2034,5,0
8/1p3pkp/p4bp1/8/8/4rbPP/5K2/8,True,0.0,1,2052,5,0
rn2kb1r/1p1qpppp/p4n2/2p5/Q7/2P5/PP1P1PPP/RNB1KB1R,True,0.0,33,2033,5,0
r3kb1r/1p1npppp/p4n2/2p5/8/2P5/PP1P1PPP/RNB1KB1R,True,0.0,10,2033,5,0
r3kb1r/1p1npppp/p4n2/2p5/2B5/2P5/PP1P1PPP/RNB1K2R,False,0.13,6,2008,5,0
r3kb1r/1p1n1ppp/p3pn2/2p5/2B5/2P5/PP1P1PPP/RNB1K2R,True,0.0020000000000000018,10,2033,5,0
r3kb1r/1p1n1ppp/p3pn2/2p5/2B5/2PP4/PP3PPP/RNB1K2R,False,0.023000000000000007,9,2008,5,0
r3k2r/1p1nbppp/p3pn2/2p5/2B5/2PP4/PP3PPP/RNB1K2R,True,0.0010000000000000009,11,2033,5,0
r3k2r/1p1nbppp/p3pn2/2p5/2B5/2PPB3/PP3PPP/RN2K2R,False,0.010000000000000002,5,2008,5,0
r4rk1/1p1nbppp/p3pn2/2p5/2B5/2PPB3/PP3PPP/RN2K2R,True,0.0,2,2033,5,0
r4rk1/1p1nbppp/p3pn2/2p5/2B5/2PPB3/PP1N1PPP/R3K2R,False,0.0,9,2008,5,0
r4rk1/3nbppp/p3pn2/1pp5/2B5/2PPB3/PP1N1PPP/R3K2R,True,0.0,4,2033,5,0
r4rk1/3nbppp/p3pn2/1pp5/8/1BPPB3/PP1N1PPP/R3K2R,False,0.032999999999999995,12,2008,5,0
r4rk1/3nbppp/4pn2/ppp5/8/1BPPB3/PP1N1PPP/R3K2R,True,0.0,7,2033,5,0
r4rk1/3nbppp/4pn2/ppp5/P7/1BPPB3/1P1N1PPP/R3K2R,False,0.0,8,2008,5,0
r4rk1/3nbppp/4pn2/p1p5/Pp6/1BPPB3/1P1N1PPP/R3K2R,True,0.349,26,2033,5,0
r4rk1/3nbppp/4pn2/p1p5/PpB5/2PPB3/1P1N1PPP/R3K2R,False,0.15900000000000003,12,2008,5,0
r4rk1/3nbppp/4p3/p1pn4/PpB5/2PPB3/1P1N1PPP/R3K2R,True,0.03899999999999999,20,2033,5,0
r4rk1/3nbppp/4p3/pBpn4/Pp6/2PPB3/1P1N1PPP/R3K2R,False,0.0,4,2008,5,0
r4rk1/3nbppp/4p3/pBp5/Pp6/2PPP3/1P1N2PP/R3K2R,False,0.0,14,2008,5,0
r4rk1/4bppp/4pn2/pBp5/Pp6/2PPP3/1P1N2PP/R3K2R,True,0.297,17,2033,5,0
r4rk1/4bppp/4pn2/pBp5/Pp6/2PPP3/1P1N2PP/R4RK1,False,0.167,30,2008,5,0
r4rk1/4bppp/4p3/pBpn4/Pp6/2PPP3/1P1N2PP/R4RK1,True,0.003,23,2033,5,0
r4rk1/4bppp/4p3/pBpn4/Pp2P3/2PP4/1P1N2PP/R4RK1,False,0.0,62,2008,5,0
r4rk1/4bppp/4p3/pBpn4/P3P3/2pP4/1P1N2PP/R4RK1,True,0.0,14,2033,5,0
r4rk1/4bppp/4p3/pBpP4/P7/2pP4/1P1N2PP/R4RK1,False,0.0,2,2008,5,0
r4rk1/4bppp/4p3/pBpP4/P7/3P4/1P1p2PP/R4RK1,True,0.0,8,2033,5,0
r4rk1/4bppp/4P3/pBp5/P7/3P4/1P1p2PP/R4RK1,False,0.0,32,2008,5,0
r4rk1/4b1pp/4p3/pBp5/P7/3P4/1P1p2PP/R4RK1,True,0.0,13,2033,5,0
r4rk1/4b1pp/4p3/p1p5/P1B5/3P4/1P1p2PP/R4RK1,False,0.0,6,2008,5,0
r5k1/4b1pp/4p3/p1p5/P1B5/3P4/1P1p2PP/R4rK1,True,0.003,3,2033,2,0
r5k1/4b1pp/4p3/p1p5/P1B5/3P4/1P1p2PP/5RK1,False,0.002,5,2008,5,0
5rk1/4b1pp/4p3/p1p5/P1B5/3P4/1P1p2PP/5RK1,True,0.029,5,2033,5,0
5rk1/4b1pp/4p3/p1p5/P1B5/3P4/1P1p2PP/3R2K1,False,0.013000000000000005,9,2008,5,0
5rk1/6pp/4p3/p1p3b1/P1B5/3P4/1P1p2PP/3R2K1,True,0.0,4,2033,5,0
5r1k/6pp/4B3/p1p3b1/P7/3P4/1P1p2PP/3R2K1,True,0.0,4,2033,5,0
5r1k/6pp/4B3/p1p3b1/P7/3P2P1/1P1p3P/3R2K1,False,0.0,21,2008,5,0
7k/6pp/4B3/p1p3b1/P7/3P1rP1/1P1p3P/3R2K1,True,0.0,5,2033,5,0
7k/6pp/4B3/p1p3b1/P7/3P1rP1/1P1p2KP/3R4,False,0.0,7,2008,5,0
7k/6pp/4B3/p1p3b1/P7/3Pr1P1/1P1p2KP/3R4,True,0.0,34,2033,5,0
7k/6pp/4B3/p1p3b1/P7/3Pr1P1/1P1p2KP/5R2,False,0.0,26,2008,5,0
7k/7p/4B1p1/p1p3b1/P7/3Pr1P1/1P1p2KP/5R2,True,0.0,32,2033,5,0
5R2/6kp/4B1p1/p1p3b1/P7/3Pr1P1/1P1p2KP/8,True,0.0,5,2033,5,0
8/5R1p/4B1pk/p1p3b1/P7/3Pr1P1/1P1p2KP/8,True,0.0,9,2033,5,0
8/5R1p/6pk/p1p3b1/P5B1/3Pr1P1/1P1p2KP/8,False,0.0,23,2008,5,0
8/5R1p/6pk/p1p3b1/P5B1/3P2P1/1P1p2KP/4r3,True,0.0,13,2033,5,0
8/7p/6pk/p1p3b1/P5B1/3P2P1/1P1p2KP/4rR2,False,0.0,27,2008,5,0
8/6kp/6p1/p1p3b1/P5B1/3P2P1/1P1p2KP/4rR2,True,0.0,50,2033,5,0
8/6kp/6p1/p1p3b1/P5BP/3P2P1/1P1p2K1/4rR2,False,0.0,24,2008,5,0
8/6k1/6p1/p1p3bp/P5BP/3P2P1/1P1p2K1/4rR2,True,0.0,31,2033,5,0
8/6k1/6p1/p1p3bp/P6P/3P1BP1/1P1p2K1/4rR2,False,0.0,39,2008,5,0
8/6k1/5bp1/p1p4p/P6P/3P1BP1/1P1p2K1/4rR2,True,0.0,14,2033,5,0
8/6k1/5bp1/p1p4p/P6P/1P1P1BP1/3p2K1/4rR2,False,0.0,15,2008,5,0
8/6k1/6p1/p1p1b2p/P6P/1P1P1BP1/3p2K1/4rR2,True,0.0,29,2033,5,0
8/6k1/6p1/p1p1b2p/P5PP/1P1P1B2/3p2K1/4rR2,False,0.0,22,2008,5,0
8/6k1/6p1/p1p1b3/P5pP/1P1P1B2/3p2K1/4rR2,True,0.0,3,2033,5,0
8/6k1/6p1/p1p1b3/P5BP/1P1P4/3p2K1/4rR2,False,0.0,20,2008,5,0
8/6k1/6p1/p1p5/P5BP/1P1P2b1/3p2K1/4rR2,True,0.0,10,2033,5,0
r1bqk2r/pp2npbp/2np2p1/2p1p3/2P1P3/2N3P1/PP1PNPBP/R1BQ1RK1,True,0.10600000000000001,13,2116,5,0
r1bqk2r/pp2npbp/2np2p1/2p1p3/2P1P3/2NP2P1/PP2NPBP/R1BQ1RK1,False,0.10999999999999999,3,2279,5,0
r1bq1rk1/pp2npbp/2np2p1/2p1p3/2P1P3/2NP2P1/PP2NPBP/R1BQ1RK1,True,0.047,23,2116,5,0
r1bq1rk1/pp2npbp/2np2p1/2p1p3/2P1P3/2NP2P1/PP2NPBP/1RBQ1RK1,False,0.066,17,2279,5,0
r1bq1rk1/pp2n1bp/2np2p1/2p1pp2/2P1P3/2NP2P1/PP2NPBP/1RBQ1RK1,True,0.194,11,2116,5,0
r1bq1rk1/pp2n1bp/2np2p1/2p1pp2/2P1P3/P1NP2P1/1P2NPBP/1RBQ1RK1,False,0.367,6,2279,5,0
r1bq1rk1/1p2n1bp/2np2p1/p1p1pp2/2P1P3/P1NP2P1/1P2NPBP/1RBQ1RK1,True,0.30000000000000004,10,2116,5,0
r1bq1rk1/1p2n1bp/2np2p1/p1pNpp2/2P1P3/P2P2P1/1P2NPBP/1RBQ1RK1,False,0.368,21,2279,5,0
r1bq1rk1/1p4bp/2np2p1/p1pnpp2/2P1P3/P2P2P1/1P2NPBP/1RBQ1RK1,True,0.0,26,2116,5,0
r1bq1rk1/1p4bp/2np2p1/p1pPpp2/2P5/P2P2P1/1P2NPBP/1RBQ1RK1,False,0.0,3,2279,5,0
r1bq1rk1/1p4bp/3p2p1/p1pPpp2/2Pn4/P2P2P1/1P2NPBP/1RBQ1RK1,True,0.0,30,2116,5,0
r1bq1rk1/1p4bp/3p2p1/p1pPpp2/2Pn1P2/P2P2P1/1P2N1BP/1RBQ1RK1,False,0.0,22,2279,5,0
r1bq1rk1/1p4bp/3p2p1/p1pPpp2/2P2P2/P2P2P1/1P2n1BP/1RBQ1RK1,True,0.0,9,2116,3,0
r1bq1rk1/1p4bp/3p2p1/p1pPpp2/2P2P2/P2P2P1/1P2Q1BP/1RB2RK1,False,0.002,11,2279,5,0
r1bq1rk1/1p4bp/3p2p1/p1pP1p2/2P2p2/P2P2P1/1P2Q1BP/1RB2RK1,True,0.0,12,2116,5,0
r1bq1rk1/1p4bp/3p2p1/p1pP1p2/2P2B2/P2P2P1/1P2Q1BP/1R3RK1,False,0.0,36,2279,5,0
r1bq1rk1/1p5p/3p2p1/p1pP1p2/2Pb1B2/P2P2P1/1P2Q1BP/1R3RK1,True,0.0,9,2116,5,0
r1bq1rk1/1p5p/3p2p1/p1pP1p2/2Pb1B2/P2P2P1/1P2Q1BP/1R3R1K,False,0.0,4,2279,5,0
r1b2rk1/1p5p/3p1qp1/p1pP1p2/2Pb1B2/P2P2P1/1P2Q1BP/1R3R1K,True,0.016,10,2116,5,0
r1b2rk1/1p5p/3p1qp1/p1pP1p2/2Pb1B2/P2P2P1/1P1Q2BP/1R3R1K,False,0.0,15,2279,5,0
r4rk1/1p1b3p/3p1qp1/p1pP1p2/2Pb1B2/P2P2P1/1P1Q2BP/1R3R1K,True,0.0,30,2116,5,0
r4rk1/1p1b3p/3p1qp1/p1pP1pB1/2Pb4/P2P2P1/1P1Q2BP/1R3R1K,False,0.0,11,2279,5,0
r4rk1/1p1b1q1p/3p2p1/p1pP1pB1/2Pb4/P2P2P1/1P1Q2BP/1R3R1K,True,0.0,68,2116,5,0
r4rk1/1p1b1q1p/3p2p1/p1pP1pB1/2Pb4/P2P2P1/1P1Q2BP/1R2R2K,False,0.0,37,2279,5,0
r4rk1/1p1b1q1p/3p1bp1/p1pP1pB1/2P5/P2P2P1/1P1Q2BP/1R2R2K,True,0.0,9,2116,5,0
r4rk1/1p1b1q1p/3p1bp1/p1pP1p2/2P2B2/P2P2P1/1P1Q2BP/1R2R2K,False,0.0,23,2279,5,0
r4rk1/1p1bbq1p/3p2p1/p1pP1p2/2P2B2/P2P2P1/1P1Q2BP/1R2R2K,True,0.0,27,2116,5,0
r4rk1/1p1bbq1p/3p2p1/p1pP1p2/2P2B2/P2P2P1/1P1QR1BP/1R5K,False,0.428,4,2279,5,0
r3r1k1/1p1bbq1p/3p2p1/p1pP1p2/2P2B2/P2P2P1/1P1QR1BP/1R5K,True,0.06399999999999999,33,2116,5,0
r3r1k1/1p1bbq1p/3p2p1/p1pP1p2/2P2B2/P2P2P1/1P1QR1BP/4R2K,False,0.16099999999999992,13,2279,5,0
r3r1k1/3bbq1p/1p1p2p1/p1pP1p2/2P2B2/P2P2P1/1P1QR1BP/4R2K,True,0.07300000000000001,53,2116,5,0
r3r1k1/3bbq1p/1p1p2p1/p1pP1p2/1PP2B2/P2P2P1/3QR1BP/4R2K,False,0.20800000000000007,6,2279,5,0
r3r1k1/3bbq1p/1p1p2p1/2pP1p2/1pP2B2/P2P2P1/3QR1BP/4R2K,True,0.0,3,2116,5,0
r3r1k1/3bbq1p/1p1p2p1/2pP1p2/1PP2B2/3P2P1/3QR1BP/4R2K,False,0.42300000000000004,65,2279,5,0
3rr1k1/3bbq1p/1p1p2p1/2pP1p2/1PP2B2/3P2P1/3QR1BP/4R2K,True,0.465,23,2116,5,0
r1bqk2r/pp2ppbp/2np1np1/8/2PNP3/2N1B3/PP3PPP/R2QKB1R,True,0.0,1,2057,5,0
r1bqk2r/pp2ppbp/2np1np1/8/2PNP3/2N1B3/PP2BPPP/R2QK2R,False,0.25199999999999995,2,2062,5,0
r2qk2r/pp1bppbp/2np1np1/8/2PNP3/2N1B3/PP2BPPP/R2QK2R,True,0.0,1,2057,5,0
r2qk2r/pp1bppbp/2np1np1/8/2PNP3/2N1B3/PP2BPPP/R2Q1RK1,False,0.027000000000000024,1,2062,5,0
r2qk2r/1p1bppbp/p1np1np1/8/2PNP3/2N1B3/PP2BPPP/R2Q1RK1,True,0.0,1,2057,5,0
r2qk2r/1p1bppbp/p1np1np1/8/2PNP3/2N1BP2/PP2B1PP/R2Q1RK1,False,0.05899999999999994,2,2062,5,0
r2q1rk1/1p1bppbp/p1np1np1/8/2PNP3/2N1BP2/PP2B1PP/R2Q1RK1,True,0.21499999999999997,1,2057,5,0
r2q1rk1/1p1bppbp/p1np1np1/8/2PNP3/2N1BP2/PP1QB1PP/R4RK1,False,0.0,7,2062,5,0
r2q1rk1/1p1bppbp/p2p1np1/8/2PnP3/2N1BP2/PP1QB1PP/R4RK1,True,0.0,2,2057,5,0
r2q1rk1/1p1bppbp/p2p1np1/8/2PBP3/2N2P2/PP1QB1PP/R4RK1,False,0.34400000000000003,2,2062,5,0
r2q1rk1/1p1bppb1/p2p1np1/7p/2PBP3/2N2P2/PP1QB1PP/R4RK1,True,0.386,7,2057,5,0
r2q1rk1/1p1bppb1/p2p1np1/7p/2PBP3/2N2P2/PP1QB1PP/R3R1K1,False,0.0,6,2062,5,0
1r1q1rk1/1p1bppb1/p2p1np1/7p/2PBP3/2N2P2/PP1QB1PP/R3R1K1,True,0.353,53,2057,5,0
1r1q1rk1/1p1bppb1/p2p1np1/7p/2PBP3/2N2P2/PP1QB1PP/R3R2K,False,0.27099999999999996,3,2062,5,0
1r1q1rk1/3bppb1/p2p1np1/1p5p/2PBP3/2N2P2/PP1QB1PP/R3R2K,True,0.141,5,2057,5,0
1r1q1rk1/3bppb1/p2p1np1/1p1N3p/2PBP3/5P2/PP1QB1PP/R3R2K,False,0.027000000000000024,14,2062,5,0
1r1q1rk1/3bppb1/p2p1np1/3N3p/2pBP3/5P2/PP1QB1PP/R3R2K,True,0.0,11,2057,5,0
1r1q1rk1/3bppb1/p2p1np1/3N3p/2BBP3/5P2/PP1Q2PP/R3R2K,False,0.0,14,2062,5,0
2rq1rk1/3bppb1/p2p1np1/3N3p/2BBP3/5P2/PP1Q2PP/R3R2K,True,0.019000000000000017,12,2057,5,0
2rq1rk1/3bppb1/B2p1np1/3N3p/3BP3/5P2/PP1Q2PP/R3R2K,False,0.0,4,2062,5,0
1r1q1rk1/3bppb1/B2p1np1/3N3p/3BP3/5P2/PP1Q2PP/R3R2K,True,0.019000000000000017,10,2057,5,0
1r1q1rk1/3bppb1/3p1np1/3N3p/2BBP3/5P2/PP1Q2PP/R3R2K,False,0.0,6,2062,5,0
1r1q1rk1/3bppb1/3p2p1/3n3p/2BBP3/5P2/PP1Q2PP/R3R2K,True,0.0,11,2057,5,0
1r1q1rk1/3bppB1/3p2p1/3n3p/2B1P3/5P2/PP1Q2PP/R3R2K,False,0.0,1,2062,5,0
1r1q1r2/3bppk1/3p2p1/3n3p/2B1P3/5P2/PP1Q2PP/R3R2K,True,0.04600000000000004,1,2057,5,0
1r1q1r2/3bppk1/3p2p1/3B3p/4P3/5P2/PP1Q2PP/R3R2K,False,0.039000000000000035,7,2062,5,0
1r3r2/3bppk1/1q1p2p1/3B3p/4P3/5P2/PP1Q2PP/R3R2K,True,0.02100000000000002,12,2057,5,0
1r3r2/3bppk1/1q1p2p1/3B3p/4P3/1P3P2/P2Q2PP/R3R2K,False,0.0,5,2062,5,0
1rr5/3bppk1/1q1p2p1/3B3p/4P3/1P3P2/P2Q2PP/R3R2K,True,0.01100000000000001,4,2057,5,0
1rr5/3bppk1/1q1p2p1/3B3p/4P3/1P3P2/P2Q2PP/2R1R2K,False,0.0030000000000000027,19,2062,5,0
1rr5/3b1pk1/1q1pp1p1/3B3p/4P3/1P3P2/P2Q2PP/2R1R2K,True,0.0,3,2057,5,0
1rr5/3b1pk1/1q1pp1p1/7p/2B1P3/1P3P2/P2Q2PP/2R1R2K,False,0.014000000000000012,8,2062,5,0
1r6/3b1pk1/1q1pp1p1/2r4p/2B1P3/1P3P2/P2Q2PP/2R1R2K,True,0.398,5,2057,5,0
1r6/3b1pk1/1q1pp1p1/2r4p/2B1P3/1P3P2/P2Q2PP/3RR2K,False,0.0,11,2062,5,0
1r6/3b1pk1/1qrpp1p1/7p/2B1P3/1P3P2/P2Q2PP/3RR2K,True,0.0,19,2057,5,0
1r6/3b1pk1/1qrpp1p1/7p/2B1P3/1P2RP2/P2Q2PP/3R3K,False,0.0,2,2062,5,0
3r4/3b1pk1/1qrpp1p1/7p/2B1P3/1P2RP2/P2Q2PP/3R3K,True,0.0,2,2057,5,0
3r4/3b1pk1/1qrpp1p1/7p/2B1P3/1P1R1P2/P2Q2PP/3R3K,False,0.0,2,2062,5,0
3rb3/5pk1/1qrpp1p1/7p/2B1P3/1P1R1P2/P2Q2PP/3R3K,True,0.0,23,2057,5,0
3rb1k1/5p2/1qrpp1p1/7p/2B1P3/1P1R1P2/PQ4PP/3R3K,True,0.0,3,2057,5,0
3rb1k1/5p2/1qrppQp1/7p/2B1P3/1P1R1P2/P5PP/3R3K,False,0.0,12,2062,5,0
3rb1k1/2q2p2/2rppQp1/7p/2B1P3/1P1R1P2/P5PP/3R3K,True,0.0,47,2057,5,0
3rb1k1/2q2p2/2rppQp1/7p/2B1P2P/1P1R1P2/P5P1/3R3K,False,0.967,2,2062,5,0
3rb3/2q2p1k/2rppQp1/7p/2B1P2P/1P1R1P2/P5P1/3R3K,True,0.0,7,2057,5,0
3rb3/2q2p1k/2rppQp1/1B5p/4P2P/1P1R1P2/P5P1/3R3K,False,0.0,23,2062,5,0
3rb3/2q2p1k/1r1ppQp1/1B5p/4P2P/1P1R1P2/P5P1/3R3K,True,0.0,12,2057,5,0
3rB3/2q2p1k/1r1ppQp1/7p/4P2P/1P1R1P2/P5P1/3R3K,False,0.0,1,2062,5,0
4r3/2q2p1k/1r1ppQp1/7p/4P2P/1P1R1P2/P5P1/3R3K,True,0.854,10,2057,5,0
4r3/2q2p1k/1r1RpQp1/7p/4P2P/1P3P2/P5P1/3R3K,False,0.0,2,2062,5,0
4r3/2q2p1k/3rpQp1/7p/4P2P/1P3P2/P5P1/3R3K,True,0.0,2,2057,5,0
4r3/2q2p1k/3RpQp1/7p/4P2P/1P3P2/P5P1/7K,False,0.0,24,2062,5,0
8/2q1rp1k/3RpQp1/7p/4P2P/1P3P2/P5P1/7K,True,0.0,8,2057,5,0
8/2q1rp1k/3RpQp1/4P2p/7P/1P3P2/P5P1/7K,False,0.0,9,2062,5,0
8/2qr1p1k/3RpQp1/4P2p/7P/1P3P2/P5P1/7K,True,0.0,11,2057,5,0
8/2qR1p1k/4pQp1/4P2p/7P/1P3P2/P5P1/7K,False,0.0,1,2062,5,0
8/3q1p1k/4pQp1/4P2p/7P/1P3P2/P5P1/7K,True,0.0,1,2057,5,0
8/3q1p1k/4p1p1/4P2p/5Q1P/1P3P2/P5P1/7K,False,0.0,6,2062,5,0
8/3q1pk1/4p1p1/4P2p/5Q1P/1P3P2/P5P1/7K,True,0.0,2,2057,5,0
8/3q1pk1/4p1p1/4P2p/P4Q1P/1P3P2/6P1/7K,False,0.0,8,2062,5,0
8/5pk1/4p1p1/3qP2p/P4Q1P/1P3P2/6P1/7K,True,0.0,4,2057,5,0
r1bnkb1r/pp1n1ppp/4p3/1Bpp4/3P4/2P1PN2/PP3PPP/RN1QK2R,True,0.0,2,2107,5,0
r1bnkb1r/pp1n1ppp/4p3/1BppN3/3P4/2P1P3/PP3PPP/RN1QK2R,False,0.0,5,2088,5,0
r1bnk2r/pp1n1ppp/3bp3/1BppN3/3P4/2P1P3/PP3PPP/RN1QK2R,True,0.0,2,2107,5,0
r2nk2r/pp1b1ppp/3bp3/2ppN3/3P4/2P1P3/PP3PPP/RN1QK2R,True,0.0,1,2107,5,0
r2n3r/pp1k1ppp/3bp3/2pp4/3P4/2P1P3/PP3PPP/RN1QK2R,True,0.0,1,2107,5,0
r6r/pp1k1ppp/2nbp3/2pp4/Q2P4/2P1P3/PP3PPP/RN2K2R,True,0.0,2,2107,5,0
r6r/pp1k1ppp/2nbp3/2Pp4/Q7/2P1P3/PP3PPP/RN2K2R,False,0.0,1,2088,5,0
r6r/pp1k1ppp/2n1p3/2bp4/Q7/2P1P3/PP3PPP/RN2K2R,True,0.0,2,2107,5,0
r6r/pp1k1ppp/2n1p3/2bp4/Q7/2P1P3/PP1N1PPP/R3K2R,False,0.0,1,2088,5,0
r6r/1p1k1ppp/p1n1p3/2bp4/Q7/2P1P3/PP1N1PPP/R3K2R,True,0.0,2,2107,5,0
r6r/1p1k1ppp/p1n1p3/2bp4/QP6/2P1P3/P2N1PPP/R3K2R,False,0.0,3,2088,5,0
r6r/3k1ppp/p1n1p3/1pbp4/QP6/2P1P3/P2N1PPP/R3K2R,True,0.0,3,2107,5,0
r6r/3k1ppp/p1n1p3/1pbp4/1P6/1QP1P3/P2N1PPP/R3K2R,False,0.0,4,2088,5,0
r6r/3k1ppp/p1nbp3/1p1p4/1P6/1QP1P3/P2N1PPP/R3K2R,True,0.0,1,2107,5,0
r6r/3k1ppp/p1nbp3/1p1p4/1P6/1QP1PN2/P4PPP/R3K2R,False,0.0,12,2088,5,0
r1r5/3k1ppp/p1nbp3/1p1p4/1P6/1QP1PN2/P4PPP/R3K2R,True,0.0,2,2107,5,0
r1r5/3k1ppp/p1nbp3/1p1p4/1P6/1QP1PN2/P4PPP/R4RK1,False,0.0,2,2088,5,0
r1r5/3k1pp1/p1nbp2p/1p1p4/1P6/1QP1PN2/P4PPP/R4RK1,True,0.0,3,2107,5,0
r1r5/3k1pp1/p1nbp2p/1p1p4/1P6/1QP1PN2/P4PPP/2R2RK1,False,0.0,1,2088,5,0
r1r5/4kpp1/p1nbp2p/1p1p4/1P6/1QP1PN2/P4PPP/2R2RK1,True,0.0,1,2107,5,0
r1r5/4kpp1/p1nbp2p/1p1p4/1P1N4/1QP1P3/P4PPP/2R2RK1,False,0.0,1,2088,5,0
r1r5/4kpp1/p2bp2p/1p1pn3/1P1N4/1QP1P3/P4PPP/2R2RK1,True,0.0,7,2107,5,0
r1r5/4kpp1/p2bp2p/1p1pn3/1P1NP3/1QP5/P4PPP/2R2RK1,False,0.0,9,2088,5,0
r1r5/4kpp1/p2bp2p/1p2n3/1P1Np3/1QP5/P4PPP/2R2RK1,True,0.0,1,2107,5,0
r1r5/4kpp1/p2bp2p/1p2n3/1P1Np3/1QP5/P4PPP/2R1R1K1,False,0.0,17,2088,5,0
r1r5/4kpp1/p2bp2p/1p6/1P1Np3/1QPn4/P4PPP/2R1R1K1,True,0.745,2,2107,5,0
r1r5/4kpp1/p2bp2p/1p6/1P1Np3/1QPn4/P4PPP/3RR1K1,False,0.0,9,2088,5,0
r1r5/4kpp1/p2bp2p/1p6/1P1Np3/1QP5/P4PPP/3Rn1K1,True,0.0,1,2107,5,0
r1r5/4kpp1/p2bp2p/1p6/1P1Np3/1QP5/P4PPP/4R1K1,False,0.0,11,2088,5,0
r7/4kpp1/p2bp2p/1p6/1PrNp3/1QP5/P4PPP/4R1K1,True,0.0,3,2107,5,0
2r5/4kpp1/p2bp2p/1p6/1PrNR3/1QP5/P4PPP/6K1,True,0.0,4,2107,5,0
2r5/4kpp1/p2bp2p/1p6/1PrN4/1QP1R3/P4PPP/6K1,False,0.0,6,2088,5,0
2r5/4kpp1/p2bp2p/1p6/1P1r4/1QP1R3/P4PPP/6K1,True,0.932,7,2107,5,0
2r5/4kpp1/p2bp2p/1p6/1P1r4/1QP1R1P1/P4P1P/6K1,False,0.0,8,2088,5,0
2r5/4kpp1/p2bp2p/1p6/1Pr5/1QP1R1P1/P4P1P/6K1,True,0.845,2,2107,5,0
2r5/4kpp1/p2bp2p/1p6/PPr5/1QP1R1P1/5P1P/6K1,False,0.9199999999999999,11,2088,5,0
2r5/4kp2/p2bp2p/1p4p1/PPr5/1QP1R1P1/5P1P/6K1,True,0.943,1,2107,5,0
2r5/4kp2/p2bp2p/1P4p1/1Pr5/1QP1R1P1/5P1P/6K1,False,0.0,1,2088,5,0
2r5/4kp2/3bp2p/1p4p1/1Pr5/1QP1R1P1/5P1P/6K1,True,0.9229999999999999,1,2107,5,0
2r5/4kp2/3bp2p/1p4p1/1Pr5/Q1P1R1P1/5P1P/6K1,False,0.08599999999999997,2,2088,5,0
8/2r1kp2/3bp2p/1p4p1/1Pr5/Q1P1R1P1/5P1P/6K1,True,0.0,3,2107,5,0
8/2r1kp2/Q2bp2p/1p4p1/1Pr5/2P1R1P1/5P1P/6K1,False,0.0,15,2088,5,0
8/2r1k3/Q2bp2p/1p3pp1/1Pr5/2P1R1P1/5P1P/6K1,True,0.0010000000000000009,3,2107,5,0
8/2r1k3/3bp2p/1Q4p1/1Pr2p2/2P1R1P1/5P1P/6K1,True,0.0,2,2107,5,0
8/2r1k3/3bp2p/1Q4p1/1Pr2P2/2P1R3/5P1P/6K1,False,0.0,1,2088,5,0
8/2r1k3/3bp2p/1Q6/1Pr2p2/2P1R3/5P1P/6K1,True,0.0,4,2107,5,0
8/2r1k3/3bp2p/1Q6/1Pr2p2/2P4R/5P1P/6K1,False,0.0,36,2088,5,0
8/2r1k3/3bp2p/1Q6/1P3p2/2r4R/5P1P/6K1,True,0.0,2,2107,5,0
8/2r1k3/3bp2R/1Q6/1P3p2/2r5/5P1P/6K1,False,0.0,39,2088,5,0
8/2r1k3/3bp2R/1Q6/1P6/2r2p2/5P1P/6K1,True,0.0,3,2107,5,0
8/2rk4/3bp2R/6Q1/1P6/2r2p2/5P1P/6K1,True,1.0,8,2107,5,0
2k5/2r4R/3bp3/6Q1/1P6/2r2p2/5P1P/6K1,True,0.0010000000000000009,10,2107,5,0
7R/2rk4/3bp3/6Q1/1P6/2r2p2/5P1P/6K1,True,0.0,13,2107,5,0
rnbq1rk1/pp2bppp/3p1n2/2p5/2BNP3/2N5/PPP2PPP/R1BQ1RK1,True,0.0,2,2327,5,0
rnbq1rk1/pp2bppp/3p1n2/2p5/2B1P3/2N5/PPP1NPPP/R1BQ1RK1,False,0.11699999999999999,2,2160,5,0
r1bq1rk1/pp2bppp/2np1n2/2p5/2B1P3/2N5/PPP1NPPP/R1BQ1RK1,True,0.20000000000000007,3,2327,5,0
r1bq1rk1/pp2bppp/2np1n2/2p5/2B1PN2/2N5/PPP2PPP/R1BQ1RK1,False,0.21699999999999997,14,2160,5,0
r1bqnrk1/pp2bppp/2np4/2p5/2B1PN2/2N5/PPP2PPP/R1BQ1RK1,True,0.07900000000000007,1,2327,5,0
r1bqnrk1/pp2bppp/2np4/2pN4/2B1P3/2N5/PPP2PPP/R1BQ1RK1,False,0.16699999999999993,5,2160,5,0
r2qnrk1/pp2bppp/2npb3/2pN4/2B1P3/2N5/PPP2PPP/R1BQ1RK1,True,0.451,6,2327,5,0
r3nrk1/pp2qppp/2npb3/2p5/2B1P3/2N5/PPP2PPP/R1BQ1RK1,True,0.0,2,2327,5,0
r3nrk1/pp2qppp/2npb3/2pN4/2B1P3/8/PPP2PPP/R1BQ1RK1,False,0.0,8,2160,5,0
r4rk1/ppn1qppp/2npb3/2pN4/2B1P3/8/PPP2PPP/R1BQ1RK1,True,0.0,2,2327,5,0
rnb1k1nr/p1q2ppp/1p2p3/2ppP3/3P4/P1P2N2/2P2PPP/R1BQKB1R,True,0.165,3,2150,5,0
rnb1k1nr/p1q2ppp/1p2p3/2ppP3/3P4/P1PB1N2/2P2PPP/R1BQK2R,False,0.020000000000000004,1,2153,5,0
rn2k1nr/p1q2ppp/bp2p3/2ppP3/3P4/P1PB1N2/2P2PPP/R1BQK2R,True,0.025999999999999995,3,2150,5,0
rn2k1nr/p1q2ppp/bp2p3/2ppP3/3P4/P1PBBN2/2P2PPP/R2QK2R,False,0.05600000000000001,2,2153,5,0
rn2k2r/p1q2ppp/bp2p2n/2ppP3/3P4/P1PBBN2/2P2PPP/R2QK2R,True,0.0,6,2150,5,0
rn2k2r/p1q2ppp/bp2p2n/2ppP3/3P4/P1PBBN2/2P2PPP/R2Q1RK1,False,0.0,2,2153,5,0
rn2k2r/p1q2ppp/1p2p2n/2ppP3/3P4/P1PbBN2/2P2PPP/R2Q1RK1,True,0.0040000000000000036,1,2150,5,0
rn2k2r/p1q2ppp/1p2p2n/2ppP3/3P4/P1PPBN2/5PPP/R2Q1RK1,False,0.0,1,2153,5,0
r3k2r/p1q2ppp/1pn1p2n/2ppP3/3P4/P1PPBN2/5PPP/R2Q1RK1,True,0.0,6,2150,5,0
r3k2r/p1q2ppp/1pn1p2n/2ppP3/3P4/P1PPBN1P/5PP1/R2Q1RK1,False,0.0,1,2153,5,0
r3k2r/p1q2ppp/1pn1p3/2ppPn2/3P4/P1PPBN1P/5PP1/R2Q1RK1,True,0.0,9,2150,5,0
r3k2r/p1q2ppp/1pn1p3/2ppPn2/3P2P1/P1PPBN1P/5P2/R2Q1RK1,False,0.0,6,2153,5,0
r3k2r/p1q2ppp/1pn1p3/2ppP3/3P2P1/P1PPnN1P/5P2/R2Q1RK1,True,0.0,2,2150,5,0
r3k2r/p1q2ppp/1pn1p3/2ppP3/3P2P1/P1PPPN1P/8/R2Q1RK1,False,0.0,3,2153,5,0
2kr3r/p1q2ppp/1pn1p3/2ppP3/3P2P1/P1PPPN1P/8/R2Q1RK1,True,0.074,8,2150,5,0
2kr3r/p1q2ppp/1pn1p3/2PpP3/6P1/P1PPPN1P/8/R2Q1RK1,False,0.18200000000000005,6,2153,5,0
2kr3r/p1q2ppp/1p2p3/2Ppn3/6P1/P1PPPN1P/8/R2Q1RK1,True,0.0,3,2150,5,0
2kr3r/p1q2ppp/1P2p3/3pn3/6P1/P1PPPN1P/8/R2Q1RK1,False,0.0,5,2153,5,0
2kr3r/p1q2ppp/1P2p3/3p4/6P1/P1PPPn1P/8/R2Q1RK1,True,0.0,2,2150,5,0
2kr3r/p1q2ppp/1P2p3/3p4/6P1/P1PPPR1P/8/R2Q2K1,False,0.0,1,2153,5,0
2kr3r/p4ppp/1q2p3/3p4/6P1/P1PPPR1P/8/R2Q2K1,True,0.0,4,2150,5,0
2kr3r/p4ppp/1q2p3/3p4/6P1/P1PPPR1P/8/1R1Q2K1,False,0.0,5,2153,5,0
2kr3r/p4ppp/4p3/2qp4/6P1/P1PPPR1P/8/1R1Q2K1,True,0.0,7,2150,5,0
2kr3r/p4ppp/4p3/2qp4/3P2P1/P1P1PR1P/8/1R1Q2K1,False,0.0,7,2153,5,0
2kr3r/p1q2ppp/4p3/3p4/3P2P1/P1P1PR1P/8/1R1Q2K1,True,0.050000000000000044,10,2150,5,0
2kr3r/p1q2ppp/4p3/3p4/3P2P1/P1P1PR1P/6K1/1R1Q4,False,0.20500000000000007,2,2153,5,0
2kr3r/p1q2pp1/4p3/3p3p/3P2P1/P1P1PR1P/6K1/1R1Q4,True,0.0,3,2150,5,0
2kr3r/p1q2pp1/4p3/3p2Pp/3P4/P1P1PR1P/6K1/1R1Q4,False,0.09599999999999997,7,2153,5,0
2kr3r/p1q3p1/4pp2/3p2Pp/3P4/P1P1PR1P/6K1/1R1Q4,True,0.558,12,2150,5,0
2kr3r/p1q3p1/4pp2/3p2Pp/Q2P4/P1P1PR1P/6K1/1R6,False,0.0,16,2153,5,0
2k4r/p1q3p1/3rpp2/3p2Pp/Q2P4/P1P1PR1P/6K1/1R6,True,0.494,3,2150,5,0
2k4r/p1q3p1/3rpP2/3p3p/Q2P4/P1P1PR1P/6K1/1R6,False,0.91,21,2153,5,0
2k4r/p1q5/3rpp2/3p3p/Q2P4/P1P1PR1P/6K1/1R6,True,0.0,2,2150,5,0
2k4r/p1q5/3rpR2/3p3p/Q2P4/P1P1P2P/6K1/1R6,False,0.06899999999999995,1,2153,5,0
2k3r1/p1q5/3rpR2/3p3p/Q2P4/P1P1P2P/6K1/1R6,True,0.0,3,2150,5,0
2k3r1/p1q5/3rpR2/3p3p/Q2P4/P1P1P2P/8/1R5K,False,0.046,9,2153,5,0
2k3r1/p5q1/3rpR2/3p3p/Q2P4/P1P1P2P/8/1R5K,True,0.0,7,2150,5,0
2k3r1/p5q1/3rp3/3p3p/Q2P4/P1P1P2P/5R2/1R5K,False,0.35400000000000004,5,2153,5,0
2k3r1/p7/3rp3/3p3p/Q2P4/P1P1P1qP/5R2/1R5K,True,0.0,23,2150,5,0
2k3r1/p7/3rp3/3p3p/Q2P4/P1P1P1qP/5R2/5R1K,False,0.986,2,2153,5,0
2k3r1/p7/3rp3/3p3p/Q2P4/P1P1P2q/5R2/5R1K,True,0.0,1,2150,1,0
2k3r1/p7/3rp3/3p3p/Q2P4/P1P1P2q/7R/5R1K,False,0.0,2,2153,5,0
2k3r1/p7/3rp3/3p3p/Q2P4/P1P1q3/7R/5R1K,True,0.0,22,2150,5,0
2k3r1/p7/3rp3/3p3p/3P4/P1P1q3/2Q4R/5R1K,False,0.001,9,2153,5,0
2k3r1/p7/1r2p3/3p3p/3P4/P1P1q3/2Q4R/5R1K,True,0.003,3,2150,5,0
2k3r1/p7/1r2p3/3p3R/3P4/P1P1q3/2Q5/5R1K,False,0.002,36,2153,5,0
2k3r1/p7/1r6/3pp2R/3P4/P1P1q3/2Q5/5R1K,True,0.0,11,2150,5,0
6r1/pk6/1r6/3ppQ1R/3P4/P1P1q3/8/5R1K,True,0.0,16,2150,5,0
6r1/p6R/kr6/3ppQ2/3P4/P1P1q3/8/5R1K,True,0.0,10,2150,5,0
6r1/p6R/kr6/3pQ3/3P4/P1P1q3/8/5R1K,False,0.0,3,2153,5,0
6r1/p6R/kr6/3pQ3/3P4/P1Pq4/8/5R1K,True,0.007,13,2150,5,0
6r1/p6R/kr6/3p1Q2/3P4/P1Pq4/8/5R1K,False,0.0,33,2153,5,0
6r1/p6R/kr6/3p1q2/3P4/P1P5/8/5R1K,True,0.0,2,2150,5,0
6r1/p6R/kr6/3p1R2/3P4/P1P5/8/7K,False,0.0020000000000000018,5,2153,5,0
6r1/p6R/k7/3p1R2/3P4/P1P5/8/1r5K,True,0.0,2,2150,2,0
6r1/p6R/k7/3p1R2/3P4/P1P5/7K/1r6,False,0.005999999999999998,2,2153,5,0
6r1/p6R/k7/3p1R2/3P4/P1P5/1r5K/8,True,0.0,1,2150,3,0
6r1/p6R/k7/3p1R2/3P4/P1P4K/1r6/8,False,0.016,2,2153,5,0
8/p6R/k7/3p1R2/3P4/P1P4K/1r6/6r1,True,0.0,12,2150,5,0
rn1q1rk1/1bppbppp/pp2pn2/8/2PP4/2N1PN2/PP2BPPP/R1BQ1RK1,True,0.0,5,2072,5,0
rn1q1rk1/1bppbppp/pp2pn2/8/2PP4/1PN1PN2/P3BPPP/R1BQ1RK1,False,0.011999999999999983,5,2088,5,0
rn1q1rk1/1bpp1ppp/pp2pn2/8/1bPP4/1PN1PN2/P3BPPP/R1BQ1RK1,True,0.0,17,2072,5,0
rn1q1rk1/1bpp1ppp/pp2pn2/8/1bPP4/1PN1PN2/PB2BPPP/R2Q1RK1,False,0.0,2,2088,5,0
rn3rk1/1bppqppp/pp2pn2/8/1bPP4/1PN1PN2/PB2BPPP/R2Q1RK1,True,0.07700000000000001,34,2072,5,0
rn3rk1/1bppqppp/pp2pn2/8/1bPP4/1PN1PN2/PB2BPPP/2RQ1RK1,False,0.73,7,2088,5,0
rn3rk1/1bp1qppp/pp2pn2/3p4/1bPP4/1PN1PN2/PB2BPPP/2RQ1RK1,True,0.028999999999999998,26,2072,5,0
rn3rk1/1bp1qppp/pp2pn2/3pN3/1bPP4/1PN1P3/PB2BPPP/2RQ1RK1,False,0.35400000000000004,9,2088,5,0
r4rk1/1bpnqppp/pp2pn2/3pN3/1bPP4/1PN1P3/PB2BPPP/2RQ1RK1,True,0.163,104,2072,5,0
r4rk1/1bpnqppp/pp2pn2/3PN3/1b1P4/1PN1P3/PB2BPPP/2RQ1RK1,False,0.0040000000000000036,7,2088,5,0
r4rk1/1bpnqppp/pp2p3/3nN3/1b1P4/1PN1P3/PB2BPPP/2RQ1RK1,True,0.0,2,2072,5,0
r4rk1/1bpnqppp/pp2p3/3NN3/1b1P4/1P2P3/PB2BPPP/2RQ1RK1,False,0.0,3,2088,5,0
r4rk1/2pnqppp/pp2p3/3bN3/1b1P4/1P2P3/PB2BPPP/2RQ1RK1,True,0.0,1,2072,5,0
r4rk1/2pnqppp/pp2p3/3bN3/1b1P4/1P2PB2/PB3PPP/2RQ1RK1,False,0.0010000000000000009,4,2088,5,0
r4rk1/2p1qppp/pp2p3/3bn3/1b1P4/1P2PB2/PB3PPP/2RQ1RK1,True,0.0,3,2072,5,0
r4rk1/2p1qppp/pp2p3/3bP3/1b6/1P2PB2/PB3PPP/2RQ1RK1,False,0.0,4,2088,5,0
r4rk1/2p1qppp/pp2p3/4P3/1b6/1P2Pb2/PB3PPP/2RQ1RK1,True,0.0,1,2072,5,0
r4rk1/2p1qppp/pp2p3/4P3/1b6/1P2PQ2/PB3PPP/2R2RK1,False,0.0,6,2088,5,0
3r1rk1/2p1qppp/pp2p3/4P3/1b6/1P2PQ2/PB3PPP/2R2RK1,True,0.0,2,2072,5,0
3r1rk1/2p1qppp/ppR1p3/4P3/1b6/1P2PQ2/PB3PPP/5RK1,False,0.189,5,2088,5,0
5rk1/2p1qppp/ppR1p3/4P3/1b6/1P2PQ2/PB1r1PPP/5RK1,True,0.001,5,2072,5,0
5rk1/2p1qppp/ppR1p3/4P3/1b1B4/1P2PQ2/P2r1PPP/5RK1,False,0.044,4,2088,5,0
5rk1/2p1qppp/ppR1p3/4P3/1b1B4/1P2PQ2/r4PPP/5RK1,True,0.0,3,2072,5,0
5rk1/2p1qppp/ppR1p3/4P3/1b1B4/1P2PQ2/r4PPP/2R3K1,False,0.0,14,2088,5,0
2r3k1/2p1qppp/ppR1p3/4P3/1b1B4/1P2PQ2/r4PPP/2R3K1,True,0.012999999999999998,1,2072,5,0
2r3k1/2p1qppp/pBR1p3/4P3/1b6/1P2PQ2/r4PPP/2R3K1,False,0.878,12,2088,5,0
2r3k1/2p1qppp/pBR1p3/b3P3/8/1P2PQ2/r4PPP/2R3K1,True,0.0,13,2072,5,0
2r3k1/2B1qppp/p1R1p3/b3P3/8/1P2PQ2/r4PPP/2R3K1,False,0.0,4,2088,5,0
2r3k1/2b1qppp/p1R1p3/4P3/8/1P2PQ2/r4PPP/2R3K1,True,0.0,1,2072,5,0
2r3k1/2R1qppp/p3p3/4P3/8/1P2PQ2/r4PPP/2R3K1,False,0.0,18,2088,5,0
6k1/2r1qppp/p3p3/4P3/8/1P2PQ2/r4PPP/2R3K1,True,0.0,2,2072,5,0
rnb2rk1/pp2ppbp/3p1np1/q1P5/2P1PP2/2N2N2/PP4PP/R1BQKB1R,True,0.0,8,2190,5,0
rnb2rk1/pp2ppbp/3p1np1/q1P5/2P1PP2/2NB1N2/PP4PP/R1BQK2R,False,0.061,12,2171,5,0
rnb2rk1/pp2ppbp/3p1np1/2q5/2P1PP2/2NB1N2/PP4PP/R1BQK2R,True,0.043000000000000003,4,2190,5,0
rnb2rk1/pp2ppbp/3p1np1/2q5/2P1PP2/2NB1N2/PP2Q1PP/R1B1K2R,False,0.0,17,2171,5,0
r1b2rk1/pp2ppbp/2np1np1/2q5/2P1PP2/2NB1N2/PP2Q1PP/R1B1K2R,True,0.0,6,2190,5,0
r1b2rk1/pp2ppbp/2np1np1/2q5/2P1PP2/2NBBN2/PP2Q1PP/R3K2R,False,0.0,15,2171,5,0
r1b2rk1/pp2ppbp/2np1np1/q7/2P1PP2/2NBBN2/PP2Q1PP/R3K2R,True,0.003,11,2190,5,0
r1b2rk1/pp2ppbp/2np1np1/q7/2P1PP2/2NBBN2/PP2Q1PP/R4RK1,False,0.10999999999999999,6,2171,5,0
r1b2rk1/pp2ppbp/2np2p1/q7/2P1PPn1/2NBBN2/PP2Q1PP/R4RK1,True,0.0,13,2190,5,0
r1b2rk1/pp2ppbp/2np2p1/q7/2P1PPn1/2NB1N2/PP1BQ1PP/R4RK1,False,0.0,3,2171,5,0
r1b2rk1/pp2ppbp/1qnp2p1/8/2P1PPn1/2NB1N2/PP1BQ1PP/R4RK1,True,0.0,11,2190,5,0
r1b2rk1/pp2ppbp/1qnp2p1/8/2P1PPn1/2NB1N2/PP1BQ1PP/R4R1K,False,0.007999999999999896,32,2171,5,0
r1b2rk1/pp3pbp/1qnpp1p1/8/2P1PPn1/2NB1N2/PP1BQ1PP/R4R1K,True,0.0,15,2190,5,0
r1b2rk1/pp3pbp/1qnpp1p1/8/P1P1PPn1/2NB1N2/1P1BQ1PP/R4R1K,False,0.013000000000000012,7,2171,5,0
r4rk1/pp1b1pbp/1qnpp1p1/8/P1P1PPn1/2NB1N2/1P1BQ1PP/R4R1K,True,0.0,7,2190,5,0
r4rk1/pp1b1pbp/1qnpp1p1/1N6/P1P1PPn1/3B1N2/1P1BQ1PP/R4R1K,False,0.956,84,2171,5,0
r4rk1/pp1bnpbp/1q1pp1p1/1N6/P1P1PPn1/3B1N2/1P1BQ1PP/R4R1K,True,0.031000000000000028,11,2190,5,0
r4rk1/pp1bnpbp/1q1pp1p1/PN6/2P1PPn1/3B1N2/1P1BQ1PP/R4R1K,False,0.0,2,2171,5,0
r4rk1/pp1bnpbp/2qpp1p1/PN6/2P1PPn1/3B1N2/1P1BQ1PP/R4R1K,True,0.0,14,2190,5,0
r4rk1/pp1bnpbp/2qpp1p1/PN6/2PNPPn1/3B4/1P1BQ1PP/R4R1K,False,0.0,21,2171,5,0
r1q2rk1/pp1bnpbp/3pp1p1/PN6/2PNPPn1/3B4/1P1BQ1PP/R4R1K,True,0.0,6,2190,5,0
r1q2rk1/pp1bnpbp/3pp1p1/PN6/2PNPPQ1/3B4/1P1B2PP/R4R1K,False,0.0,7,2171,5,0
r1q2rk1/pp1bnpbp/3p2p1/PN2p3/2PNPPQ1/3B4/1P1B2PP/R4R1K,True,0.866,12,2190,5,0
r1q2rk1/pp1bnpbp/3p2p1/PN2pN2/2P1PPQ1/3B4/1P1B2PP/R4R1K,False,0.0,11,2171,5,0
r1q2rk1/pp1bnpbp/3p4/PN2pp2/2P1PPQ1/3B4/1P1B2PP/R4R1K,True,0.0,5,2190,5,0
r1q2rk1/pp1bnpbp/3p4/PN2pP2/2P2PQ1/3B4/1P1B2PP/R4R1K,False,0.0,3,2171,5,0
r1q2rk1/pp1b1pbp/3p4/PN2pn2/2P2PQ1/3B4/1P1B2PP/R4R1K,True,0.0,7,2190,5,0
r1q2rk1/pp1b1pbp/3p4/PN2Pn2/2P3Q1/3B4/1P1B2PP/R4R1K,False,0.0,10,2171,5,0
rn1q1rk1/pbp2ppp/1p1ppn2/8/1bP5/2NP1NP1/PP2PPBP/R1BQ1RK1,True,0.20499999999999996,10,2457,5,0
rn1q1rk1/pbp2ppp/1p1ppn2/8/1bP5/P1NP1NP1/1P2PPBP/R1BQ1RK1,False,0.0,5,2269,5,0
rn1q1rk1/pbp2ppp/1p1ppn2/8/2P5/P1bP1NP1/1P2PPBP/R1BQ1RK1,True,0.0,5,2457,5,0
rn1q1rk1/pbp2ppp/1p1ppn2/8/2P5/P1PP1NP1/4PPBP/R1BQ1RK1,False,0.19400000000000003,7,2269,5,0
rn1q1rk1/pb3ppp/1p1ppn2/2p5/2P5/P1PP1NP1/4PPBP/R1BQ1RK1,True,0.0,4,2457,5,0
rn1q1rk1/pb3ppp/1p1ppn2/2p5/P1P5/2PP1NP1/4PPBP/R1BQ1RK1,False,0.0,12,2269,5,0
r2q1rk1/pb3ppp/1pnppn2/2p5/P1P5/2PP1NP1/4PPBP/R1BQ1RK1,True,0.0,12,2457,5,0
r2q1rk1/pb3ppp/1pnppn2/2p5/P1P5/2PP2P1/3NPPBP/R1BQ1RK1,False,0.0,20,2269,5,0
r4rk1/pbq2ppp/1pnppn2/2p5/P1P5/2PP2P1/3NPPBP/R1BQ1RK1,True,0.03300000000000001,4,2457,5,0
r4rk1/pbq2ppp/1pnppn2/2p5/P1P5/1NPP2P1/4PPBP/R1BQ1RK1,False,0.009000000000000001,11,2269,5,0
r4rk1/pbq2pp1/1pnppn1p/2p5/P1P5/1NPP2P1/4PPBP/R1BQ1RK1,True,0.0,18,2457,5,0
r4rk1/pbq2pp1/1pnppn1p/2p5/P1PP4/1NP3P1/4PPBP/R1BQ1RK1,False,0.002,15,2269,5,0
r4rk1/pbq1npp1/1p1ppn1p/2p5/P1PP4/1NP3P1/4PPBP/R1BQ1RK1,True,0.0,26,2457,5,0
r4rk1/pBq1npp1/1p1ppn1p/2p5/P1PP4/1NP3P1/4PP1P/R1BQ1RK1,False,0.0,6,2269,5,0
r4rk1/pq2npp1/1p1ppn1p/2p5/P1PP4/1NP3P1/4PP1P/R1BQ1RK1,True,0.002,1,2457,5,0
r4rk1/pq2npp1/1p1ppn1p/P1p5/2PP4/1NP3P1/4PP1P/R1BQ1RK1,False,0.007,12,2269,5,0
r4rk1/pq2npp1/1p1pp2p/P1p5/2PPn3/1NP3P1/4PP1P/R1BQ1RK1,True,0.0,23,2457,5,0
r4rk1/pq2npp1/1p1pp2p/P1p5/2PPn3/1NPQ2P1/4PP1P/R1B2RK1,False,0.0,9,2269,5,0
r4rk1/pq2n1p1/1p1pp2p/P1p2p2/2PPn3/1NPQ2P1/4PP1P/R1B2RK1,True,0.0,15,2457,5,0
r4rk1/pq2n1p1/1p1pp2p/P1p2p2/2PPn3/1NPQ1PP1/4P2P/R1B2RK1,False,0.0,10,2269,5,0
r4rk1/pq2n1p1/1p1ppn1p/P1p2p2/2PP4/1NPQ1PP1/4P2P/R1B2RK1,True,0.0,23,2457,5,0
r4rk1/pq2n1p1/1p1ppn1p/P1p2p2/2PP4/BNPQ1PP1/4P2P/R4RK1,False,0.003,14,2269,5,0
3r1rk1/pq2n1p1/1p1ppn1p/P1p2p2/2PP4/BNPQ1PP1/4P2P/R4RK1,True,0.0,17,2457,5,0
3r1rk1/pq2n1p1/1p1ppn1p/P1p2p2/2PP4/BNP1QPP1/4P2P/R4RK1,False,0.0,19,2269,5,0
2qr1rk1/p3n1p1/1p1ppn1p/P1p2p2/2PP4/BNP1QPP1/4P2P/R4RK1,True,0.0,8,2457,5,0
2qr1rk1/p3n1p1/1P1ppn1p/2p2p2/2PP4/BNP1QPP1/4P2P/R4RK1,False,0.0,4,2269,5,0
2qr1rk1/4n1p1/1p1ppn1p/2p2p2/2PP4/BNP1QPP1/4P2P/R4RK1,True,0.0,8,2457,5,0
2qr1rk1/4n1p1/1p1ppn1p/2p2p2/2PP4/BNP1QPP1/4P2P/R1R3K1,False,0.0,6,2269,5,0
2qr1rk1/6p1/1p1ppnnp/2p2p2/2PP4/BNP1QPP1/4P2P/R1R3K1,True,0.0,9,2457,5,0
2qr1rk1/6p1/1p1ppnnp/2p2p2/2PP4/1NP1QPP1/1B2P2P/R1R3K1,False,0.0,6,2269,5,0
2qr1rk1/6p1/1p1ppnnp/2p5/2PP1p2/1NP1QPP1/1B2P2P/R1R3K1,True,0.0,8,2457,5,0
2qr1rk1/6p1/1p1ppnnp/2p5/2PP1p2/1NPQ1PP1/1B2P2P/R1R3K1,False,0.0,27,2269,5,0
2qr1rk1/4n1p1/1p1ppn1p/2p5/2PP1p2/1NPQ1PP1/1B2P2P/R1R3K1,True,0.0,10,2457,5,0
2qr1rk1/4n1p1/1p1ppn1p/2p5/2PP1P2/1NPQ1P2/1B2P2P/R1R3K1,False,0.001,12,2269,5,0
2qr1rk1/6p1/1p1ppn1p/2p2n2/2PP1P2/1NPQ1P2/1B2P2P/R1R3K1,True,0.001,29,2457,5,0
2qr1rk1/R5p1/1p1ppn1p/2p2n2/2PP1P2/1NPQ1P2/1B2P2P/2R3K1,False,0.0,13,2269,5,0
2qr1rk1/R5p1/1p1pp2p/2p2n1n/2PP1P2/1NPQ1P2/1B2P2P/2R3K1,True,0.0,12,2457,5,0
2qr1rk1/R5p1/1p1pp2p/2p2n1n/2PP1P2/1NPQPP2/1B5P/2R3K1,False,0.0,21,2269,5,0
2qr1rk1/R5p1/1p2p2p/2pp1n1n/2PP1P2/1NPQPP2/1B5P/2R3K1,True,0.002,33,2457,5,0
2qr1rk1/R5p1/1p2p2p/2pp1n1n/2PP1P2/1NPQPP2/1B5P/2R4K,False,0.004,11,2269,5,0
2qr1rk1/R5p1/1p2p2p/2p2n1n/2pP1P2/1NPQPP2/1B5P/2R4K,True,0.0,21,2457,5,0
2qr1rk1/R5p1/1p2p2p/2p2n1n/2QP1P2/1NP1PP2/1B5P/2R4K,False,0.006,15,2269,5,0
2qr1rk1/R5p1/1p2p2p/2p4n/2QP1P2/1NP1nP2/1B5P/2R4K,True,0.0,3,2457,5,0
2qr1rk1/R5p1/1p2p2p/2p4n/3P1P2/1NP1nP2/1B2Q2P/2R4K,False,0.0,26,2269,5,0
2qr1rk1/R5p1/1p2p2p/2pn3n/3P1P2/1NP2P2/1B2Q2P/2R4K,True,0.0,12,2457,5,0
2qr1rk1/R5p1/1p2p2p/2pnQ2n/3P1P2/1NP2P2/1B5P/2R4K,False,0.0,10,2269,5,0
2qr2k1/R5p1/1p2p2p/2pnQr1n/3P1P2/1NP2P2/1B5P/2R4K,True,0.0,67,2457,5,0
2qr2k1/R5p1/1p2p2p/2pn1r1n/3P1P2/1NP2P2/1B5P/2R1Q2K,False,0.0,6,2269,5,0
2qr2k1/R5p1/1p2p2p/3n1r1n/2pP1P2/1NP2P2/1B5P/2R1Q2K,True,0.0,11,2457,5,0
2qr2k1/R5p1/1p2p2p/3n1r1n/2pP1P2/2P2P2/1B1N3P/2R1Q2K,False,0.0,5,2269,5,0
2qr2k1/R5p1/1p2p2p/5r1n/2pP1n2/2P2P2/1B1N3P/2R1Q2K,True,0.0,19,2457,5,0
2qr2k1/R5p1/1p2p2p/5r1n/2pP1n1Q/2P2P2/1B1N3P/2R4K,False,0.0,24,2269,5,0
2qr2k1/R5p1/1p2p2p/5r1n/2pP3Q/2Pn1P2/1B1N3P/2R4K,True,0.0,3,2457,5,0
2qr2k1/R5p1/1p2p2p/5r1n/2pP3Q/2Pn1P2/1B1N3P/6RK,False,0.0,47,2269,5,0
2qr2k1/R5p1/1p2p2p/5r1n/2pP3Q/2P2P2/1n1N3P/6RK,True,0.0,3,2457,5,0
2qr2k1/R5p1/1p2p2p/5r1Q/2pP4/2P2P2/1n1N3P/6RK,False,0.0,4,2269,5,0
2qr2k1/R5p1/1p2p2p/7r/2pP4/2P2P2/1n1N3P/6RK,True,0.0,13,2457,5,0
rn1q1rk1/ppp1bppp/3p4/3n4/3P2b1/3B1N2/PPP2PPP/RNBQ1RK1,True,0.0,10,2077,5,0
rn1q1rk1/ppp1bppp/3p4/3n4/2PP2b1/3B1N2/PP3PPP/RNBQ1RK1,False,0.0,6,2112,5,0
rn1q1rk1/ppp1bppp/3p4/3n4/2PP4/3B1b2/PP3PPP/RNBQ1RK1,True,0.0,3,2077,5,0
rn1q1rk1/ppp1bppp/3p4/3n4/2PP4/3B1Q2/PP3PPP/RNB2RK1,False,0.0,3,2112,5,0
rn1q1rk1/ppp1bppp/3p1n2/8/2PP4/3B1Q2/PP3PPP/RNB2RK1,True,0.0,6,2077,5,0
rn1q1rk1/ppp1bppp/3p1n2/8/2PP4/2NB1Q2/PP3PPP/R1B2RK1,False,0.0,18,2112,5,0
rn1q1rk1/ppp1bpp1/3p1n1p/8/2PP4/2NB1Q2/PP3PPP/R1B2RK1,True,0.0,14,2077,5,0
rn1q1rk1/ppp1bpp1/3p1n1p/8/2PP4/2NBBQ2/PP3PPP/R4RK1,False,0.0,3,2112,5,0
r2q1rk1/pppnbpp1/3p1n1p/8/2PP4/2NBBQ2/PP3PPP/R4RK1,True,0.0,19,2077,5,0
r2q1rk1/pQpnbpp1/3p1n1p/8/2PP4/2NBB3/PP3PPP/R4RK1,False,0.0,3,2112,5,0
1r1q1rk1/pQpnbpp1/3p1n1p/8/2PP4/2NBB3/PP3PPP/R4RK1,True,0.0,1,2077,5,0
1r1q1rk1/Q1pnbpp1/3p1n1p/8/2PP4/2NBB3/PP3PPP/R4RK1,False,0.016000000000000014,9,2112,5,0
3q1rk1/Q1pnbpp1/3p1n1p/8/2PP4/2NBB3/Pr3PPP/R4RK1,True,0.0040000000000000036,13,2077,5,0
3q1rk1/Q1pnbpp1/3p1n1p/8/2PP4/2NBB3/Pr3PPP/1R3RK1,False,0.0,6,2112,5,0
3q1rk1/Q1pnbpp1/3p1n1p/8/2PP4/2NBB3/P4PPP/1r3RK1,True,0.0,2,2077,5,0
3q1rk1/Q1pnbpp1/3p1n1p/8/2PP4/2NBB3/P4PPP/1R4K1,False,0.0,5,2112,5,0
3q1rk1/Q1pnbpp1/3p3p/8/2PP2n1/2NBB3/P4PPP/1R4K1,True,0.030000000000000027,9,2077,5,0
3q1rk1/QRpnbpp1/3p3p/8/2PP2n1/2NBB3/P4PPP/6K1,False,0.0,7,2112,5,0
3q1rk1/QRpnbpp1/3p3p/8/2PP4/2NBn3/P4PPP/6K1,True,0.961,1,2077,5,0
3q1rk1/QRpnbpp1/3p3p/8/2PP4/2NBP3/P5PP/6K1,False,0.0,2,2112,5,0
3q1rk1/QRpn1pp1/3p3p/6b1/2PP4/2NBP3/P5PP/6K1,True,0.0,38,2077,5,0
3q1rk1/QRpn1pp1/3p3p/6b1/2PP4/3BP3/P5PP/3N2K1,False,0.0,10,2112,5,0
5rk1/QRpnqpp1/3p3p/6b1/2PP4/3BP3/P5PP/3N2K1,True,0.008,16,2077,5,0
5rk1/QRpnqpp1/3p3p/3P2b1/2P5/3BP3/P5PP/3N2K1,False,0.0,20,2112,5,0
5rk1/QRp1qpp1/3p3p/2nP2b1/2P5/3BP3/P5PP/3N2K1,True,0.0,10,2077,5,0
5rk1/Q1R1qpp1/3p3p/2nP2b1/2P5/3BP3/P5PP/3N2K1,False,0.0,3,2112,5,0
5rk1/Q1R1qpp1/3p3p/2nP4/2P5/3Bb3/P5PP/3N2K1,True,0.0,6,2077,4,0
5rk1/Q1R1qpp1/3p3p/2nP4/2P5/3Bb3/P5PP/3N3K,False,0.0,22,2112,5,0
5rk1/Q1R2pp1/3p3p/2nPq3/2P5/3Bb3/P5PP/3N3K,True,0.0,102,2077,5,0
5rk1/Q1R2pp1/3p3p/2nPq3/2P5/4b3/P5PP/3N1B1K,False,0.0,67,2112,5,0
5rk1/Q1R2pp1/3p3p/3Pq3/2P5/3nb3/P5PP/3N1B1K,True,0.0,5,2077,5,0
5rk1/2R2pp1/3p3p/3Pq3/2P5/3nQ3/P5PP/3N1B1K,False,0.0,17,2112,5,0
5rk1/2R2pp1/3p3p/3P4/2P5/3nq3/P5PP/3N1B1K,True,0.0,2,2077,5,0
5rk1/2R2pp1/3p3p/3P4/2P5/3nN3/P5PP/5B1K,False,0.0,11,2112,5,0
4r1k1/2R2pp1/3p3p/3P4/2P5/3nN3/P5PP/5B1K,True,0.0,24,2077,5,0
4r1k1/2R2pp1/3p3p/3P4/2P5/3BN3/P5PP/7K,False,0.0,3,2112,5,0
6k1/2R2pp1/3p3p/3P4/2P5/3Br3/P5PP/7K,True,0.0,2,2077,5,0
6k1/2R2pp1/3p3p/3P4/2P5/4r3/P5PP/5B1K,False,0.0,5,2112,5,0
6k1/2R2pp1/3p3p/3P4/2P5/8/P5PP/4rB1K,True,0.0,1,2077,5,0
6k1/2R2pp1/3p3p/3P4/2P5/8/P5PP/4rBK1,False,0.0,3,2112,5,0
6k1/2R2pp1/3p3p/3P4/2P5/8/P5PP/r4BK1,True,0.0,3,2077,5,0
6k1/R4pp1/3p3p/3P4/2P5/8/P5PP/r4BK1,False,0.0,3,2112,5,0
6k1/R4p2/3p2pp/3P4/2P5/8/P5PP/r4BK1,True,0.0,2,2077,5,0
6k1/R4p2/3p2pp/3P4/P1P5/8/6PP/r4BK1,False,0.0,4,2112,5,0
8/R4pk1/3p2pp/3P4/P1P5/8/6PP/r4BK1,True,0.0,1,2077,5,0
8/R4pk1/3p2pp/P2P4/2P5/8/6PP/r4BK1,False,0.0,1,2112,5,0
8/R4p2/3p1kpp/P2P4/2P5/8/6PP/r4BK1,True,0.0,1,2077,5,0
8/R4p2/P2p1kpp/3P4/2P5/8/6PP/r4BK1,False,0.0,1,2112,5,0
8/R4p2/P2p2pp/3Pk3/2P5/8/6PP/r4BK1,True,0.0,3,2077,5,0
R7/5p2/P2p2pp/3Pk3/2P5/8/6PP/r4BK1,False,0.0,4,2112,5,0
R7/5p2/P2p2pp/3P4/2Pk4/8/6PP/r4BK1,True,0.0,1,2077,5,0
R7/P4p2/3p2pp/3P4/2Pk4/8/6PP/r4BK1,False,0.0,1,2112,5,0
R7/P7/3p2pp/3P1p2/2Pk4/8/6PP/r4BK1,True,0.0,6,2077,5,0
R7/P7/3p2pp/2PP1p2/3k4/8/6PP/r4BK1,False,0.0,10,2112,5,0
R7/P7/3p2pp/2Pk1p2/8/8/6PP/r4BK1,True,0.0,6,2077,5,0
rn1q1rk1/pp2ppbp/2pp1np1/8/2PP2b1/6P1/PP2PPBP/RNBQNRK1,True,0.0040000000000000036,1,2191,5,0
rn1q1rk1/pp2ppbp/2pp1np1/8/2PP2b1/6PP/PP2PPB1/RNBQNRK1,False,0.0,2,2057,5,0
rn1q1rk1/pp1bppbp/2pp1np1/8/2PP4/6PP/PP2PPB1/RNBQNRK1,True,0.03900000000000001,1,2191,5,0
rn1q1rk1/pp1bppbp/2pp1np1/8/2PP4/2N3PP/PP2PPB1/R1BQNRK1,False,0.0,1,2057,5,0
rn1q1rk1/1p1bppbp/2pp1np1/p7/2PP4/2N3PP/PP2PPB1/R1BQNRK1,True,0.0,5,2191,5,0
rn1q1rk1/1p1bppbp/2pp1np1/p7/2PPP3/2N3PP/PP3PB1/R1BQNRK1,False,0.16299999999999992,2,2057,5,0
r2q1rk1/1p1bppbp/n1pp1np1/p7/2PPP3/2N3PP/PP3PB1/R1BQNRK1,True,0.353,2,2191,5,0
r2q1rk1/1p1bppbp/n1pp1np1/p7/2PPP3/2N1B1PP/PP3PB1/R2QNRK1,False,0.07599999999999996,1,2057,5,0
1r1q1rk1/1p1bppbp/n1pp1np1/p7/2PPP3/2N1B1PP/PP3PB1/R2QNRK1,True,0.0,6,2191,5,0
1r1q1rk1/1p1bppbp/n1pp1np1/p7/P1PPP3/2N1B1PP/1P3PB1/R2QNRK1,False,0.376,1,2057,5,0
1r1q1rk1/3bppbp/n1pp1np1/pp6/P1PPP3/2N1B1PP/1P3PB1/R2QNRK1,True,0.05700000000000005,1,2191,5,0
1r1q1rk1/3bppbp/n1pp1np1/pP6/2PPP3/2N1B1PP/1P3PB1/R2QNRK1,False,0.0,1,2057,5,0
1r1q1rk1/3bppbp/n2p1np1/pp6/2PPP3/2N1B1PP/1P3PB1/R2QNRK1,True,0.31899999999999995,2,2191,5,0
1r1q1rk1/3bppbp/n2p1np1/pP6/3PP3/2N1B1PP/1P3PB1/R2QNRK1,False,0.0,2,2057,5,0
1r1q1rk1/4ppbp/n2p1np1/pb6/3PP3/2N1B1PP/1P3PB1/R2QNRK1,True,0.09000000000000008,16,2191,5,0
1r1q1rk1/4ppbp/n2p1np1/pb6/3PP3/2NNB1PP/1P3PB1/R2Q1RK1,False,0.0,6,2057,5,0
1r1q1rk1/4ppbp/n2p1np1/p7/3PP3/2NbB1PP/1P3PB1/R2Q1RK1,True,0.0,1,2191,5,0
3q1rk1/4ppbp/n2p1np1/p7/3PP3/2NQB1PP/1r3PB1/R4RK1,True,0.0,1,2191,5,0
3q1rk1/4ppbp/n2p1np1/p7/3PP3/2N1B1PP/1r1Q1PB1/R4RK1,False,0.0,2,2057,5,0
r1bqk1nr/pp3ppp/2pb4/3P4/2Bp4/8/PPPP1PPP/RNBQ1RK1,True,0.0,4,2109,5,0
r1bqk1nr/pp3ppp/2Pb4/8/2Bp4/8/PPPP1PPP/RNBQ1RK1,False,0.0,2,2090,5,0
r1bqk2r/pp3ppp/2Pb1n2/8/2Bp4/8/PPPP1PPP/RNBQ1RK1,True,0.0030000000000000027,5,2109,5,0
r1bqk2r/pp3ppp/2Pb1n2/8/2Bp4/3P4/PPP2PPP/RNBQ1RK1,False,0.0,4,2090,5,0
r1bqk2r/pp3pp1/2Pb1n2/7p/2Bp4/3P4/PPP2PPP/RNBQ1RK1,True,0.006000000000000005,4,2109,5,0
r1bqk2r/pp3pp1/2Pb1n2/6Bp/2Bp4/3P4/PPP2PPP/RN1Q1RK1,False,0.0,103,2090,5,0
r1bqk2r/pp3pp1/2P2n2/6Bp/2Bp4/3P4/PPP2PPb/RN1Q1RK1,True,0.643,4,2109,2,0
r1bqk2r/pp3pp1/2P2n2/6Bp/2Bp4/3P4/PPP2PPK/RN1Q1R2,False,0.0,6,2090,5,0
r1bqk2r/pp3pp1/2P5/6Bp/2Bp2n1/3P4/PPP2PPK/RN1Q1R2,True,0.0,9,2109,5,0
r1bqk2r/pp3pp1/2P5/6Bp/2Bp2n1/3P4/PPP2PP1/RN1Q1RK1,False,0.0,6,2090,5,0
r1b1k2r/pp3pp1/2P5/6qp/2Bp2n1/3P4/PPP2PP1/RN1Q1RK1,True,0.0010000000000000009,2,2109,5,0
r1b1k2r/pp3pp1/2P5/6qp/2Bp2n1/3P1Q2/PPP2PP1/RN3RK1,False,0.0,26,2090,5,0
r1b1k2r/pp3pp1/2P5/4n1qp/2Bp4/3P1Q2/PPP2PP1/RN3RK1,True,0.0,7,2109,5,0
r1b1k2r/pp3pp1/2P5/4n1qp/2Bp4/3P1Q2/PPP2PP1/RN2R1K1,False,0.0,8,2090,5,0
r1b2rk1/pp3pp1/2P5/4n1qp/2Bp4/3P1Q2/PPP2PP1/RN2R1K1,True,0.996,12,2109,5,0
r1b2rk1/pp3pp1/2P5/3Qn1qp/2Bp4/3P4/PPP2PP1/RN2R1K1,False,0.0,31,2090,5,0
r1b1r1k1/pp3pp1/2P5/3Qn1qp/2Bp4/3P4/PPP2PP1/RN2R1K1,True,0.988,37,2109,5,0
r1b1r1k1/pP3pp1/8/3Qn1qp/2Bp4/3P4/PPP2PP1/RN2R1K1,False,0.0,7,2090,5,0
r3r1k1/pb3pp1/8/3Qn1qp/2Bp4/3P4/PPP2PP1/RN2R1K1,True,0.0,1,2109,5,0
r3r1k1/pQ3pp1/8/4n1qp/2Bp4/3P4/PPP2PP1/RN2R1K1,False,0.139,4,2090,5,0
r3r1k1/pQ3pp1/8/6qp/2np4/3P4/PPP2PP1/RN2R1K1,True,0.016000000000000004,4,2109,5,0
4r1k1/pQ3pp1/8/6qp/2np4/3P4/PPP2PP1/RN4K1,True,0.0,28,2109,5,0
4r1k1/pQ3pp1/8/6qp/2np4/N2P4/PPP2PP1/R5K1,False,0.0,26,2090,5,0
4r1k1/pQ3pp1/8/4n1qp/3p4/N2P4/PPP2PP1/R5K1,True,0.0,30,2109,5,0
4r1k1/pQ3pp1/8/1N2n1qp/3p4/3P4/PPP2PP1/R5K1,False,0.0,7,2090,5,0
6k1/pQ2rpp1/8/1N2n1qp/3p4/3P4/PPP2PP1/R5K1,True,0.0,4,2109,5,0
Q7/p3rppk/8/1N2n1qp/3p4/3P4/PPP2PP1/R5K1,True,0.0,4,2109,5,0
Q7/p3rppk/8/4n1qp/3N4/3P4/PPP2PP1/R5K1,False,0.0,2,2090,5,0
Q7/p3rppk/8/4n2p/3N2q1/3P4/PPP2PP1/R5K1,True,0.0,11,2109,5,0
Q7/p3rppk/8/4n2p/6q1/3P1N2/PPP2PP1/R5K1,False,0.0,11,2090,5,0
Q7/p3rppk/6n1/7p/6q1/3P1N2/PPP2PP1/R5K1,True,0.0,8,2109,5,0
Q7/p3rppk/6n1/7p/6q1/3P1N2/PPP2PP1/4R1K1,False,0.0,3,2090,5,0
Q7/p3rppk/8/7p/5nq1/3P1N2/PPP2PP1/4R1K1,True,0.0,7,2109,5,0
Q7/p3rppk/8/7p/5nq1/3P1NP1/PPP2P2/4R1K1,False,0.0,1,2090,5,0
Q7/p3rppk/8/7p/6q1/3P1NPn/PPP2P2/4R1K1,True,0.0,3,2109,4,0
Q7/p3rppk/8/7p/6q1/3P1NPn/PPP2PK1/4R3,False,0.0,2,2090,5,0
Q7/p3rppk/8/7p/5nq1/3P1NP1/PPP2PK1/4R3,True,0.033,4,2109,4,0
Q7/p3rppk/8/7p/5nq1/3P1NP1/PPP2P2/4R1K1,False,0.0,1,2090,5,0
Q7/p3rppk/8/7p/6q1/3P1NPn/PPP2P2/4R1K1,True,0.0,1,2109,4,0
Q7/p3rppk/8/7p/6q1/3P1NPn/PPP2P1K/4R3,False,0.0,2,2090,5,0
Q7/p3rppk/8/7p/6q1/3P1NP1/PPP2n1K/4R3,True,0.0,6,2109,5,0
Q7/p3Rppk/8/7p/6q1/3P1NP1/PPP2n1K/8,False,0.0,6,2090,5,0
Q7/p3Rppk/8/7p/8/3P1NPq/PPP2n1K/8,True,0.0,1,2109,1,0
Q7/p3Rppk/8/7p/8/3P1NPq/PPP2n2/6K1,False,0.0,1,2090,5,0
Q7/p3Rppk/8/7p/8/3P1Nq1/PPP2n2/6K1,True,0.0,1,2109,1,0
Q7/p3Rppk/8/7p/8/3P1Nq1/PPP2n2/5K2,False,0.0,3,2090,5,0
Q7/p3Rppk/8/7p/8/3P1Nqn/PPP5/5K2,True,0.0,13,2109,5,0
Q7/p4ppk/8/7p/8/3P1Nqn/PPP1R3/5K2,False,0.0,3,2090,5,0
Q7/p4ppk/8/7p/5n2/3P1Nq1/PPP1R3/5K2,True,0.0,5,2109,5,0
8/p5pk/8/5p1p/4Qn2/3P1Nq1/PPP1R3/5K2,True,0.0,2,2109,5,0
8/p5p1/7k/5Q1p/5n2/3P1Nq1/PPP1R3/5K2,True,0.0,33,2109,5,0
8/p7/4R1pk/5Q1p/5n2/3P1Nq1/PPP5/5K2,True,0.0,4,2109,5,0
r1bqkb1r/1p1n1ppp/p2ppn2/8/3NP3/2N5/PPP1BPPP/R1BQ1RK1,True,0.404,14,2293,5,0
r1bqkb1r/1p1n1ppp/p2ppn2/8/3NPP2/2N5/PPP1B1PP/R1BQ1RK1,False,0.020000000000000018,2,2482,5,0
r1bqkb1r/3n1ppp/p2ppn2/1p6/3NPP2/2N5/PPP1B1PP/R1BQ1RK1,True,0.115,10,2293,5,0
r1bqkb1r/3n1ppp/p2ppn2/1p6/3NPP2/2N2B2/PPP3PP/R1BQ1RK1,False,0.0,1,2482,5,0
r2qkb1r/1b1n1ppp/p2ppn2/1p6/3NPP2/2N2B2/PPP3PP/R1BQ1RK1,True,0.173,11,2293,5,0
r2qkb1r/1b1n1ppp/p2ppn2/1p6/3NPP2/P1N2B2/1PP3PP/R1BQ1RK1,False,0.1439999999999999,2,2482,5,0
2rqkb1r/1b1n1ppp/p2ppn2/1p6/3NPP2/P1N2B2/1PP3PP/R1BQ1RK1,True,0.402,1,2293,5,0
2rqkb1r/1b1n1ppp/p2ppn2/1p6/3NPP2/P1N2B2/1PP3PP/R1BQ1R1K,False,0.0,20,2482,5,0
3qkb1r/1b1n1ppp/p2ppn2/1p6/3NPP2/P1r2B2/1PP3PP/R1BQ1R1K,True,0.0,2,2293,5,0
3qkb1r/1b1n1ppp/p2ppn2/1p6/3NPP2/P1P2B2/2P3PP/R1BQ1R1K,False,0.0,1,2482,5,0
3qkb1r/1b1n1ppp/p2pp3/1p6/3NnP2/P1P2B2/2P3PP/R1BQ1R1K,True,0.31899999999999995,18,2293,5,0
3qkb1r/1b1n1ppp/p2pp3/1p6/3NnP2/P1P2B2/2P3PP/R1B1QR1K,False,0.0,9,2482,5,0
3qkb1r/1b3ppp/p2pp3/1pn5/3NnP2/P1P2B2/2P3PP/R1B1QR1K,True,0.0,3,2293,5,0
3qkb1r/1b3ppp/p2pp3/1pn5/P2NnP2/2P2B2/2P3PP/R1B1QR1K,False,0.0,2,2482,5,0
3qkb1r/1b3ppp/p2pp3/2n5/p2NnP2/2P2B2/2P3PP/R1B1QR1K,True,0.44499999999999995,13,2293,5,0
3qkb1r/1b3ppp/p2pp3/2n5/p2NnP2/B1P2B2/2P3PP/R3QR1K,False,0.0,9,2482,5,0
3qkb1r/1b3ppp/p3p3/2np4/p2NnP2/B1P2B2/2P3PP/R3QR1K,True,0.0,18,2293,5,0
3qkb1r/1b3ppp/p3p3/2np4/p2NnP2/B1P1QB2/2P3PP/R4R1K,False,0.008000000000000007,11,2482,5,0
3qk2r/1b2bppp/p3p3/2np4/p1PNnP2/B3QB2/2P3PP/R4R1K,False,0.0,14,2482,5,0
3q1rk1/1b2bppp/p3p3/2np4/p1PNnP2/B3QB2/2P3PP/R4R1K,True,0.0,6,2293,5,0
3q1rk1/1b2bppp/p3p3/2nP4/p2NnP2/B3QB2/2P3PP/R4R1K,False,0.0,30,2482,5,0
3q1rk1/1b2bppp/p7/2np4/p2NnP2/B3QB2/2P3PP/R4R1K,True,0.0,19,2293,5,0
3q1rk1/1b2bppp/p7/2np4/p2NnP2/B3QB2/2P3PP/1R3R1K,False,0.0,17,2482,5,0
b2q1rk1/4bppp/p7/2np4/p2NnP2/B3QB2/2P3PP/1R3R1K,True,0.0,2,2293,5,0
b2q1rk1/4bppp/p7/2np1N2/p3nP2/B3QB2/2P3PP/1R3R1K,False,0.0,9,2482,5,0
b2q1rk1/4bppp/p7/2n2N2/p2pnP2/B3QB2/2P3PP/1R3R1K,True,0.0,57,2293,5,0
b4rk1/4qppp/p7/2n5/p2pnP2/B3QB2/2P3PP/1R3R1K,True,0.0,3,2293,5,0
b4rk1/4qppp/p7/2n5/p2QnP2/B4B2/2P3PP/1R3R1K,False,0.0,8,2482,5,0
b2r2k1/4qppp/p7/2n5/p2QnP2/B4B2/2P3PP/1R3R1K,True,1.0,47,2293,5,0
b2r2k1/4qppp/p7/2n5/Q3nP2/B4B2/2P3PP/1R3R1K,False,0.0,26,2482,5,0
b2r2k1/4q1pp/p7/2n2p2/Q3nP2/B4B2/2P3PP/1R3R1K,True,0.0,13,2293,5,0
b2r2k1/4q1pp/p7/Q1n2p2/4nP2/B4B2/2P3PP/1R3R1K,False,0.0,23,2482,5,0
b1r3k1/4q1pp/p7/Q1n2p2/4nP2/B4B2/2P3PP/1R3R1K,True,0.0010000000000000009,23,2293,5,0
b1r3k1/4q1pp/p7/Q1n2p2/4nP2/B4B2/2P3PP/1R2R2K,False,0.0,43,2482,5,0
b1r3k1/5qpp/p7/Q1n2p2/4nP2/B4B2/2P3PP/1R2R2K,True,0.0,4,2293,5,0
b1r3k1/5qpp/p7/Q1B2p2/4nP2/5B2/2P3PP/1R2R2K,False,0.0,9,2482,5,0
b5k1/5qpp/p7/Q1r2p2/4nP2/5B2/2P3PP/1R2R2K,True,0.0,1,2293,5,0
b2Q1qk1/6pp/p7/2r2p2/4nP2/5B2/2P3PP/1R2R2K,True,0.0,3,2293,5,0
b4k2/6pp/p7/2r2p2/4nP2/5B2/2P3PP/1R2R2K,True,0.0,1,2293,5,0
bR6/5kpp/p7/2r2p2/4nP2/5B2/2P3PP/4R2K,True,0.0,2,2293,5,0
R7/5kpp/p7/2r2p2/4nP2/5B2/2P3PP/4R2K,False,0.0,1,2482,5,0
R7/5kpp/p7/5p2/4nP2/5B2/2r3PP/4R2K,True,0.0,1,2293,5,0
R7/5kpp/p7/5p2/4BP2/8/2r3PP/4R2K,False,0.0,1,2482,5,0
8/R5pp/p4k2/8/4pP2/8/2r3PP/4R2K,True,0.0,2,2293,5,0
8/6pp/R7/5k2/4pP2/8/2r3PP/4R2K,True,0.0,2,2293,5,0
8/6pp/R7/5k2/4pP2/6P1/2r4P/4R2K,False,0.0,1,2482,5,0
8/6pp/R7/8/4pPk1/6P1/2r4P/4R2K,True,0.0,2,2293,5,0
8/6pp/8/R7/4pPk1/6P1/2r4P/4R2K,False,0.0,2,2482,5,0
8/6p1/7p/R7/4pPk1/6P1/2r4P/4R2K,True,0.0,4,2293,5,0
8/6p1/7p/R7/4pPk1/4R1P1/2r4P/7K,False,0.0,4,2482,5,0
8/6p1/7p/R7/4pP2/4R1Pk/2r4P/7K,True,0.0,2,2293,5,0
8/6p1/7p/R7/4RP2/6Pk/2r4P/7K,False,0.0,1,2482,5,0
8/6p1/7p/R7/4RP2/6Pk/7P/2r4K,True,0.0,3,2293,1,0
r1bqk2r/pppnbppp/4pn2/6B1/3P4/2NB1N2/PPP3PP/R2QK2R,True,0.0,1,2653,5,0
r1bqk2r/pppnbppp/4pn2/6B1/3P4/2NB1N2/PPP3PP/R2Q1RK1,False,0.253,2,2059,5,0
r1bq1rk1/pppnbppp/4pn2/6B1/3P4/2NB1N2/PPP3PP/R2Q1RK1,True,0.09999999999999999,1,2653,5,0
r1bq1rk1/pppnbppp/4pn2/6B1/3P4/2NB1N2/PPP3PP/R3QRK1,False,0.0,5,2059,5,0
r1bq1rk1/p1pnbppp/1p2pn2/6B1/3P4/2NB1N2/PPP3PP/R3QRK1,True,0.75,2,2653,5,0
r1bq1rk1/p1pnbppp/1p2pn2/6B1/3P3Q/2NB1N2/PPP3PP/R4RK1,False,0.0,8,2059,5,0
r1bq1rk1/p1pnbpp1/1p2pn1p/6B1/3P3Q/2NB1N2/PPP3PP/R4RK1,True,0.0,11,2653,5,0
r1bq1rk1/p1pnbpp1/1p2pn1B/8/3P3Q/2NB1N2/PPP3PP/R4RK1,False,0.0,84,2059,5,0
r1bq1rk1/p1pnbpp1/1p2p2B/3n4/3P3Q/2NB1N2/PPP3PP/R4RK1,True,0.0,6,2653,5,0
r1bq1rk1/p1pnbpp1/1p2p3/3n2B1/3P3Q/2NB1N2/PPP3PP/R4RK1,False,0.0,9,2059,5,0
r1bq1rk1/p1pnbp2/1p2p1p1/3n2B1/3P3Q/2NB1N2/PPP3PP/R4RK1,True,0.0,5,2653,5,0
r1bq1rk1/p1pnbp2/1p2p1p1/3N2B1/3P3Q/3B1N2/PPP3PP/R4RK1,False,0.0,102,2059,5,0
r1bq1rk1/p1pnb3/1p2ppp1/3N2B1/3P3Q/3B1N2/PPP3PP/R4RK1,True,0.0,9,2653,5,0
r1bq1rk1/p1pnb3/1p2ppB1/3N2B1/3P3Q/5N2/PPP3PP/R4RK1,False,0.0,14,2059,5,0
r1bq2k1/p1pnbr2/1p2ppB1/3N2B1/3P3Q/5N2/PPP3PP/R4RK1,True,0.0,3,2653,5,0
r1bq4/p1pnbk2/1p2pp2/3N2B1/3P3Q/5N2/PPP3PP/R4RK1,True,0.0,2,2653,5,0
r1bqk3/p1pnb2Q/1p2pp2/3N2B1/3P4/5N2/PPP3PP/R4RK1,True,0.0,3,2653,5,0
2kr1bnr/ppp1pppp/2n5/3P4/1qP3b1/5N2/PP2BPPP/RNBQK2R,True,0.0,12,2415,5,0
2kr1bnr/ppp1pppp/2n5/3P4/1qP3b1/5N2/PP1QBPPP/RNB1K2R,False,0.879,9,2313,5,0
2kr1bnr/ppp2ppp/2n1p3/3P4/1qP3b1/5N2/PP1QBPPP/RNB1K2R,True,0.0,12,2415,5,0
2kr1bnr/ppp2ppp/2n1p3/3P4/1qP3b1/2N2N2/PP1QBPPP/R1B1K2R,False,0.0,7,2313,5,0
2kr1b1r/ppp2ppp/2n1pn2/3P4/1qP3b1/2N2N2/PP1QBPPP/R1B1K2R,True,0.0,22,2415,5,0
2kr1b1r/ppp2ppp/2P1pn2/8/1qP3b1/2N2N2/PP1QBPPP/R1B1K2R,False,0.0,6,2313,5,0
2k2b1r/ppp2ppp/2P1pn2/8/1qP3b1/2N2N2/PP1rBPPP/R1B1K2R,True,0.0,2,2415,5,0
5b1r/pkp2ppp/4pn2/8/1qP3b1/2N2N2/PP1rBPPP/R1B1K2R,True,0.0,2,2415,5,0
5b1r/pkp2ppp/4pn2/8/1qP3b1/2N2N2/PP1BBPPP/R3K2R,False,0.0,13,2313,5,0
2k2b1r/p1p2ppp/4pn2/8/1qP3b1/2N2N2/PP1BBPPP/R3K2R,True,0.0,3,2415,5,0
2k2b1r/p1p2ppp/4pn2/8/1qP3b1/2N2N2/PP1BBPPP/2KR3R,False,0.0,5,2313,5,0
2k4r/p1p2ppp/4pn2/2b5/1qP3b1/2N2N2/PP1BBPPP/2KR3R,True,0.0,9,2415,5,0
2k4r/p1p2ppp/4pn2/2b5/1qP1N1b1/5N2/PP1BBPPP/2KR3R,False,0.0,11,2313,5,0
2k4r/p1p2ppp/4pn2/2b5/q1P1N1b1/5N2/PP1BBPPP/2KR3R,True,0.0,5,2415,5,0
2k4r/p1p2ppp/4pn2/2N5/q1P3b1/5N2/PP1BBPPP/2KR3R,False,0.0,3,2313,5,0
2k4r/p1p2ppp/4pn2/2N5/2P3b1/5N2/qP1BBPPP/2KR3R,True,0.0,13,2415,5,0
2k4r/p1p2ppp/4pn2/2N5/2P3b1/5N2/qPKBBPPP/3R3R,False,0.0,7,2313,5,0
2k4r/p1p2ppp/4pn2/2N2b2/2P5/5N2/qPKBBPPP/3R3R,True,0.0,3,2415,5,0
2k4r/p1p2ppp/4pn2/2N2b2/2P5/3B1N2/qPKB1PPP/3R3R,False,0.0,3,2313,5,0
2k4r/p1p2ppp/4pn2/2N2b2/2q5/3B1N2/1PKB1PPP/3R3R,True,0.0,1,2415,2,0
2k4r/p1p2ppp/4pn2/2N2b2/2q5/2BB1N2/1PK2PPP/3R3R,False,0.0,3,2313,5,0
2k4r/p1p2ppp/4pn2/2q2b2/8/2BB1N2/1PK2PPP/3R3R,True,0.0,3,2415,5,0
2k4r/p1p2ppp/4pn2/2q2B2/8/2B2N2/1PK2PPP/3R3R,False,0.0,3,2313,5,0
2k4r/p1p2ppp/4pn2/5q2/8/2B2N2/1PK2PPP/3R3R,True,0.0,1,2415,4,0
2k4r/p1p2ppp/4pn2/5q2/8/2B2N2/1P3PPP/2KR3R,False,0.0,6,2313,5,0
2k4r/p1p2ppp/4p3/5q2/4n3/2B2N2/1P3PPP/2KR3R,True,0.0,8,2415,5,0
2k4r/p1p2ppp/4p3/5q2/3Bn3/5N2/1P3PPP/2KR3R,False,0.0,11,2313,5,0
2k4r/p4ppp/4p3/2p2q2/3Bn3/5N2/1P3PPP/2KR3R,True,0.0,2,2415,5,0
2k4r/p4ppp/4p3/2p2q2/4n3/4BN2/1P3PPP/2KR3R,False,0.0,11,2313,5,0
2kr4/p4ppp/4p3/2p2q2/4n3/4BN2/1P3PPP/2KR3R,True,0.0,5,2415,5,0
8/p1k2ppp/4p3/2p2q2/4n3/4BN2/1P3PPP/2KR4,True,0.0,12,2415,5,0
8/p1k2ppp/4p3/2p2q2/4n3/4B3/1P1N1PPP/2KR4,False,0.0,4,2313,5,0
8/p1k2ppp/4p3/2p2q2/8/4B3/1P1n1PPP/2KR4,True,0.0,1,2415,5,0
8/p1k2ppp/4p3/2p2q2/8/4B3/1P1R1PPP/2K5,False,0.0,18,2313,5,0
8/pk3ppp/4p3/2p2q2/8/4B3/1P1R1PPP/2K5,True,0.0,3,2415,5,0
8/pk3ppp/4p3/2p2q2/8/4B3/1PR2PPP/2K5,False,0.0,20,2313,5,0
8/pk3ppp/4p3/2p5/4q3/4B3/1PR2PPP/2K5,True,0.0,32,2415,5,0
8/pk3ppp/4p3/2R5/4q3/4B3/1P3PPP/2K5,False,0.0,4,2313,5,0
8/pk3ppp/4p3/2R5/8/4B3/1P3PqP/2K5,True,0.0,15,2415,5,0
8/pk3ppp/4p3/6R1/8/4B3/1P3PqP/2K5,False,0.0,7,2313,5,0
8/pk3ppp/4p3/6R1/8/4B3/1P3P1P/2K4q,True,0.0,3,2415,3,0
8/pk3ppp/4p3/6R1/8/4B3/1PK2P1P/7q,False,0.0,3,2313,5,0
8/pk3p1p/4p1p1/6R1/8/4B3/1PK2P1P/7q,True,0.0,9,2415,5,0
8/pk3p1p/4p1p1/R7/8/4B3/1PK2P1P/7q,False,0.0,5,2313,5,0
rn1qk2r/pbpp2pp/1p2pn2/6B1/2P5/2b1P3/PP3PPP/R2QKBNR,True,0.0,2,2148,3,0
rn1qk2r/pbpp2pp/1p2pn2/6B1/2P5/2P1P3/P4PPP/R2QKBNR,False,0.001,2,2062,5,0
rn1q1rk1/pbpp2pp/1p2pn2/6B1/2P5/2P1P3/P4PPP/R2QKBNR,True,0.0,8,2148,5,0
rn1q1rk1/pbpp2pp/1p2pn2/6B1/2P5/2P1PN2/P4PPP/R2QKB1R,False,0.0,3,2062,5,0
rn1q1rk1/pbpp2p1/1p2pn1p/6B1/2P5/2P1PN2/P4PPP/R2QKB1R,True,0.0,18,2148,5,0
rn1q1rk1/pbpp2p1/1p2pn1p/8/2P4B/2P1PN2/P4PPP/R2QKB1R,False,0.0,1,2062,5,0
rn1q1rk1/pb1p2p1/1p2pn1p/2p5/2P4B/2P1PN2/P4PPP/R2QKB1R,True,0.039,13,2148,5,0
rn1q1rk1/pb1p2p1/1p1Qpn1p/2p5/2P4B/2P1PN2/P4PPP/R3KB1R,False,0.020000000000000004,20,2062,5,0
rn1q1rk1/p2p2p1/1p1Qpn1p/2p5/2P4B/2P1Pb2/P4PPP/R3KB1R,True,0.0,4,2148,5,0
rn1q1rk1/p2p2p1/1p1Qpn1p/2p5/2P4B/2P1PP2/P4P1P/R3KB1R,False,0.013000000000000012,2,2062,5,0
r2q1rk1/p2p2p1/1pnQpn1p/2p5/2P4B/2P1PP2/P4P1P/R3KB1R,True,0.015,34,2148,5,0
r2q1rk1/p2p2p1/1pnQpn1p/2p5/2P4B/2P1PP2/P4P1P/R3KBR1,False,0.522,4,2062,5,0
r2q1r2/p2p2pk/1pnQpn1p/2p5/2P4B/2P1PP2/P4P1P/R3KBR1,True,0.0,22,2148,5,0
r2q1r1k/p2p2p1/1pnQpn1p/2p5/2P4B/2PBPP2/P4P1P/R3K1R1,True,0.37,6,2148,5,0
r2q1r1k/p2p2p1/1pnQpn1p/2p5/2P4B/2PBPP2/P3KP1P/R5R1,False,0.91,2,2062,5,0
rq3r1k/p2p2p1/1pnQpn1p/2p5/2P4B/2PBPP2/P3KP1P/R5R1,True,0.854,66,2148,5,0
rq3r1k/p2p2p1/1pnQpn1p/2p5/2P5/2PBPPB1/P3KP1P/R5R1,False,0.0,27,2062,5,0
r4r1k/p2p2p1/1pnBpn1p/2p5/2P5/2PBPP2/P3KP1P/R5R1,False,0.0,8,2062,5,0
r1r4k/p2p2p1/1pnBpn1p/2p5/2P5/2PBPP2/P3KP1P/R5R1,True,0.677,10,2148,5,0
r1r4k/p2p2p1/1pnBpnRp/2p5/2P5/2PBPP2/P3KP1P/R7,False,0.263,2,2062,5,0
r1r1n2k/p2p2p1/1pnBp1Rp/2p5/2P5/2PBPP2/P3KP1P/R7,True,0.013999999999999999,36,2148,5,0
r1r1nB1k/p2p2p1/1pn1p1Rp/2p5/2P5/2PBPP2/P3KP1P/R7,False,0.0,8,2062,5,0
r1r1nB1k/p5p1/1pnpp1Rp/2p5/2P5/2PBPP2/P3KP1P/R7,True,0.0,27,2148,5,0
r1r1nB1k/p5p1/1pnpp1Rp/2p5/2P5/2PBPP2/P3KP1P/6R1,False,0.0,5,2062,5,0
r3nB1k/p1r3p1/1pnpp1Rp/2p5/2P5/2PBPP2/P3KP1P/6R1,True,0.0,27,2148,5,0
r3nB1k/p1r3p1/1pnpR2p/2p5/2P5/2PBPP2/P3KP1P/6R1,False,0.0,8,2062,5,0
r3nBk1/p1r3p1/1pnpR2p/2p5/2P5/2PBPP2/P3KP1P/6R1,True,0.0,9,2148,5,0
r3n1k1/p1r3p1/1pnBR2p/2p5/2P5/2PBPP2/P3KP1P/6R1,False,0.0,6,2062,5,0
r1bq1rk1/ppp2ppp/2nb1n2/3p4/3P4/2N2NB1/PP2PPPP/R2QKB1R,True,0.0,2,2018,5,0
r1bq1rk1/ppp2ppp/2nb1n2/3p4/3P4/2N1PNB1/PP3PPP/R2QKB1R,False,0.119,2,2022,5,0
r1bq1rk1/ppp2pp1/2nb1n1p/3p4/3P4/2N1PNB1/PP3PPP/R2QKB1R,True,0.047,8,2018,5,0
r1bq1rk1/ppp2pp1/2nb1n1p/3p4/3P4/2NBPNB1/PP3PPP/R2QK2R,False,0.125,2,2022,5,0
r1bq1rk1/1pp2pp1/p1nb1n1p/3p4/3P4/2NBPNB1/PP3PPP/R2QK2R,True,0.0,2,2018,5,0
r1bq1rk1/1pp2pp1/p1nb1n1p/3p4/3P4/2NBPNB1/PPQ2PPP/R3K2R,False,0.0,5,2022,5,0
r1bqr1k1/1pp2pp1/p1nb1n1p/3p4/3P4/2NBPNB1/PPQ2PPP/R3K2R,True,0.004,3,2018,5,0
r1bqr1k1/1pp2pp1/p1nb1n1p/3p4/3P4/2NBPNB1/PPQ2PPP/R4RK1,False,0.34199999999999997,3,2022,5,0
r1bqr1k1/1pp2pp1/p1n2n1p/3p4/3P4/2NBPNb1/PPQ2PPP/R4RK1,True,0.0,23,2018,5,0
r1bqr1k1/1pp2pp1/p1n2n1p/3p4/3P4/2NBPNP1/PPQ2PP1/R4RK1,False,0.0,2,2022,5,0
r1bqr1k1/1pp2pp1/p4n1p/3p4/1n1P4/2NBPNP1/PPQ2PP1/R4RK1,True,0.009000000000000001,3,2018,5,0
r1bqr1k1/1pp2pp1/p4n1p/3p4/1n1P4/2NBPNP1/PP1Q1PP1/R4RK1,False,0.021000000000000005,2,2022,5,0
r1bqr1k1/1pp2pp1/p4n1p/3p4/3P4/2NnPNP1/PP1Q1PP1/R4RK1,True,0.0,2,2018,5,0
r1bqr1k1/1pp2pp1/p4n1p/3p4/3P4/2NQPNP1/PP3PP1/R4RK1,False,0.019000000000000003,5,2022,5,0
r2qr1k1/1pp2pp1/p4n1p/3p4/3P2b1/2NQPNP1/PP3PP1/R4RK1,True,0.018999999999999996,15,2018,5,0
r2qr1k1/1pp2pp1/p4n1p/3p4/3P2b1/2NQPNP1/PP3PP1/2R2RK1,False,0.0,3,2022,5,0
r2qr1k1/1p3pp1/p1p2n1p/3p4/3P2b1/2NQPNP1/PP3PP1/2R2RK1,True,0.0,8,2018,5,0
r2qr1k1/1p3pp1/p1p2n1p/3p4/3P2b1/3QPNP1/PP2NPP1/2R2RK1,False,0.0,7,2022,5,0
r2qr1k1/1p3pp1/p1p2n1p/3p3b/3P4/3QPNP1/PP2NPP1/2R2RK1,True,0.155,2,2018,5,0
r2qr1k1/1p3pp1/p1p2n1p/3p3b/3P1N2/3QPNP1/PP3PP1/2R2RK1,False,0.237,14,2022,5,0
r2qr1k1/1p3pp1/p1p2n1p/3p4/3P1Nb1/3QPNP1/PP3PP1/2R2RK1,True,0.0,33,2018,5,0
r2qr1k1/1p3pp1/p1p2n1p/3pN3/3P1Nb1/3QP1P1/PP3PP1/2R2RK1,False,0.0,11,2022,5,0
r2qr1k1/1p3pp1/p1p1bn1p/3pN3/3P1N2/3QP1P1/PP3PP1/2R2RK1,True,0.0,70,2018,5,0
r2qr1k1/1p3pp1/p1p1Nn1p/3pN3/3P4/3QP1P1/PP3PP1/2R2RK1,False,0.0,4,2022,5,0
r2q2k1/1p3pp1/p1p1rn1p/3pN3/3P4/3QP1P1/PP3PP1/2R2RK1,True,0.002,6,2018,5,0
r2q2k1/1p3pp1/p1p1rn1p/3pN3/3P1P2/3QP1P1/PP4P1/2R2RK1,False,0.0,6,2022,5,0
r2q2k1/1p3pp1/p1p1r2p/3pN3/3PnP2/3QP1P1/PP4P1/2R2RK1,True,0.0,12,2018,5,0
r2q2k1/1p3pp1/p1p1r2p/3pN3/3PnPP1/3QP3/PP4P1/2R2RK1,False,0.0,15,2022,5,0
r5k1/1p3pp1/p1p1r2p/3pN3/3PnPPq/3QP3/PP4P1/2R2RK1,True,0.0,23,2018,5,0
r5k1/1p3pp1/p1p1r2p/3pNP2/3Pn1Pq/3QP3/PP4P1/2R2RK1,False,0.0,12,2022,5,0
r3r1k1/1p3pp1/p1p4p/3pNP2/3Pn1Pq/3QP3/PP4P1/2R2RK1,True,0.0,88,2018,5,0
r3r1k1/1p3pp1/p1p4p/3pNP2/3Pn1Pq/3QPR2/PP4P1/2R3K1,False,0.0,6,2022,5,0
r3r1k1/1p4p1/p1p2p1p/3pNP2/3Pn1Pq/3QPR2/PP4P1/2R3K1,True,0.0,2,2018,5,0
r3r1k1/1p4p1/p1p2p1p/3pNP2/3Pn1Pq/3QP2R/PP4P1/2R3K1,False,0.0,7,2022,5,0
r3r1k1/1p4p1/p1p2p1p/3pNPq1/3Pn1P1/3QP2R/PP4P1/2R3K1,True,0.912,3,2018,5,0
r3r1k1/1p4p1/p1p2p1p/3pNPqR/3Pn1P1/3QP3/PP4P1/2R3K1,False,0.0,24,2022,5,0
r3r1k1/1p4p1/p1p4p/3ppPqR/3Pn1P1/3QP3/PP4P1/2R3K1,True,0.0,2,2018,5,0
r3r1k1/1p4p1/p1p4p/3ppPR1/3Pn1P1/3QP3/PP4P1/2R3K1,False,0.0,5,2022,5,0
r3r1k1/1p4p1/p1p5/3ppPp1/3Pn1P1/3QP3/PP4P1/2R3K1,True,0.5980000000000001,16,2018,5,0
r3r1k1/1p4p1/p1p5/3pPPp1/4n1P1/3QP3/PP4P1/2R3K1,False,0.0,4,2022,5,0
r5k1/1p4p1/p1p5/3prPp1/4n1P1/3QP3/PP4P1/2R3K1,True,0.024,1,2018,5,0
r5k1/1p4p1/p1p5/3prPp1/3Qn1P1/4P3/PP4P1/2R3K1,False,0.0,7,2022,5,0
4r1k1/1p4p1/p1p5/3prPp1/3Qn1P1/4P3/PP4P1/2R3K1,True,0.013999999999999999,7,2018,5,0
4r1k1/1p4p1/p1p5/3prPp1/3Qn1P1/4P3/PP4PK/2R5,False,0.026,5,2022,5,0
4r1k1/1p4p1/p1p2n2/3prPp1/3Q2P1/4P3/PP4PK/2R5,True,0.0,7,2018,5,0
4r1k1/1p4p1/p1p2n2/3prPp1/3Q2P1/2R1P3/PP4PK/8,False,0.015000000000000003,4,2022,5,0
4r1k1/1p4p1/p1p2n2/3p1Pp1/3Qr1P1/2R1P3/PP4PK/8,True,0.0,17,2018,5,0
4r1k1/1p4p1/pQp2n2/3p1Pp1/4r1P1/2R1P3/PP4PK/8,False,0.0,10,2022,5,0
6k1/1p2r1p1/pQp2n2/3p1Pp1/4r1P1/2R1P3/PP4PK/8,True,0.0,60,2018,5,0
3Q4/1p2rkp1/p1p2n2/3p1Pp1/4r1P1/2R1P3/PP4PK/8,True,0.0,15,2018,5,0
3Q4/1p2rkp1/p1p2n2/3p1Pp1/4r1P1/2R1P2K/PP4P1/8,False,0.027000000000000003,19,2022,5,0
3Q4/1p2rkp1/p1p5/3p1Pp1/4r1n1/2R1P2K/PP4P1/8,True,0.0,24,2018,5,0
7Q/1p2rkp1/p1p5/3p1Pp1/4r1n1/2R1P2K/PP4P1/8,False,0.001,17,2022,5,0
7Q/1p2rkp1/p1p2n2/3p1Pp1/4r3/2R1P2K/PP4P1/8,True,0.0,37,2018,5,0
7Q/1p2rkp1/p1p2n2/3p1Pp1/4r3/P1R1P2K/1P4P1/8,False,0.0,3,2022,5,0
7Q/1p2rkp1/p1p2n2/3p1Pp1/7r/P1R1P2K/1P4P1/8,True,0.0,15,2018,2,0
8/1p2rkp1/p1p2n2/3p1Pp1/7Q/P1R1P2K/1P4P1/8,False,0.0,3,2022,5,0
8/1p2rkp1/p1p2n2/3p1P2/7K/P1R1P3/1P4P1/8,False,0.0,4,2022,5,0
8/1p3kp1/p1p2n2/3p1P2/4r2K/P1R1P3/1P4P1/8,True,0.0,6,2018,4,0
r1bqk1nr/1p2bppp/p1n5/2pp4/P1B5/3P1N2/1PP1QPPP/RNB1K2R,True,0.001,3,2040,5,0
r1bqk1nr/1p2bppp/p1n5/2pp4/P7/3P1N2/BPP1QPPP/RNB1K2R,False,0.001,7,2051,5,0
r1bqk1nr/1p2bpp1/p1n4p/2pp4/P7/3P1N2/BPP1QPPP/RNB1K2R,True,0.001,3,2040,5,0
r1bqk1nr/1p2bpp1/p1n4p/2ppN3/P7/3P4/BPP1QPPP/RNB1K2R,False,0.0,2,2051,5,0
r1bqk1nr/1p2bpp1/p6p/2ppn3/P7/3P4/BPP1QPPP/RNB1K2R,True,0.0,1,2040,5,0
r1bqk1nr/1p2bpp1/p6p/2ppQ3/P7/3P4/BPP2PPP/RNB1K2R,False,0.635,12,2051,5,0
r1bqk2r/1p2bpp1/p4n1p/2ppQ3/P7/3P4/BPP2PPP/RNB1K2R,True,0.001,9,2040,5,0
r1bqk2r/1p2bpp1/p4n1p/2ppQ3/P7/2NP4/BPP2PPP/R1B1K2R,False,0.0,14,2051,5,0
r1bq1rk1/1p2bpp1/p4n1p/2ppQ3/P7/2NP4/BPP2PPP/R1B1K2R,True,0.0,3,2040,5,0
r1bq1rk1/1p2bpp1/p4n1p/2pNQ3/P7/3P4/BPP2PPP/R1B1K2R,False,0.0,11,2051,5,0
r1bq1rk1/1p2bpp1/p6p/2pnQ3/P7/3P4/BPP2PPP/R1B1K2R,True,0.0,6,2040,5,0
r1bq1rk1/1p2bpp1/p6p/2pQ4/P7/3P4/BPP2PPP/R1B1K2R,False,0.0,13,2051,5,0
r1bq1rk1/1p3pp1/p2b3p/2pQ4/P7/3P4/BPP2PPP/R1B1K2R,True,0.008,9,2040,5,0
r1bq1rk1/1p3pp1/p2b3p/2pQ4/P7/3P4/BPP2PPP/R1B2RK1,False,0.08399999999999996,22,2051,5,0
r1b2rk1/1pq2pp1/p2b3p/2pQ4/P7/3P4/BPP2PPP/R1B2RK1,True,0.0,5,2040,5,0
r1b2rk1/1pq2pp1/p2b3p/2pQ4/P7/3P3P/BPP2PP1/R1B2RK1,False,0.0,3,2051,5,0
r4rk1/1pq2pp1/p2bb2p/2pQ4/P7/3P3P/BPP2PP1/R1B2RK1,True,0.089,10,2040,5,0
r4rk1/1pq2pp1/p2bb2p/2p5/P7/3P1Q1P/BPP2PP1/R1B2RK1,False,0.0,29,2051,5,0
r4rk1/1pq2pp1/p2b3p/2p5/P7/3P1Q1P/bPP2PP1/R1B2RK1,True,0.0,3,2040,5,0
r4rk1/1pq2pp1/p2b3p/2p5/P7/3P1Q1P/RPP2PP1/2B2RK1,False,0.481,22,2051,5,0
4rrk1/1pq2pp1/p2b3p/2p5/P7/3P1Q1P/RPP2PP1/2B2RK1,True,0.21400000000000002,3,2040,5,0
4rrk1/1pq2pp1/p2b3p/2p5/P5Q1/3P3P/RPP2PP1/2B2RK1,False,0.0,14,2051,5,0
4rr2/1pq2ppk/p2b3p/2p5/P5Q1/3P3P/RPP2PP1/2B2RK1,True,0.029000000000000026,7,2040,5,0
4rr2/1pq2ppk/p2b3p/2p5/P5Q1/3PB2P/RPP2PP1/5RK1,False,0.29100000000000004,10,2051,5,0
4rr2/1pq3pk/p2b3p/2p2p2/P5Q1/3PB2P/RPP2PP1/5RK1,True,0.0,15,2040,5,0
4rr2/1pq3pk/p2b3p/2p2p2/P1Q5/3PB2P/RPP2PP1/5RK1,False,0.0,14,2051,5,0
4rr2/1pq3pk/p2b3p/2p5/P1Q2p2/3PB2P/RPP2PP1/5RK1,True,0.0,2,2040,5,0
4rr2/1pq3pk/p2b3p/2p5/P1Q2p2/3P3P/RPPB1PP1/5RK1,False,0.274,12,2051,5,0
4rr2/1pq3pk/p2b3p/2p5/P1Q5/3P1p1P/RPPB1PP1/5RK1,True,0.0,24,2040,5,0
4rr2/1pq3pk/p2b3p/2p5/P1Q3P1/3P1p1P/RPPB1P2/5RK1,False,0.0,27,2051,5,0
4r3/1pq3pk/p2b3p/2p5/P1Q2rP1/3P1p1P/RPPB1P2/5RK1,True,0.0,4,2040,5,0
4r3/1pq3pk/p2b3p/2p5/P1Q2BP1/3P1p1P/RPP2P2/5RK1,False,0.0,5,2051,5,0
4r3/1pq3pk/p6p/2p5/P1Q2bP1/3P1p1P/RPP2P2/5RK1,True,0.0050000000000000044,34,2040,5,0
4r3/1pq3pk/p6p/2p5/PPQ2bP1/3P1p1P/R1P2P2/5RK1,False,0.967,21,2051,5,0
4r3/2q3pk/pp5p/2p5/PPQ2bP1/3P1p1P/R1P2P2/5RK1,True,0.966,15,2040,5,0
4r3/2q3pk/pp5p/2P5/P1Q2bP1/3P1p1P/R1P2P2/5RK1,False,0.0,3,2051,5,0
4r3/2q3pk/p6p/2p5/P1Q2bP1/3P1p1P/R1P2P2/5RK1,True,1.0,1,2040,5,0
4r3/2q3pk/Q6p/2p5/P4bP1/3P1p1P/R1P2P2/5RK1,False,0.967,8,2051,5,0
8/2q3pk/Q6p/2p5/P4bP1/3P1p1P/R1P1rP2/5RK1,True,0.999,19,2040,5,0
8/2q3pk/7p/2p5/P1Q2bP1/3P1p1P/R1P1rP2/5RK1,False,1.0,15,2051,5,0
8/2q3pk/7p/2p5/P1Q3P1/3P1pbP/R1P1rP2/5RK1,True,0.0,26,2040,5,0
8/2q3pk/7p/2pQ4/P5P1/3P1pbP/R1P1rP2/5RK1,False,0.0,5,2051,5,0
8/2q3pk/7p/2pQ4/P5P1/3P1p1P/R1P1rb2/5RK1,True,0.0,12,2040,2,0
8/2q3pk/7p/2pQ4/P5P1/3P1p1P/R1P1rb2/5R1K,False,0.0,39,2051,5,0
8/6pk/7p/2pQ4/P5P1/3P1pqP/R1P1rb2/5R1K,True,0.0,9,2040,5,0
7k/6p1/7p/2p2Q2/P5P1/3P1pqP/R1P1rb2/5R1K,True,0.0,4,2040,5,0
5Q2/6pk/7p/2p5/P5P1/3P1pqP/R1P1rb2/5R1K,True,0.0,1,2040,5,0
6k1/6p1/7p/2p2Q2/P5P1/3P1pqP/R1P1rb2/5R1K,True,0.0,6,2040,5,0
5k2/6p1/7p/2pQ4/P5P1/3P1pqP/R1P1rb2/5R1K,True,0.0,6,2040,5,0
4k3/6p1/7p/2p2Q2/P5P1/3P1pqP/R1P1rb2/5R1K,True,0.0,17,2040,5,0
3k4/6p1/6Qp/2p5/P5P1/3P1pqP/R1P1rb2/5R1K,True,0.0,5,2040,5,0
8/4k1p1/1Q5p/2p5/P5P1/3P1pqP/R1P1rb2/5R1K,True,0.0,18,2040,5,0
8/1Q4p1/5k1p/2p5/P5P1/3P1pqP/R1P1rb2/5R1K,True,0.0,6,2040,5,0
r2qk2r/pp1nnppp/2pbp3/3p4/3P2b1/1P3NP1/PBPNPPBP/R2Q1RK1,False,0.0,8,2003,5,0
r2q1rk1/pp1nnppp/2pbp3/3p4/3P2b1/1P3NP1/PBPNPPBP/R2Q1RK1,True,0.034,2,2009,5,0
r2q1rk1/pp1nnppp/2pbp3/3p4/2PP2b1/1P3NP1/PB1NPPBP/R2Q1RK1,False,0.129,2,2003,5,0
rb1q1rk1/pp1nnppp/2p1p3/3p4/2PP2b1/1P3NP1/PB1NPPBP/R2Q1RK1,True,0.18,8,2009,5,0
rb1q1rk1/pp1nnppp/2p1p3/3p4/2PP2b1/1P3NP1/PB1NPPBP/R2QR1K1,False,0.244,4,2003,5,0
rb1q1rk1/1p1nnppp/2p1p3/p2p4/2PP2b1/1P3NP1/PB1NPPBP/R2QR1K1,True,0.0,1,2009,5,0
rb1q1rk1/1p1nnppp/2p1p3/p2p4/2PPP1b1/1P3NP1/PB1N1PBP/R2QR1K1,False,0.08700000000000002,4,2003,5,0
rb1q1rk1/1p1nnppp/2p1p3/p7/2PPp1b1/1P3NP1/PB1N1PBP/R2QR1K1,True,0.0,1,2009,5,0
rb1q1rk1/1p1nnppp/2p1p3/p7/2PPN1b1/1P3NP1/PB3PBP/R2QR1K1,False,0.0,4,2003,5,0
rb1q1rk1/1p1nnppp/2p1p3/8/p1PPN1b1/1P3NP1/PB3PBP/R2QR1K1,True,0.887,3,2009,5,0
rb1q1rk1/1p1nnppp/2p1p3/8/p1PPN1b1/1P3NP1/PBQ2PBP/R3R1K1,False,0.469,2,2003,5,0
rb1q1rk1/1p1nnppp/2p1p3/8/2PPN1b1/pP3NP1/PBQ2PBP/R3R1K1,True,0.918,2,2009,5,0
rb1q1rk1/1p1nnppp/2p1p3/8/2PPN1b1/pPB2NP1/P1Q2PBP/R3R1K1,False,0.19399999999999995,6,2003,5,0
rb1q1rk1/1p1n1ppp/2p1p1n1/8/2PPN1b1/pPB2NP1/P1Q2PBP/R3R1K1,True,0.81,6,2009,5,0
rb1q1rk1/1p1n1ppp/2p1p1n1/4N3/2PPN1b1/pPB3P1/P1Q2PBP/R3R1K1,False,0.0,3,2003,5,0
rb1q1rk1/1p3ppp/2p1p1n1/4n3/2PPN1b1/pPB3P1/P1Q2PBP/R3R1K1,True,0.0,1,2009,5,0
rb1q1rk1/1p3ppp/2p1p1n1/4P3/2P1N1b1/pPB3P1/P1Q2PBP/R3R1K1,False,0.253,4,2003,5,0
rb1q1rk1/1p3ppp/2p1p1n1/4Pb2/2P1N3/pPB3P1/P1Q2PBP/R3R1K1,True,0.19999999999999996,7,2009,5,0
rb1q1rk1/1p3ppp/2p1p1n1/4Pb2/2P1NP2/pPB3P1/P1Q3BP/R3R1K1,False,0.30000000000000004,8,2003,5,0
rb1q1rk1/5ppp/2p1p1n1/1p2Pb2/2P1NP2/pPB3P1/P1Q3BP/R3R1K1,True,0.5519999999999999,6,2009,5,0
rb1q1rk1/5ppp/2p1p1n1/1P2Pb2/4NP2/pPB3P1/P1Q3BP/R3R1K1,False,0.21899999999999997,3,2003,5,0
rb1q1rk1/5ppp/4p1n1/1p2Pb2/4NP2/pPB3P1/P1Q3BP/R3R1K1,True,0.963,1,2009,5,0
rb1q1rk1/5ppp/4p1n1/1p2Pb2/1B2NP2/pP4P1/P1Q3BP/R3R1K1,False,0.0,3,2003,5,0
rb1qr1k1/5ppp/4p1n1/1p2Pb2/1B2NP2/pP4P1/P1Q3BP/R3R1K1,True,0.84,3,2009,5,0
rb1qr1k1/5ppp/2Q1p1n1/1p2Pb2/1B2NP2/pP4P1/P5BP/R3R1K1,False,0.0,5,2003,5,0
r2qr1k1/b4ppp/2Q1p1n1/1p2Pb2/1B2NP2/pP4P1/P5BP/R3R1K1,True,0.0,2,2009,5,0
r2qr1k1/b4ppp/2Q1p1n1/1p2Pb2/1B2NP2/pP4P1/P5BP/R3R2K,False,0.0,6,2003,5,0
2rqr1k1/b4ppp/2Q1p1n1/1p2Pb2/1B2NP2/pP4P1/P5BP/R3R2K,True,0.0,3,2009,5,0
2rqr1k1/b4ppp/4p1n1/1Q2Pb2/1B2NP2/pP4P1/P5BP/R3R2K,False,0.0,2,2003,5,0
2r1r1k1/b4ppp/1q2p1n1/1Q2Pb2/1B2NP2/pP4P1/P5BP/R3R2K,True,0.0,4,2009,5,0
2r1r1k1/b4ppp/1Q2p1n1/4Pb2/1B2NP2/pP4P1/P5BP/R3R2K,False,0.0,3,2003,5,0
2r1r1k1/5ppp/1b2p1n1/4Pb2/1B2NP2/pP4P1/P5BP/R3R2K,True,0.0,1,2009,5,0
2r1r1k1/5ppp/1b1Np1n1/4Pb2/1B3P2/pP4P1/P5BP/R3R2K,False,0.0,6,2003,5,0
2rr2k1/5ppp/1b1Np1n1/4Pb2/1B3P2/pP4P1/P5BP/R3R2K,True,0.0,2,2009,5,0
2Nr2k1/5ppp/1b2p1n1/4Pb2/1B3P2/pP4P1/P5BP/R3R2K,False,0.0,1,2003,5,0
2r3k1/5ppp/1b2p1n1/4Pb2/1B3P2/pP4P1/P5BP/R3R2K,True,0.0,2,2009,5,0
2r3k1/5ppp/1b2p1n1/4Pb2/1B3P2/pP4P1/P5BP/2R1R2K,False,0.0,7,2003,5,0
3r2k1/5ppp/1b2p1n1/4Pb2/1B3P2/pP4P1/P5BP/2R1R2K,True,0.0,7,2009,5,0
3r2k1/5ppp/1b2p1n1/4Pb2/1B3P2/pP4P1/P5BP/2RR3K,False,0.0,10,2003,5,0
5rk1/5ppp/1b2p1n1/4Pb2/1B3P2/pP4P1/P5BP/2RR3K,True,0.0,4,2009,5,0
5Bk1/5ppp/1b2p1n1/4Pb2/5P2/pP4P1/P5BP/2RR3K,False,0.0,2,2003,5,0
5nk1/5ppp/1b2p3/4Pb2/5P2/pP4P1/P5BP/2RR3K,True,0.0,2,2009,5,0
2R2nk1/5ppp/1b2p3/4Pb2/5P2/pP4P1/P5BP/3R3K,False,0.0,3,2003,5,0
2R2nk1/5ppp/4p3/2b1Pb2/5P2/pP4P1/P5BP/3R3K,True,0.0,3,2009,5,0
rnbqkb1r/5ppp/p2p1n2/1pp5/4P3/N1N5/PPP2PPP/R1BQKB1R,True,0.001,5,2090,5,0
rnbqkb1r/5ppp/p2p1n2/1ppN4/4P3/N7/PPP2PPP/R1BQKB1R,False,0.031,5,2066,5,0
rn1qkb1r/1b3ppp/p2p1n2/1ppN4/4P3/N7/PPP2PPP/R1BQKB1R,True,0.0,3,2090,5,0
rn1qkb1r/1b3ppp/p2p1n2/1ppN2B1/4P3/N7/PPP2PPP/R2QKB1R,False,0.0,2,2066,5,0
rn1qk2r/1b2bppp/p2p1n2/1ppN2B1/4P3/N7/PPP2PPP/R2QKB1R,True,0.0,2,2090,5,0
rn1qk2r/1b2bppp/p2p1B2/1ppN4/4P3/N7/PPP2PPP/R2QKB1R,False,0.0,2,2066,5,0
rn1qk2r/1b3ppp/p2p1b2/1ppN4/2P1P3/N7/PP3PPP/R2QKB1R,False,0.0,6,2066,5,0
rn1qk2r/1b3ppp/p2p4/1ppN4/2P1P3/N7/Pb3PPP/R2QKB1R,True,0.0,5,2090,5,0
rn1qk2r/1b3ppp/p2p4/1PpN4/4P3/N7/Pb3PPP/R2QKB1R,False,0.0,1,2066,5,0
rn1qk2r/1b3ppp/p2p4/1PpN4/4P3/N7/P4PPP/b2QKB1R,True,0.0,2,2090,5,0
rn1qk2r/1b3ppp/p2p4/1PpN4/4P3/N7/P4PPP/Q3KB1R,False,0.0,1,2066,5,0
rn1qk2r/1b3ppp/3p4/1ppN4/4P3/N7/P4PPP/Q3KB1R,True,0.0,1,2090,5,0
rn1qk2r/1b3ppp/3p4/1NpN4/4P3/8/P4PPP/Q3KB1R,False,0.0,5,2066,5,0
rn1q1rk1/1b3ppp/3p4/1NpN4/4P3/8/P4PPP/Q3KB1R,True,0.0,8,2090,5,0
rn1q1rk1/1b3ppp/3p4/1NpN4/2B1P3/8/P4PPP/Q3K2R,False,0.0,3,2066,5,0
rn1q1rk1/5ppp/3p4/1Npb4/2B1P3/8/P4PPP/Q3K2R,True,0.0,2,2090,5,0
rn1q1rk1/5ppp/3p4/1NpB4/4P3/8/P4PPP/Q3K2R,False,0.0,1,2066,5,0
rn3rk1/5ppp/3p4/qNpB4/4P3/8/P4PPP/Q3K2R,True,0.0,5,2090,5,0
rn3rk1/5ppp/3p4/q1pB4/4P3/2N5/P4PPP/Q3K2R,False,0.0,7,2066,5,0
1n3rk1/r4ppp/3p4/q1pB4/4P3/2N5/P4PPP/Q3K2R,True,0.0,1,2090,5,0
1n3rk1/r4ppp/3p4/q1pB4/4P3/2N5/P4PPP/Q4RK1,False,0.0,1,2066,5,0
5rk1/r2n1ppp/3p4/q1pB4/4P3/2N5/P4PPP/Q4RK1,True,0.0,2,2090,5,0
5rk1/r2n1ppp/3p4/q1pB4/4PP2/2N5/P5PP/Q4RK1,False,0.0,1,2066,5,0
5rk1/r4ppp/3p1n2/q1pB4/4PP2/2N5/P5PP/Q4RK1,True,0.0,3,2090,5,0
5rk1/r4ppp/3p1n2/q1pBP3/5P2/2N5/P5PP/Q4RK1,False,0.0,2,2066,5,0
5rk1/r4ppp/3p4/q1pnP3/5P2/2N5/P5PP/Q4RK1,True,0.0,1,2090,5,0
5rk1/r4ppp/3p4/q1pNP3/5P2/8/P5PP/Q4RK1,False,0.0,3,2066,5,0
5rk1/r4ppp/8/q1pNp3/5P2/8/P5PP/Q4RK1,True,0.0,2,2090,5,0
5rk1/r4ppp/8/q1pNQ3/5P2/8/P5PP/5RK1,False,0.0,9,2066,5,0
5rk1/r4ppp/8/2pNQ3/5P2/8/q5PP/5RK1,True,0.0,3,2090,5,0
5r1k/r3Nppp/8/2p1Q3/5P2/8/q5PP/5RK1,True,0.0,1,2090,5,0
5r1k/r4ppp/8/2p1QN2/5P2/8/q5PP/5RK1,False,0.0,7,2066,5,0
5r1k/r5pp/5p2/2p1QN2/5P2/8/q5PP/5RK1,True,0.0,6,2090,5,0
5r1k/r5pp/5p2/2Q2N2/5P2/8/q5PP/5RK1,False,0.0,12,2066,5,0
5r1k/5rpp/5p2/2Q2N2/5P2/8/q5PP/5RK1,True,0.0,14,2090,5,0
5r1k/5rpp/5p2/2Q2N2/5P2/8/q5PP/4R1K1,False,0.0,3,2066,5,0
rnb1k1nr/3pppbp/p1p3p1/1P6/1q1P4/2N1P1P1/PP3PBP/R1BQK1NR,True,0.0,3,2020,5,0
rnb1k1nr/3pppbp/p1P3p1/8/1q1P4/2N1P1P1/PP3PBP/R1BQK1NR,False,0.0,3,2026,5,0
r1b1k1nr/3pppbp/p1n3p1/8/1q1P4/2N1P1P1/PP3PBP/R1BQK1NR,True,0.0010000000000000009,6,2020,5,0
r1b1k1nr/3pppbp/p1n3p1/8/Qq1P4/2N1P1P1/PP3PBP/R1B1K1NR,False,0.0,8,2026,5,0
r1b1k1nr/3pppbp/p1n3p1/8/q2P4/2N1P1P1/PP3PBP/R1B1K1NR,True,0.0,4,2020,5,0
r1b1k1nr/3pppbp/p1n3p1/8/N2P4/4P1P1/PP3PBP/R1B1K1NR,False,0.0,4,2026,5,0
1rb1k1nr/3pppbp/p1n3p1/8/N2P4/4P1P1/PP3PBP/R1B1K1NR,True,0.025000000000000022,12,2020,5,0
1rb1k1nr/3pppbp/p1n3p1/8/N2P4/1P2P1P1/P4PBP/R1B1K1NR,False,0.0010000000000000009,2,2026,5,0
1r2k1nr/1b1pppbp/p1n3p1/8/N2P4/1P2P1P1/P4PBP/R1B1K1NR,True,0.97,27,2020,5,0
1r2k1nr/1b1pppbp/p1n3p1/2N5/3P4/1P2P1P1/P4PBP/R1B1K1NR,False,0.0,9,2026,5,0
1r2k1nr/1b2ppbp/p1np2p1/2N5/3P4/1P2P1P1/P4PBP/R1B1K1NR,True,0.0,3,2020,5,0
1r2k1nr/1N2ppbp/p1np2p1/8/3P4/1P2P1P1/P4PBP/R1B1K1NR,False,0.0,5,2026,5,0
1r2k1nr/1N2ppbp/p2p2p1/8/1n1P4/1P2P1P1/P4PBP/R1B1K1NR,True,0.0,12,2020,5,0
1r2k1nr/4ppbp/p2p2p1/N7/1n1P4/1P2P1P1/P4PBP/R1B1K1NR,False,0.0,3,2026,5,0
1r2k1nr/4ppbp/p2p2p1/N7/3P4/1P2P1P1/P1n2PBP/R1B1K1NR,True,0.0,9,2020,4,0
1r2k1nr/4ppbp/p2p2p1/N7/3P4/1P2P1P1/P1nK1PBP/R1B3NR,False,0.0,2,2026,5,0
1r2k1nr/4ppbp/p2p2p1/N7/3P4/1P2P1P1/P2K1PBP/n1B3NR,True,0.0,3,2020,5,0
1r2k1nr/4ppbp/p2p2p1/N7/3P4/1P2P1P1/PB1K1PBP/n5NR,False,0.0,13,2026,5,0
1r2k1nr/4ppbp/p2p2p1/N7/3P4/1n2P1P1/PB1K1PBP/6NR,True,0.0,7,2020,5,0
1r2k1nr/4ppbp/p2p2p1/8/3P4/1N2P1P1/PB1K1PBP/6NR,False,0.0,4,2026,5,0
1r2k2r/4ppbp/p2p1np1/8/3P4/1N2P1P1/PB1K1PBP/6NR,True,0.0,14,2020,5,0
1r2k2r/4ppbp/p2p1np1/8/3P4/1N2P1P1/PB1KNPBP/7R,False,0.0,2,2026,5,0
1r3rk1/4ppbp/p2p1np1/8/3P4/1N2P1P1/PB1KNPBP/7R,True,0.0,9,2020,5,0
1r3rk1/4ppbp/p2p1np1/8/3P4/1N2P1P1/PB1KNPBP/1R6,False,0.0,10,2026,5,0
1r3rk1/4ppbp/p2p2p1/8/3P2n1/1N2P1P1/PB1KNPBP/1R6,True,0.0020000000000000018,13,2020,5,0
1r3rk1/4ppbp/p2p2p1/3P4/6n1/1N2P1P1/PB1KNPBP/1R6,False,0.0,6,2026,5,0
1r3rk1/4pp1p/p2p2p1/3P4/6n1/1N2P1P1/Pb1KNPBP/1R6,True,0.0,3,2020,5,0
1r3rk1/4pp1p/p2p2p1/3P4/6n1/1N2P1P1/PR1KNPBP/8,False,0.006000000000000005,1,2026,5,0
1r3rk1/4pp1p/3p2p1/p2P4/6n1/1N2P1P1/PR1KNPBP/8,True,0.0,9,2020,5,0
1r3rk1/4pp1p/3p2p1/p2P4/6n1/1N2P1P1/PRK1NPBP/8,False,0.019000000000000017,3,2026,5,0
1rr3k1/4pp1p/3p2p1/p2P4/6n1/1N2P1P1/PRK1NPBP/8,True,0.08499999999999999,7,2020,5,0
1rr3k1/4pp1p/3p2p1/p2P4/6n1/1NN1P1P1/PRK2PBP/8,False,0.0,9,2026,5,0
1rr3k1/4pp1p/3p2p1/3P4/p5n1/1NN1P1P1/PRK2PBP/8,True,0.0,6,2020,5,0
1rr3k1/4pp1p/3p2p1/N2P4/p5n1/2N1P1P1/PRK2PBP/8,False,0.0,16,2026,5,0
2r3k1/4pp1p/3p2p1/N2P4/p5n1/2N1P1P1/PrK2PBP/8,True,0.0,3,2020,4,0
2r3k1/4pp1p/3p2p1/N2P4/p5n1/2N1P1P1/PK3PBP/8,False,0.0,3,2026,5,0
2r3k1/4pp1p/3p2p1/N2P4/6n1/p1N1P1P1/PK3PBP/8,True,0.0,6,2020,5,0
2r3k1/4pp1p/3p2p1/N2P4/6n1/p1N1P1P1/P1K2PBP/8,False,0.0,4,2026,5,0
2r3k1/4pp1p/3p2p1/N2P4/8/p1N1P1P1/P1K2nBP/8,True,0.0,4,2020,5,0
2r3k1/4pp1p/2Np2p1/3P4/8/p1N1P1P1/P1K2nBP/8,False,0.0,6,2026,5,0
2r2k2/4pp1p/2Np2p1/3P4/8/p1N1P1P1/P1K2nBP/8,True,0.0,17,2020,5,0
2r2k2/4pp1p/2Np2p1/1N1P4/8/p3P1P1/P1K2nBP/8,False,0.038000000000000034,3,2026,5,0
2r2k2/4pp1p/2Np2p1/1N1P4/6n1/p3P1P1/P1K3BP/8,True,0.462,9,2020,5,0
2r2k2/4pp1p/2Np2p1/1N1P4/4P1n1/p5P1/P1K3BP/8,False,0.0010000000000000009,4,2026,5,0
2r2k2/4pp1p/2Np2p1/1N1P4/4P3/p3n1P1/P1K3BP/8,True,0.0,2,2020,5,0
2r2k2/4pp1p/2Np2p1/1N1P4/4P3/pK2n1P1/P5BP/8,False,0.0,2,2026,5,0
2r2k2/4pp1p/2Np2p1/1N1P4/4P3/pK4P1/P5nP/8,True,0.0,3,2020,5,0
2r2k2/4pp1p/2Np2p1/1N1P4/4P3/K5P1/P5nP/8,False,0.0,6,2026,5,0
2r2k2/4pp1p/2Np2p1/1N1P4/4P3/K5P1/P6P/4n3,True,0.0,5,2020,5,0
2r2k2/N3pp1p/2Np2p1/3P4/4P3/K5P1/P6P/4n3,False,0.0,8,2026,5,0
r4k2/N3pp1p/2Np2p1/3P4/4P3/K5P1/P6P/4n3,True,0.0,4,2020,5,0
r4k2/N3pp1p/2Np2p1/3P4/4P3/1K4P1/P6P/4n3,False,0.0,8,2026,5,0
r4k2/N3pp1p/2Np2p1/3P4/4P3/1K3nP1/P6P/8,True,0.0,4,2020,5,0
r4k2/N3pp1p/2Np2p1/3P4/4P3/1K3nPP/P7/8,False,0.0,2,2026,5,0
r4k2/N3pp1p/2Np2p1/3P4/4P3/1K4PP/P7/6n1,True,0.0,3,2020,5,0
r4k2/N3pp1p/2Np2p1/3P4/4P2P/1K4P1/P7/6n1,False,0.0,1,2026,5,0
r4k2/N3pp1p/2Np2p1/3P4/4P2P/1K4P1/P3n3/8,True,0.0,3,2020,5,0
r4k2/N3pp1p/2Np2p1/3P4/4P1PP/1K6/P3n3/8,False,0.0,1,2026,5,0
r4k2/N3pp1p/2Np2p1/3P4/4P1PP/1K4n1/P7/8,True,0.0,6,2020,5,0
r4k2/N3pp1p/2Np2p1/3P4/P3P1PP/1K4n1/8/8,False,0.0,2,2026,5,0
r4k2/N3pp1p/2Np2p1/3P4/P3n1PP/1K6/8/8,True,0.0,8,2020,5,0
rn1qk2r/pbpp2p1/1p2pn1p/5pB1/1bPP4/2N1PN2/PPQ2PPP/R3KB1R,True,0.0,3,2103,5,0
rn1qk2r/pbpp2p1/1p2pn1p/5p2/1bPP3B/2N1PN2/PPQ2PPP/R3KB1R,False,0.0,2,2181,5,0
rn1qk2r/pbpp4/1p2pn1p/5pp1/1bPP3B/2N1PN2/PPQ2PPP/R3KB1R,True,0.0,2,2103,5,0
rn1qk2r/pbpp4/1p2pn1p/5pp1/1bPP4/2N1PNB1/PPQ2PPP/R3KB1R,False,0.27699999999999997,15,2181,5,0
rn1qk2r/pbpp4/1p2p2p/5pp1/1bPPn3/2N1PNB1/PPQ2PPP/R3KB1R,True,0.011999999999999999,5,2103,5,0
rn1qk2r/pbpp4/1p2p2p/5pp1/1bPPn3/P1N1PNB1/1PQ2PPP/R3KB1R,False,0.0,10,2181,5,0
rn1qk2r/pbpp4/1p2p2p/5pp1/2PPn3/P1b1PNB1/1PQ2PPP/R3KB1R,True,0.0,3,2103,5,0
rn1qk2r/pbpp4/1p2p2p/5pp1/2PPn3/P1P1PNB1/2Q2PPP/R3KB1R,False,0.0,20,2181,5,0
rn1qk2r/pbpp4/1p2p2p/5pp1/2PP4/P1P1PNn1/2Q2PPP/R3KB1R,True,0.0,2,2103,5,0
rn1qk2r/pbpp4/1p2p2p/5pp1/2PP4/P1P1PNP1/2Q2PP1/R3KB1R,False,0.732,6,2181,5,0
rn2k2r/pbpp4/1p2pq1p/5pp1/2PP4/P1P1PNP1/2Q2PP1/R3KB1R,True,0.011000000000000003,3,2103,5,0
rn2k2r/pbpp4/1p2pq1p/5pp1/2PP4/P1P1PNP1/2Q2PP1/2KR1B1R,False,0.0,16,2181,5,0
r3k2r/pbpp4/np2pq1p/5pp1/2PP4/P1P1PNP1/2Q2PP1/2KR1B1R,True,0.0,6,2103,5,0
r3k2r/pbpp4/np2pq1p/4Npp1/2PP4/P1P1P1P1/2Q2PP1/2KR1B1R,False,0.165,10,2181,5,0
2kr3r/pbpp4/np2pq1p/4Npp1/2PP4/P1P1P1P1/2Q2PP1/2KR1B1R,True,0.0,7,2103,5,0
2kr3r/pbpp4/np2pq1p/4Npp1/Q1PP4/P1P1P1P1/5PP1/2KR1B1R,False,0.0,32,2181,5,0
2kr3r/pbpp4/np2pq1p/4N1p1/Q1PP1p2/P1P1P1P1/5PP1/2KR1B1R,True,0.8019999999999999,3,2103,5,0
2kr3r/pbpp4/np2pq1p/4N1p1/Q1PP1P2/P1P1P3/5PP1/2KR1B1R,False,0.0,2,2181,5,0
2kr3r/pbpp4/np2pq1p/4N3/Q1PP1p2/P1P1P3/5PP1/2KR1B1R,True,0.024,20,2103,5,0
2kr3r/pbpp4/np2pq1p/2P1N3/Q2P1p2/P1P1P3/5PP1/2KR1B1R,False,0.0,27,2181,5,0
2kr3r/pbpp4/1p2pq1p/2n1N3/Q2P1p2/P1P1P3/5PP1/2KR1B1R,True,0.0,3,2103,5,0
2kr3r/Qbpp4/1p2pq1p/2n1N3/3P1p2/P1P1P3/5PP1/2KR1B1R,False,0.0,26,2181,5,0
2kr3r/Qbp5/1p1ppq1p/2n1N3/3P1p2/P1P1P3/5PP1/2KR1B1R,True,0.0,2,2103,5,0
2kr3r/Qbp5/1p1ppq1p/2n5/3P1pN1/P1P1P3/5PP1/2KR1B1R,False,0.0,8,2181,5,0
2kr3r/Qbp5/1p1pp2p/2n3q1/3P1pN1/P1P1P3/5PP1/2KR1B1R,True,0.0,6,2103,5,0
2kr3r/Qbp5/1p1pp2p/2P3q1/5pN1/P1P1P3/5PP1/2KR1B1R,False,0.0,10,2181,5,0
2kr3r/Qbp5/1p1pp2p/2P5/5pq1/P1P1P3/5PP1/2KR1B1R,True,0.0,11,2103,5,0
2kr3r/Qbp5/1p1pp2p/2P5/5pq1/P1P1PP2/6P1/2KR1B1R,False,0.0,10,2181,5,0
2kr3r/Qbp5/1p1pp2p/2P3q1/5p2/P1P1PP2/6P1/2KR1B1R,True,0.0,14,2103,5,0
2kr3r/Qbp5/Bp1pp2p/2P3q1/5p2/P1P1PP2/6P1/2KR3R,False,0.0,22,2181,5,0
2kr3r/Q1p5/bp1pp2p/2P3q1/5p2/P1P1PP2/6P1/2KR3R,True,0.382,2,2103,5,0
3r3r/2pk4/Qp1pp2p/2P3q1/5p2/P1P1PP2/6P1/2KR3R,True,0.0,9,2103,5,0
3r3r/2pk4/Qp1Pp2p/6q1/5p2/P1P1PP2/6P1/2KR3R,False,0.0,43,2181,5,0
3r3r/3k4/Qp1pp2p/6q1/5p2/P1P1PP2/6P1/2KR3R,True,0.7150000000000001,12,2103,5,0
3r3r/3k4/1Q1pp2p/6q1/5p2/P1P1PP2/6P1/2KR3R,False,0.0,1,2181,5,0
3r3r/4k3/1Q1pp2p/6q1/5p2/P1P1PP2/6P1/2KR3R,True,0.09100000000000003,11,2103,5,0
3r3r/4k3/1Q1pp2p/6q1/4Pp2/P1P2P2/6P1/2KR3R,False,0.523,49,2181,5,0
7r/3rk3/1Q1pp2p/6q1/4Pp2/P1P2P2/6P1/2KR3R,True,0.285,33,2103,5,0
7r/3rk3/3pp2p/6q1/3QPp2/P1P2P2/6P1/2KR3R,False,0.0,16,2181,5,0
1r6/3rk3/3pp2p/6q1/3QPp2/P1P2P2/6P1/2KR3R,True,0.002,31,2103,5,0
1r6/3rk3/3pp2p/6q1/3QPp2/P1P2P2/3R2P1/2K4R,False,0.059,16,2181,5,0
1r6/3rk3/3pp2p/1q6/3QPp2/P1P2P2/3R2P1/2K4R,True,0.078,11,2103,5,0
1r6/3rk3/3pp2p/1q6/1Q2Pp2/P1P2P2/3R2P1/2K4R,False,0.0010000000000000009,21,2181,5,0
1r6/3rk3/3pp2p/8/1q2Pp2/P1P2P2/3R2P1/2K4R,True,0.0,6,2103,5,0
1r6/3rk3/3pp2p/8/1P2Pp2/P4P2/3R2P1/2K4R,False,0.0,1,2181,5,0
1r6/r3k3/3pp2p/8/1P2Pp2/P4P2/3R2P1/2K4R,True,0.0,9,2103,5,0
1r6/r3k3/3pp2p/8/1P2Pp2/P4P2/1K1R2P1/7R,False,0.0,10,2181,5,0
r7/r3k3/3pp2p/8/1P2Pp2/P4P2/1K1R2P1/7R,True,0.0,2,2103,5,0
r7/r3k3/3pp2p/8/1P2Pp2/P2R1P2/1K4P1/7R,False,0.0,8,2181,5,0
7r/r3k3/3pp2p/8/1P2Pp2/P2R1P2/1K4P1/7R,True,0.0,20,2103,5,0
7r/r3k3/3pp2p/7R/1P2Pp2/P2R1P2/1K4P1/8,False,0.0,5,2181,5,0
7r/r3k3/3p3p/4p2R/1P2Pp2/P2R1P2/1K4P1/8,True,0.0,7,2103,5,0
rnb2rk1/pp2ppbp/1qp2np1/3p4/3PPP2/2PB1N2/PP4PP/RNBQ1RK1,True,0.0,4,2150,5,0
rnb2rk1/pp2ppbp/1qp2np1/3pP3/3P1P2/2PB1N2/PP4PP/RNBQ1RK1,False,0.0,1,2037,5,0
rnb2rk1/pp2ppbp/1qp3p1/3pP3/3P1Pn1/2PB1N2/PP4PP/RNBQ1RK1,True,0.0,8,2150,5,0
rnb2rk1/pp2ppbp/1qp3p1/3pP3/3P1Pn1/2PB1N1P/PP4P1/RNBQ1RK1,False,0.0,1,2037,5,0
rnb2rk1/pp2ppbp/1qp3pn/3pP3/3P1P2/2PB1N1P/PP4P1/RNBQ1RK1,True,0.06099999999999994,3,2150,5,0
rnb2rk1/pp2ppbp/1qp3pn/3pP3/1P1P1P2/2PB1N1P/P5P1/RNBQ1RK1,False,0.0010000000000000009,1,2037,5,0
rnb2rk1/1p2ppbp/1qp3pn/p2pP3/1P1P1P2/2PB1N1P/P5P1/RNBQ1RK1,True,0.041000000000000036,13,2150,5,0
rnb2rk1/1p2ppbp/1qp3pn/p2pP3/1P1P1P2/2PB1N1P/P2B2P1/RN1Q1RK1,False,0.0,3,2037,5,0
rnb2rk1/1p2ppbp/1qp3pn/3pP3/1p1P1P2/2PB1N1P/P2B2P1/RN1Q1RK1,True,0.251,2,2150,5,0
rnb2rk1/1p2ppbp/1qp3pn/3pP3/1P1P1P2/3B1N1P/P2B2P1/RN1Q1RK1,False,0.016000000000000014,3,2037,5,0
r1b2rk1/1p2ppbp/nqp3pn/3pP3/1P1P1P2/3B1N1P/P2B2P1/RN1Q1RK1,True,0.212,10,2150,5,0
r1b2rk1/1p2ppbp/nqp3pn/3pP3/1P1P1P2/1Q1B1N1P/P2B2P1/RN3RK1,False,0.74,2,2037,5,0
r1b2rk1/1p2ppbp/nqp3p1/3pPn2/1P1P1P2/1Q1B1N1P/P2B2P1/RN3RK1,True,0.341,4,2150,5,0
r1b2rk1/1p2ppbp/nqp3p1/3pPB2/1P1P1P2/1Q3N1P/P2B2P1/RN3RK1,False,0.0,2,2037,5,0
r4rk1/1p2ppbp/nqp3p1/3pPb2/1P1P1P2/1Q3N1P/P2B2P1/RN3RK1,True,0.164,7,2150,5,0
r4rk1/1p2ppbp/nqp3p1/3pPb2/1P1P1P2/PQ3N1P/3B2P1/RN3RK1,False,0.0,9,2037,5,0
r4rk1/1p2ppbp/nqp3p1/3pP3/1P1PbP2/PQ3N1P/3B2P1/RN3RK1,True,0.021,10,2150,5,0
r4rk1/1p2ppbp/nqp3p1/3pP3/1P1PbP2/PQ2BN1P/6P1/RN3RK1,False,0.3549999999999999,4,2037,5,0
r4rk1/1pn1ppbp/1qp3p1/3pP3/1P1PbP2/PQ2BN1P/6P1/RN3RK1,True,0.11699999999999999,11,2150,5,0
r4rk1/1pn1ppbp/1qp3p1/3pP3/1P1PbP2/PQ2BN1P/3N2P1/R4RK1,False,0.16000000000000003,1,2037,5,0
r4rk1/1pn1ppbp/1qp3p1/3pPb2/1P1P1P2/PQ2BN1P/3N2P1/R4RK1,True,0.0,12,2150,5,0
r4rk1/1pn1ppbp/1qp3p1/3pPb2/1P1P1P1N/PQ2B2P/3N2P1/R4RK1,False,0.18999999999999995,2,2037,5,0
r4rk1/1pn1ppbp/1qp1b1p1/3pP3/1P1P1P1N/PQ2B2P/3N2P1/R4RK1,True,0.0,12,2150,5,0
r4rk1/1pn1ppbp/1qp1b1p1/3pPP2/1P1P3N/PQ2B2P/3N2P1/R4RK1,False,0.0,3,2037,5,0
r4rk1/1pnbppbp/1qp3p1/3pPP2/1P1P3N/PQ2B2P/3N2P1/R4RK1,True,0.0,24,2150,5,0
r4rk1/1pnbppbp/1qp3p1/3pPP2/1P1P3N/P2QB2P/3N2P1/R4RK1,False,0.2869999999999999,3,2037,5,0
r4rk1/1p1bppbp/1qp3p1/1n1pPP2/1P1P3N/P2QB2P/3N2P1/R4RK1,True,0.0,88,2150,5,0
r4rk1/1p1bppbp/1qp3p1/1n1pPP2/1P1P3N/P2QB2P/3N2P1/R4R1K,False,0.006000000000000005,1,2037,5,0
r4rk1/1p1b1pbp/1qp1p1p1/1n1pPP2/1P1P3N/P2QB2P/3N2P1/R4R1K,True,0.0,9,2150,5,0
r4rk1/1p1b1pbp/1qp1pPp1/1n1pP3/1P1P3N/P2QB2P/3N2P1/R4R1K,False,0.0,3,2037,5,0
r4rkb/1p1b1p1p/1qp1pPp1/1n1pP3/1P1P3N/P2QB2P/3N2P1/R4R1K,True,0.0,12,2150,5,0
r4rkb/1p1b1p1p/1qp1pPp1/1n1pP3/1P1P3N/P2QBN1P/6P1/R4R1K,False,0.0,7,2037,5,0
r2r2kb/1p1b1p1p/1qp1pPp1/1n1pP3/1P1P3N/P2QBN1P/6P1/R4R1K,True,0.0,8,2150,5,0
r2r2kb/1p1b1p1p/1qp1pPp1/1n1pP1N1/1P1P3N/P2QB2P/6P1/R4R1K,False,0.0,6,2037,5,0
r2r2kb/1p1b1p2/1qp1pPpp/1n1pP1N1/1P1P3N/P2QB2P/6P1/R4R1K,True,0.0,23,2150,5,0
r2r2kb/1p1b1p2/1qp1pPNp/1n1pP1N1/1P1P4/P2QB2P/6P1/R4R1K,False,0.0,6,2037,5,0
r2r2kb/1p1b1p2/1qp1pPN1/1n1pP1p1/1P1P4/P2QB2P/6P1/R4R1K,True,0.0,2,2150,5,0
r2r1k1b/1p1bNp2/1qp1pP2/1n1pP1p1/1P1P4/P2QB2P/6P1/R4R1K,True,0.0,2,2150,5,0
r2r1k1b/1p1bNp1Q/1qp1pP2/1n1pP1p1/1P1P4/P3B2P/6P1/R4R1K,False,0.0,8,2037,5,0
r2r1k2/1p1bNp1Q/1qp1pb2/1n1pP1p1/1P1P4/P3B2P/6P1/R4R1K,True,0.0,5,2150,5,0
r1bq1rk1/pp1nppbp/2p2np1/3p4/3P1P2/2PBPN2/PP4PP/RNBQ1RK1,True,0.0,2,2156,5,0
r1bq1rk1/pp1nppbp/2p2np1/3p1P2/3P4/2PBPN2/PP4PP/RNBQ1RK1,False,0.0,4,2098,5,0
r1bq1rk1/pp1n1pbp/2p2np1/3ppP2/3P4/2PBPN2/PP4PP/RNBQ1RK1,True,0.001,2,2156,5,0
r1bq1rk1/pp1n1pbp/2p1Pnp1/3p4/3P4/2PBPN2/PP4PP/RNBQ1RK1,False,0.0,1,2098,5,0
r1bq1rk1/pp1n2bp/2p1pnp1/3p4/3P4/2PBPN2/PP4PP/RNBQ1RK1,True,0.0,1,2156,5,0
r1bq1rk1/pp1n2bp/2p1pnp1/3p2N1/3P4/2PBP3/PP4PP/RNBQ1RK1,False,0.0,7,2098,5,0
r1b2rk1/pp1nq1bp/2p1pnp1/3p2N1/3P4/2PBP3/PP4PP/RNBQ1RK1,True,0.0,13,2156,5,0
r1b2rk1/pp1nq1bp/2p1pnp1/3p2N1/P2P4/2PBP3/1P4PP/RNBQ1RK1,False,0.0,11,2098,5,0
r1b2rk1/pp1nq1bp/2p2np1/3pp1N1/P2P4/2PBP3/1P4PP/RNBQ1RK1,True,0.0,15,2156,5,0
r1b2rk1/pp1nq1bp/2p2np1/3pp1N1/P2PP3/2PB4/1P4PP/RNBQ1RK1,False,0.0,30,2098,5,0
r1b2rk1/pp1nq1bp/2p2np1/3p2N1/P2pP3/2PB4/1P4PP/RNBQ1RK1,True,0.0,11,2156,5,0
r1b2rk1/pp1nq1bp/2p2np1/3P2N1/P2p4/2PB4/1P4PP/RNBQ1RK1,False,0.065,7,2098,5,0
r1b2rk1/pp1nq1bp/2p3p1/3n2N1/P2p4/2PB4/1P4PP/RNBQ1RK1,True,0.0,58,2156,5,0
r1b2nk1/pp2q1bp/2p3p1/3n2N1/P2p4/2PB4/1P4PP/RNBQ2K1,True,0.0,17,2156,5,0
r1b2nk1/pp2q1bp/2p3p1/3n2N1/P1Bp4/2P5/1P4PP/RNBQ2K1,False,0.0,18,2098,5,0
r4nk1/pp2q1bp/2p1b1p1/3n2N1/P1Bp4/2P5/1P4PP/RNBQ2K1,True,0.0,13,2156,5,0
r4nk1/pp2q1bp/2p1b1p1/3n2N1/P1Bp4/2P5/1P2Q1PP/RNB3K1,False,0.0,14,2098,5,0
r4nk1/pp2q1bp/2p1b1p1/6N1/P1Bp4/2P1n3/1P2Q1PP/RNB3K1,True,0.0,4,2156,5,0
r5k1/pp2q1bp/2p1n1p1/6N1/P2p4/2P1n3/1P2Q1PP/RNB3K1,True,0.0,2,2156,5,0
r5k1/pp4bp/2p1q1p1/8/P2p4/2P1n3/1P2Q1PP/RNB3K1,True,0.0,9,2156,5,0
r5k1/pp4bp/2p1q1p1/8/P2p4/2P1B3/1P2Q1PP/RN4K1,False,0.0,11,2098,5,0
r5k1/pp4bp/2p3p1/8/P2p4/2P1q3/1P2Q1PP/RN4K1,True,0.0,2,2156,4,0
r5k1/pp4bp/2p3p1/8/P7/2P1p3/1P4PP/RN4K1,True,0.0,16,2156,5,0
r5k1/pp4bp/2p3p1/8/P7/N1P1p3/1P4PP/R5K1,False,0.0,4,2098,5,0
3r2k1/pp4bp/2p3p1/8/P7/N1P1p3/1P4PP/R5K1,True,0.0,4,2156,5,0
3r2k1/pp4bp/2p3p1/8/P1N5/2P1p3/1P4PP/R5K1,False,0.0,6,2098,5,0
3r2k1/pp4bp/2p3p1/8/P1N5/2P5/1P2p1PP/R5K1,True,0.0,6,2156,5,0
3r2k1/pp4bp/2p3p1/8/P1N5/2P5/1P2p1PP/4R1K1,False,0.0,4,2098,5,0
3r2k1/p5bp/2p3p1/1p6/P1N5/2P5/1P2p1PP/4R1K1,True,0.0,5,2156,5,0
3r2k1/p5bp/6p1/1p6/2N5/2P5/1P2p1PP/4R1K1,True,0.0,5,2156,5,0
3r2k1/p5bp/6p1/1p6/8/2P1N3/1P2p1PP/4R1K1,False,0.0,4,2098,5,0
6k1/p5bp/6p1/1p6/8/2P1N3/1P1rp1PP/4R1K1,True,0.0,5,2156,5,0
6k1/p5bp/6p1/1p6/8/2P1N3/1P1rpKPP/4R3,False,0.0,2,2098,5,0
6k1/p5bp/6p1/1p6/8/2P1N3/1r2pKPP/4R3,True,0.0,1,2156,5,0
6k1/p5bp/6p1/1p6/8/2P1N3/1r2RKPP/8,False,0.0,3,2098,5,0
6k1/p5bp/6p1/1p6/8/2P1N3/4rKPP/8,True,0.0,1,2156,5,0
6k1/p5bp/6p1/1p6/8/2P1N3/4K1PP/8,False,0.0,2,2098,5,0
6k1/p6p/6p1/1p6/8/2b1N3/4K1PP/8,True,0.0,13,2156,5,0
6k1/p6p/6p1/1p1N4/8/2b5/4K1PP/8,False,0.0,10,2098,5,0
6k1/p6p/6p1/bp1N4/8/8/4K1PP/8,True,0.0,7,2156,5,0
8/p3Nk1p/6p1/bp6/8/8/4K1PP/8,True,0.0,2,2156,5,0
8/p4k1p/2N3p1/bp6/8/8/4K1PP/8,False,0.0,1,2098,5,0
8/p4k1p/1bN3p1/1p6/8/8/4K1PP/8,True,0.0,4,2156,5,0
8/p4k1p/1bN3p1/1p6/8/3K4/6PP/8,False,0.0,7,2098,5,0
8/p6p/1bN1k1p1/1p6/8/3K4/6PP/8,True,0.0,11,2156,5,0
8/p6p/1b2k1p1/1p6/1N6/3K4/6PP/8,False,0.0,4,2098,5,0
8/7p/1b2k1p1/pp6/1N6/3K4/6PP/8,True,0.0,10,2156,5,0
8/7p/1b2k1p1/pp6/8/3K4/N5PP/8,False,0.0,20,2098,5,0
8/7p/1b4p1/pp1k4/8/3K4/N5PP/8,True,0.0,2,2156,5,0
8/7p/1b4p1/ppk5/8/2NK4/6PP/8,True,0.0,2,2156,5,0
8/7p/1b4p1/pp6/1k2N3/3K4/6PP/8,True,0.0,2,2156,5,0
8/7p/1b3Np1/pp6/1k6/3K4/6PP/8,False,0.0,4,2098,5,0
8/7p/1b3Np1/pp6/8/1k1K4/6PP/8,True,0.0,4,2156,5,0
rnbq1rk1/pp2ppbp/5np1/3p4/3P1B2/2PB3P/PP3PP1/RN1QK1NR,True,0.0,1,2268,5,0
rnbq1rk1/pp2ppbp/5np1/3p4/3P1B2/2PB1N1P/PP3PP1/RN1QK2R,False,0.0,1,2280,5,0
r1bq1rk1/pp2ppbp/2n2np1/3p4/3P1B2/2PB1N1P/PP3PP1/RN1QK2R,True,0.003,3,2268,5,0
r1bq1rk1/pp2ppbp/2n2np1/3p4/3P1B2/2PB1N1P/PP1N1PP1/R2QK2R,False,0.002,1,2280,5,0
r1bq1rk1/1p2ppbp/p1n2np1/3p4/3P1B2/2PB1N1P/PP1N1PP1/R2QK2R,True,0.0,1,2268,5,0
r1bqnrk1/1p2ppbp/p1n3p1/3p4/3P1B2/2PB1N1P/PP1N1PP1/R2Q1RK1,True,0.028000000000000025,1,2268,5,0
r1bqnrk1/1p2ppbp/p1n3p1/3p4/3P1B2/2PB1N1P/PP1N1PP1/R2QR1K1,False,0.04499999999999993,1,2280,5,0
r1bq1rk1/1p2ppbp/p1nn2p1/3p4/3P1B2/2PB1N1P/PP1N1PP1/R2QR1K1,True,0.07100000000000006,12,2268,5,0
r1bq1rk1/1p2ppbp/p1nn2p1/3p4/1P1P1B2/2PB1N1P/P2N1PP1/R2QR1K1,False,0.0,8,2280,5,0
r2q1rk1/1p2ppbp/p1nn2p1/3p1b2/1P1P1B2/2PB1N1P/P2N1PP1/R2QR1K1,True,0.0,4,2268,5,0
r2q1rk1/1p2ppbp/p1nn2p1/3p1b2/1P1P1B2/2PB1N1P/P1QN1PP1/R3R1K1,False,0.0,2,2280,5,0
2rq1rk1/1p2ppbp/p1nn2p1/3p1b2/1P1P1B2/2PB1N1P/P1QN1PP1/R3R1K1,True,0.195,10,2268,5,0
2rq1rk1/1p2ppbp/p1nn2p1/3p1B2/1P1P1B2/2P2N1P/P1QN1PP1/R3R1K1,False,0.0,1,2280,5,0
2rq1rk1/1p2ppbp/p1n3p1/3p1n2/1P1P1B2/2P2N1P/P1QN1PP1/R3R1K1,True,0.0,2,2268,5,0
2rq1rk1/1p2ppbp/p1n3p1/3p1n2/1P1P1B2/2PQ1N1P/P2N1PP1/R3R1K1,False,0.17099999999999999,5,2280,5,0
2rq1rk1/4ppbp/p1n3p1/1p1p1n2/1P1P1B2/2PQ1N1P/P2N1PP1/R3R1K1,True,0.10699999999999998,4,2268,5,0
2rq1rk1/4ppbp/p1n3p1/1p1p1n2/PP1P1B2/2PQ1N1P/3N1PP1/R3R1K1,False,0.0,31,2280,5,0
2r2rk1/4ppbp/pqn3p1/1p1p1n2/PP1P1B2/2PQ1N1P/3N1PP1/R3R1K1,True,0.0,4,2268,5,0
2r2rk1/4ppbp/pqn3p1/1P1p1n2/1P1P1B2/2PQ1N1P/3N1PP1/R3R1K1,False,0.0,3,2280,5,0
2r2rk1/4ppbp/1qn3p1/1p1p1n2/1P1P1B2/2PQ1N1P/3N1PP1/R3R1K1,True,0.272,10,2268,5,0
2r2rk1/4ppbp/1qn3p1/1p1p1n2/1P1P1B2/1NPQ1N1P/5PP1/R3R1K1,False,0.05600000000000005,4,2280,5,0
2r2rk1/5pbp/1qn1p1p1/1p1p1n2/1P1P1B2/1NPQ1N1P/5PP1/R3R1K1,True,0.0,3,2268,5,0
2r2rk1/5pbp/1qn1p1p1/1pNp1n2/1P1P1B2/2PQ1N1P/5PP1/R3R1K1,False,0.0,5,2280,5,0
2rr2k1/5pbp/1qn1p1p1/1pNp1n2/1P1P1B2/2PQ1N1P/5PP1/R3R1K1,True,0.0,11,2268,5,0
2rr2k1/5pbp/Rqn1p1p1/1pNp1n2/1P1P1B2/2PQ1N1P/5PP1/4R1K1,False,0.0,22,2280,5,0
2rr2k1/5pbp/q1n1p1p1/1pNp1n2/1P1P1B2/2PQ1N1P/5PP1/4R1K1,True,0.0,2,2268,5,0
2rr2k1/5pbp/N1n1p1p1/1p1p1n2/1P1P1B2/2PQ1N1P/5PP1/4R1K1,False,0.0,5,2280,5,0
2r1r1k1/5pbp/N1n1p1p1/1p1p1n2/1P1P1B2/2PQ1N1P/5PP1/4R1K1,True,0.0,8,2268,5,0
2r1r1k1/5pbp/N1n1p1p1/1Q1p1n2/1P1P1B2/2P2N1P/5PP1/4R1K1,False,0.0,2,2280,5,0
2r1r1k1/6bp/N1n1ppp1/1Q1p1n2/1P1P1B2/2P2N1P/5PP1/4R1K1,True,0.0,8,2268,5,0
2r1r1k1/6bp/2n1ppp1/1QNp1n2/1P1P1B2/2P2N1P/5PP1/4R1K1,False,0.0,8,2280,5,0
2r1r1k1/6bp/2n2pp1/1QNppn2/1P1P1B2/2P2N1P/5PP1/4R1K1,True,0.0,2,2268,5,0
2r1r1k1/6bp/2n2pp1/1QNpPn2/1P3B2/2P2N1P/5PP1/4R1K1,False,0.0,1,2280,5,0
2r1r1k1/6bp/2n3p1/1QNppn2/1P3B2/2P2N1P/5PP1/4R1K1,True,0.0,11,2268,5,0
2r1r1k1/6bp/2n3p1/1QNppn2/1P6/2P2N1P/3B1PP1/4R1K1,False,0.0,1,2280,5,0
2r1r1k1/6bp/2n3p1/1QNp1n2/1P2p3/2P2N1P/3B1PP1/4R1K1,True,0.0,30,2268,5,0
2r1r1k1/6bp/2n3p1/1QNp1n2/1P2p3/2P4P/3B1PPN/4R1K1,False,0.0,9,2280,5,0
2r1r1k1/6bp/6p1/1QNpnn2/1P2p3/2P4P/3B1PPN/4R1K1,True,0.0,9,2268,5,0
2r1r1k1/1Q4bp/6p1/2Npnn2/1P2p3/2P4P/3B1PPN/4R1K1,False,0.0,6,2280,5,0
3rr1k1/1Q4bp/6p1/2Npnn2/1P2p3/2P4P/3B1PPN/4R1K1,True,0.0,5,2268,5,0
3rr1k1/1Q4bp/6p1/2NpnnB1/1P2p3/2P4P/5PPN/4R1K1,False,0.0,7,2280,5,0
4r1k1/1Q4bp/3r2p1/2NpnnB1/1P2p3/2P4P/5PPN/4R1K1,True,0.0,9,2268,5,0
4r1k1/1Q4bp/3r2p1/2Npnn2/1P2pB2/2P4P/5PPN/4R1K1,False,0.0,9,2280,5,0
4r1k1/1Q4b1/3r2pp/2Npnn2/1P2pB2/2P4P/5PPN/4R1K1,True,0.0,3,2268,5,0
4r1k1/1Q4b1/3r2pp/2Npnn2/1P2pBN1/2P4P/5PP1/4R1K1,False,0.0,7,2280,5,0
4r1k1/1Q4b1/3r3p/2Npnnp1/1P2pBN1/2P4P/5PP1/4R1K1,True,0.0,7,2268,5,0
4r1k1/1Q4b1/3r3p/2NpBnp1/1P2p1N1/2P4P/5PP1/4R1K1,False,0.0,2,2280,5,0
4r1k1/1Q6/3r3p/2Npbnp1/1P2p1N1/2P4P/5PP1/4R1K1,True,0.0,13,2268,5,0
4r1k1/1Q6/3r3p/2NpNnp1/1P2p3/2P4P/5PP1/4R1K1,False,0.0,1,2280,5,0
6k1/1Q6/3r3p/2Nprnp1/1P2p3/2P4P/5PP1/4R1K1,True,0.0,4,2268,5,0
6k1/1Q6/3r3p/2Nprnp1/1P2p3/2P4P/5PP1/R5K1,False,0.0,7,2280,5,0
6k1/1Q2r3/3r3p/2Np1np1/1P2p3/2P4P/5PP1/R5K1,True,0.0,18,2268,5,0
2Q5/4r1k1/3r3p/2Np1np1/1P2p3/2P4P/5PP1/R5K1,True,0.0,2,2268,5,0
8/4r1k1/3r3p/2Np1Qp1/1P2p3/2P4P/5PP1/R5K1,False,0.0,2,2280,5,0
8/4r1k1/5r1p/2Np1Qp1/1P2p3/2P4P/5PP1/R5K1,True,0.0,4,2268,5,0
r3k2r/ppp1qppp/2nb1n2/8/6b1/5NP1/PPP1PPBP/RNBQ1RK1,True,0.0,14,2074,5,0
r3k2r/ppp1qppp/2nb1n2/8/6b1/2P2NP1/PP2PPBP/RNBQ1RK1,False,0.0,3,2011,5,0
r4rk1/ppp1qppp/2nb1n2/8/6b1/2P2NP1/PP2PPBP/RNBQ1RK1,True,0.236,5,2074,5,0
r4rk1/ppp1qppp/2nb1n2/6B1/6b1/2P2NP1/PP2PPBP/RN1Q1RK1,False,0.016000000000000014,1,2011,5,0
r4rk1/ppp1qpp1/2nb1n1p/6B1/6b1/2P2NP1/PP2PPBP/RN1Q1RK1,True,0.0,2,2074,5,0
r4rk1/ppp1qpp1/2nb1B1p/8/6b1/2P2NP1/PP2PPBP/RN1Q1RK1,False,0.0,2,2011,5,0
r4rk1/ppp2pp1/2nb1q1p/8/6b1/2P2NP1/PP2PPBP/RN1Q1RK1,True,0.0,2,2074,5,0
r4rk1/ppp2pp1/2nb1q1p/8/Q5b1/2P2NP1/PP2PPBP/RN3RK1,False,0.0,5,2011,5,0
r4rk1/pppb1pp1/2nb1q1p/8/Q7/2P2NP1/PP2PPBP/RN3RK1,True,0.0,7,2074,5,0
r4rk1/pppb1pp1/2nb1q1p/8/8/1QP2NP1/PP2PPBP/RN3RK1,False,0.0,4,2011,5,0
r4rk1/pppb1pp1/3b1q1p/n7/8/1QP2NP1/PP2PPBP/RN3RK1,True,0.017000000000000015,7,2074,5,0
r4rk1/pppb1pp1/3b1q1p/n7/8/2P2NP1/PPQ1PPBP/RN3RK1,False,0.0,3,2011,5,0
4rrk1/pppb1pp1/3b1q1p/n7/8/2P2NP1/PPQ1PPBP/RN3RK1,True,0.030000000000000027,4,2074,5,0
4rrk1/pppb1pp1/3b1q1p/n7/8/2P2NP1/PPQNPPBP/R4RK1,False,0.05300000000000005,13,2011,5,0
4rrk1/ppp2pp1/2bb1q1p/n7/8/2P2NP1/PPQNPPBP/R4RK1,True,0.0,5,2074,5,0
4rrk1/ppp2pp1/2bb1q1p/n7/8/2P1PNP1/PPQN1PBP/R4RK1,False,0.0010000000000000009,6,2011,5,0
4rrk1/p1p2pp1/1pbb1q1p/n7/8/2P1PNP1/PPQN1PBP/R4RK1,True,0.0,4,2074,5,0
4rrk1/p1p2pp1/1pbb1q1p/n7/8/1NP1PNP1/PPQ2PBP/R4RK1,False,0.252,5,2011,5,0
4rrk1/p1p2pp1/1pbb1q1p/8/2n5/1NP1PNP1/PPQ2PBP/R4RK1,True,0.0,5,2074,5,0
4rrk1/p1p2pp1/1pbb1q1p/8/2nN4/2P1PNP1/PPQ2PBP/R4RK1,False,0.0,3,2011,5,0
b3rrk1/p1p2pp1/1p1b1q1p/8/2nN4/2P1PNP1/PPQ2PBP/R4RK1,True,0.0,15,2074,5,0
b3rrk1/p1p2pp1/1p1b1q1p/8/2nN4/2P1PNP1/PPQ2PBP/3R1RK1,False,0.0,9,2011,5,0
b3rrk1/p1p2pp1/1p1b1q1p/4n3/3N4/2P1PNP1/PPQ2PBP/3R1RK1,True,0.0,20,2074,5,0
b3rrk1/p1p2pp1/1p1b1q1p/4N3/3N4/2P1P1P1/PPQ2PBP/3R1RK1,False,0.0,3,2011,5,0
4rrk1/p1p2pp1/1p1b1q1p/4N3/3N4/2P1P1P1/PPQ2PbP/3R1RK1,True,0.0010000000000000009,2,2074,5,0
4rrk1/p1p2pp1/1p1b1q1p/4N3/3N4/2P1P1P1/PPQ2PKP/3R1R2,False,0.0,5,2011,5,0
5rk1/p1p2pp1/1p1b1q1p/4r3/3N4/2P1P1P1/PPQ2PKP/3R1R2,True,0.0,10,2074,5,0
5rk1/p1p2pp1/1p1b1q1p/4r3/3N4/2P1P1P1/PPQR1PKP/5R2,False,0.0010000000000000009,4,2011,5,0
4r1k1/p1p2pp1/1p1b1q1p/4r3/3N4/2P1P1P1/PPQR1PKP/5R2,True,0.0,2,2074,5,0
4r1k1/p1p2pp1/1p1b1q1p/4r3/3N4/2P1P1P1/PPQR1PKP/3R4,False,0.0010000000000000009,8,2011,5,0
4r1k1/p1p2pp1/1p3q1p/2b1r3/3N4/2P1P1P1/PPQR1PKP/3R4,True,0.0,19,2074,5,0
4r1k1/p1p2pp1/1p3q1p/2b1r3/1P1N4/2P1P1P1/P1QR1PKP/3R4,False,0.0,5,2011,5,0
4r1k1/p1p2pp1/1p1b1q1p/4r3/1P1N4/2P1P1P1/P1QR1PKP/3R4,True,0.0,6,2074,5,0
4r1k1/p1p2pp1/1p1b1q1p/4r3/PP1N4/2P1P1P1/2QR1PKP/3R4,False,0.0010000000000000009,2,2011,5,0
4r1k1/p1p2pp1/1p1b1q1p/8/PP1Nr3/2P1P1P1/2QR1PKP/3R4,True,0.009000000000000008,3,2074,5,0
4r1k1/p1p2pp1/1p1b1q1p/1P6/P2Nr3/2P1P1P1/2QR1PKP/3R4,False,0.0,7,2011,5,0
4r1k1/p1p2pp1/1p3q1p/1Pb5/P2Nr3/2P1P1P1/2QR1PKP/3R4,True,0.0020000000000000018,11,2074,5,0
4r1k1/p1p2pp1/1pN2q1p/1Pb5/P3r3/2P1P1P1/2QR1PKP/3R4,False,0.013000000000000012,12,2011,5,0
4r1k1/p1p2p2/1pN2qpp/1Pb5/P3r3/2P1P1P1/2QR1PKP/3R4,True,0.01200000000000001,6,2074,5,0
4r1k1/N1p2p2/1p3qpp/1Pb5/P3r3/2P1P1P1/2QR1PKP/3R4,False,0.0,15,2011,5,0
4r1k1/N1p2p2/1p1b1qpp/1P6/P3r3/2P1P1P1/2QR1PKP/3R4,True,0.0,3,2074,5,0
4r1k1/2p2p2/1pNb1qpp/1P6/P3r3/2P1P1P1/2QR1PKP/3R4,False,0.0,4,2011,5,0
4r3/2p2pk1/1pNb1qpp/1P6/P3r3/2P1P1P1/2QR1PKP/3R4,True,0.0,9,2074,5,0
4r3/2p2pk1/1p1b1qpp/1P6/P2Nr3/2P1P1P1/2QR1PKP/3R4,False,0.0,12,2011,5,0
8/2p2pk1/1p1b1qpp/1P2r3/P2Nr3/2P1P1P1/2QR1PKP/3R4,True,0.0,9,2074,5,0
8/2p2pk1/1pNb1qpp/1P2r3/P3r3/2P1P1P1/2QR1PKP/3R4,False,0.0,1,2011,5,0
4r3/2p2pk1/1pNb1qpp/1P6/P3r3/2P1P1P1/2QR1PKP/3R4,True,0.0,13,2074,5,0
4r3/2p2pk1/1pNb1qpp/1P6/P2Rr3/2P1P1P1/2Q2PKP/3R4,False,0.0,6,2011,5,0
4r3/2p2pk1/1pNbrqpp/1P6/P2R4/2P1P1P1/2Q2PKP/3R4,True,0.0,29,2074,5,0
4r3/2p2pk1/1pNbrqpp/1P6/P2R4/2PQP1P1/5PKP/3R4,False,0.0,4,2011,5,0
4r3/2p2pk1/1pN1rqpp/1Pb5/P2R4/2PQP1P1/5PKP/3R4,True,0.0,4,2074,5,0
3Rr3/2p2pk1/1pN1rqpp/1Pb5/P7/2PQP1P1/5PKP/3R4,False,0.0,17,2011,5,0
3Rr3/2p2pk1/1pNr1qpp/1Pb5/P7/2PQP1P1/5PKP/3R4,True,0.0,4,2074,5,0
4r3/2p2pk1/1pNR1qpp/1Pb5/P7/2PQP1P1/5PKP/3R4,False,0.0,5,2011,5,0
4r3/5pk1/1pNp1qpp/1Pb5/P7/2PQP1P1/5PKP/3R4,True,0.0,10,2074,5,0
4r3/5pk1/1p1p1qpp/1Pb5/P2N4/2PQP1P1/5PKP/3R4,False,0.0,5,2011,5,0
8/5pk1/1p1p1qpp/1Pb1r3/P2N4/2PQP1P1/5PKP/3R4,True,0.0,3,2074,5,0
8/5pk1/1p1p1qpp/1Pb1r3/P2N1P2/2PQP1P1/6KP/3R4,False,0.0,8,2011,5,0
4r3/5pk1/1p1p1qpp/1Pb5/P2N1P2/2PQP1P1/6KP/3R4,True,0.667,5,2074,5,0
4r3/5pk1/1p1p1qpp/1Pb5/P2N1P2/2PQP1P1/6KP/4R3,False,0.71,6,2011,5,0
3qr3/5pk1/1p1p2pp/1Pb5/P2N1P2/2PQP1P1/6KP/4R3,True,0.0,2,2074,5,0
r1bqkb1r/pp1p1p1p/2n1p2p/2p1P3/3P4/2P2N1P/PP3PP1/RN1QKB1R,True,0.0,1,2113,5,0
r1bqkb1r/pp1p1p1p/2n1p2p/2p1P3/3P4/2P2N1P/PP1N1PP1/R2QKB1R,False,0.09499999999999997,1,2272,5,0
r1bqkb1r/pp1p1p1p/2n1p2p/4P3/3p4/2P2N1P/PP1N1PP1/R2QKB1R,True,0.0,1,2113,5,0
r1bqkb1r/pp1p1p1p/2n1p2p/4P3/3P4/5N1P/PP1N1PP1/R2QKB1R,False,0.48900000000000005,1,2272,5,0
r1b1kb1r/pp1p1p1p/1qn1p2p/4P3/3P4/5N1P/PP1N1PP1/R2QKB1R,True,0.02100000000000002,17,2113,5,0
r1b1kb1r/pp1p1p1p/1qn1p2p/4P3/3PN3/5N1P/PP3PP1/R2QKB1R,False,0.0,4,2272,5,0
r1b1kb1r/pp1p1p1p/2n1p2p/4P3/3PN3/5N1P/Pq3PP1/R2QKB1R,True,0.09,3,2113,5,0
r1bk1b1r/pp1p1p1p/2n1pN1p/4P3/3P4/5N1P/Pq3PP1/R2QKB1R,True,0.007,31,2113,5,0
r1bk1b1r/pp1p1p1p/2n1pN1p/4P3/3P4/5N1P/Pq2BPP1/R2QK2R,False,0.134,2,2272,5,0
r1bk3r/pp1p1p1p/2n1pN1p/4P3/1b1P4/5N1P/Pq2BPP1/R2QK2R,True,0.0,1,2113,3,0
r1bk3r/pp1p1p1p/2n1pN1p/4P3/1b1P4/5N1P/Pq2BPP1/R2Q1K1R,False,0.07499999999999996,5,2272,5,0
r1bk3r/pp1p1p1p/2n1pN1p/4P3/3P4/2b2N1P/Pq2BPP1/R2Q1K1R,True,0.0,1,2113,5,0
r1bk3r/pp1p1p1p/2n1pN1p/4P3/3P4/2b2N1P/Pq2BPP1/1R1Q1K1R,False,0.0,2,2272,5,0
r1bk3r/pp1p1p1p/2n1pN1p/4P3/3P4/2b2N1P/q3BPP1/1R1Q1K1R,True,0.0,19,2113,5,0
r1bk3r/pp1p1p1p/2n1pN1p/4P3/3P4/2b2N1P/q3BPP1/2RQ1K1R,False,0.0,17,2272,5,0
r1bk3r/pp1p1p1p/2n1pN1p/4P3/1b1P4/5N1P/q3BPP1/2RQ1K1R,True,0.0,5,2113,5,0
r1bk3r/pp1p1p1p/2n1pN1p/4P3/1bBP4/5N1P/q4PP1/2RQ1K1R,False,0.0,4,2272,5,0
r1bk3r/pp1p1p1p/2n1pN1p/q3P3/1bBP4/5N1P/5PP1/2RQ1K1R,True,0.0,18,2113,5,0
r1bk3r/pp1p1p1p/2n1pN1p/q2PP3/1bB5/5N1P/5PP1/2RQ1K1R,False,0.0,9,2272,5,0
r1bk3r/pp1p1p1p/2n2N1p/q2pP3/1bB5/5N1P/5PP1/2RQ1K1R,True,0.05900000000000005,2,2113,5,0
r1bk3r/pp1p1p1p/2n2N1p/q2BP3/1b6/5N1P/5PP1/2RQ1K1R,False,0.0010000000000000009,8,2272,5,0
r1bk3r/pp1pbp1p/2n2N1p/q2BP3/8/5N1P/5PP1/2RQ1K1R,True,0.246,41,2113,5,0
r1bk3r/pp1pbp1p/2n2N1p/q2BP3/8/5N1P/5PP1/2RQ2KR,False,0.0,3,2272,5,0
r1bk3r/pp1p1p1p/2n2b1p/q2BP3/8/5N1P/5PP1/2RQ2KR,True,0.0,1,2113,5,0
r1bk3r/pp1p1p1p/2n2P1p/q2B4/8/5N1P/5PP1/2RQ2KR,False,0.882,8,2272,5,0
r1bk1r2/pp1p1p1p/2n2P1p/q2B4/8/5N1P/5PP1/2RQ2KR,True,0.8260000000000001,24,2113,5,0
r1bk1r2/pp1p1p1p/2n2P1p/q2B4/8/5N1P/5PPK/2RQ3R,False,0.0,11,2272,5,0
r1bk1r2/ppqp1p1p/2n2P1p/3B4/8/5N1P/5PPK/2RQ3R,True,0.0,2,2113,3,0
r1bk1r2/ppqp1p1p/2n2P1p/3B4/8/5NPP/5P1K/2RQ3R,False,0.0,3,2272,5,0
r1bk1r2/ppq2p1p/2np1P1p/3B4/8/5NPP/5P1K/2RQ3R,True,0.0,6,2113,5,0
r1bk1r2/ppq2p1p/2np1P1p/3B4/8/5NPP/5P1K/2RQR3,False,0.0,5,2272,5,0
r2k1r2/ppq2p1p/2npbP1p/3B4/8/5NPP/5P1K/2RQR3,True,0.0,6,2113,5,0
r2k1r2/ppq2p1p/2npBP1p/8/8/5NPP/5P1K/2RQR3,False,0.0,1,2272,5,0
r2k1r2/ppq4p/2nppP1p/8/8/5NPP/5P1K/2RQR3,True,0.0,1,2113,5,0
r2k1r2/ppq4p/2npRP1p/8/8/5NPP/5P1K/2RQ4,False,0.0,11,2272,5,0
r2k4/ppq2r1p/2npRP1p/8/8/5NPP/5P1K/2RQ4,True,0.0,8,2113,5,0
r2k4/ppq2r1p/2npRP1p/4N3/8/6PP/5P1K/2RQ4,False,0.0,19,2272,5,0
r2k1r2/ppq4p/2npRP1p/4N3/8/6PP/5P1K/2RQ4,True,0.0,4,2113,5,0
r1k2r2/ppq4p/2nR1P1p/4N3/8/6PP/5P1K/2RQ4,True,0.0,2,2113,5,0
r1k2r2/ppqR3p/2n2P1p/4N3/8/6PP/5P1K/2RQ4,False,0.0,4,2272,5,0
r1k2r2/pp1R3p/2n2P1p/4q3/8/6PP/5P1K/2RQ4,True,1.0,16,2113,5,0
r1k2r2/pp1R1P1p/2n4p/4q3/8/6PP/5P1K/2RQ4,False,0.9089999999999999,2,2272,5,0
r1k2r2/1p1R1P1p/2n4p/p3q3/8/6PP/5P1K/2RQ4,True,0.0,53,2113,5,0
r1k2r2/1p1R1P1p/2n4p/p3q3/6Q1/6PP/5P1K/2R5,False,0.0,9,2272,5,0
r1k2r2/1p1R1P1p/2n5/p3q2p/6Q1/6PP/5P1K/2R5,True,0.0,17,2113,5,0
r4r2/1p1Q1P1p/1kn5/p3q2p/8/6PP/5P1K/3R4,True,0.0,1,2113,5,0
r2qk2r/pbpp1pbp/1pn1pnp1/8/4P3/2NP1N1P/PPPBQPP1/R3KB1R,True,0.2,1,2027,5,0
r2qk2r/pbpp1pbp/1pn1pnp1/8/4P3/2NP1N1P/PPPBQPP1/2KR1B1R,False,0.14700000000000002,2,2013,5,0
r3k2r/pbppqpbp/1pn1pnp1/8/4P3/2NP1N1P/PPPBQPP1/2KR1B1R,True,0.20000000000000007,3,2027,5,0
r3k2r/pbppqpbp/1pn1pnp1/8/4P1P1/2NP1N1P/PPPBQP2/2KR1B1R,False,0.04800000000000004,14,2013,5,0
r4rk1/pbppqpbp/1pn1pnp1/8/4P1P1/2NP1N1P/PPPBQP2/2KR1B1R,True,0.079,3,2027,5,0
r4rk1/pbppqpbp/1pn1pnp1/8/4P1P1/2NP1N1P/PPPBQPB1/2KR3R,False,0.0,4,2013,5,0
r4rk1/1bppqpbp/1pn1pnp1/p7/4P1P1/2NP1N1P/PPPBQPB1/2KR3R,True,0.02600000000000001,5,2027,5,0
r4rk1/1bppqpbp/1pn1pnp1/p7/4P1P1/2NP1N1P/PPPBQPB1/2KR2R1,False,0.0,4,2013,5,0
r4rk1/1bppqpbp/1p2pnp1/p7/1n2P1P1/2NP1N1P/PPPBQPB1/2KR2R1,True,0.13500000000000004,3,2027,5,0
r4rk1/1bppqpbp/1p2pnp1/p7/1n2P1P1/2NP1N1P/PPPBQPB1/1K1R2R1,False,0.31999999999999995,2,2013,5,0
r4rk1/1b1pqpbp/1p2pnp1/p1p5/1n2P1P1/2NP1N1P/PPPBQPB1/1K1R2R1,True,0.19699999999999998,2,2027,5,0
r4rk1/1b1pqpbp/1p2pnp1/p1p1P3/1n4P1/2NP1N1P/PPPBQPB1/1K1R2R1,False,0.0,2,2013,5,0
r4rk1/1b1pqpbp/1p2p1p1/p1pnP3/1n4P1/2NP1N1P/PPPBQPB1/1K1R2R1,True,0.0,6,2027,5,0
r4rk1/1b1pqpbp/1p2p1p1/p1pnP3/1n2N1P1/3P1N1P/PPPBQPB1/1K1R2R1,False,0.0,15,2013,5,0
r1r3k1/1b1pqpbp/1p2p1p1/p1pnP3/1n2N1P1/3P1N1P/PPPBQPB1/1K1R2R1,True,0.0010000000000000009,3,2027,5,0
r1r3k1/1b1pqpbp/1p1Np1p1/p1pnP3/1n4P1/3P1N1P/PPPBQPB1/1K1R2R1,False,0.0,6,2013,5,0
r5k1/1brpqpbp/1p1Np1p1/p1pnP3/1n4P1/3P1N1P/PPPBQPB1/1K1R2R1,True,0.0,5,2027,5,0
r5k1/1r1pqpbp/1p2p1p1/p1pnP3/1n4P1/3P1N1P/PPPBQPB1/1K1R2R1,True,0.0,13,2027,5,0
r5k1/1r1pqpbp/1p2p1p1/p1pnP3/1n4P1/P2P1N1P/1PPBQPB1/1K1R2R1,False,0.0,6,2013,5,0
r5k1/1r1pqpbp/1pn1p1p1/p1pnP3/6P1/P2P1N1P/1PPBQPB1/1K1R2R1,True,0.0,7,2027,5,0
r5k1/1r1pqpbp/1pn1p1p1/p1pnP1N1/6P1/P2P3P/1PPBQPB1/1K1R2R1,False,0.912,10,2013,5,0
r5k1/1r1pqpbp/1p2p1p1/p1pnn1N1/6P1/P2P3P/1PPBQPB1/1K1R2R1,True,0.998,3,2027,5,0
r5k1/1r1pqpbp/1p2p1p1/p1pnn1N1/5PP1/P2P3P/1PPBQ1B1/1K1R2R1,False,0.0,8,2013,5,0
r5k1/1r1pqpbp/1pn1p1p1/p1pn2N1/5PP1/P2P3P/1PPBQ1B1/1K1R2R1,True,0.0,32,2027,5,0
r5k1/1r1pqpbp/1pn1p1p1/p1pn2N1/5PP1/P2P3P/1PPBQ1B1/1K1R1R2,False,0.655,8,2013,5,0
r5k1/1r1p1pbp/1pn1pqp1/p1pn2N1/5PP1/P2P3P/1PPBQ1B1/1K1R1R2,True,0.028,1,2027,5,0
r5k1/1r1p1pbp/1pn1pqp1/p1pn2N1/5PP1/P1PP3P/1P1BQ1B1/1K1R1R2,False,0.21899999999999997,10,2013,5,0
r5k1/1r1p1pbp/1pn1pqp1/p1p3N1/5nP1/P1PP3P/1P1BQ1B1/1K1R1R2,True,0.0,5,2027,5,0
r5k1/1r1p1pbp/1pn1pqp1/p1p3N1/5BP1/P1PP3P/1P2Q1B1/1K1R1R2,False,0.0,15,2013,5,0
r2q2k1/1r1p1pbp/1pn1p1p1/p1p3N1/5BP1/P1PP3P/1P2Q1B1/1K1R1R2,True,0.0,8,2027,5,0
r2q2k1/1r1p1pbp/1pn1p1p1/p1p3N1/5BPP/P1PP4/1P2Q1B1/1K1R1R2,False,0.0,1,2013,5,0
r2q2k1/1r1p1pbp/2n1p1p1/ppp3N1/5BPP/P1PP4/1P2Q1B1/1K1R1R2,True,0.0,2,2027,5,0
r2q2k1/1r1p1pbp/2n1p1p1/ppp3NP/5BP1/P1PP4/1P2Q1B1/1K1R1R2,False,0.0,4,2013,5,0
r2q2k1/1r1p1pbp/2n1p1p1/p1p3NP/1p3BP1/P1PP4/1P2Q1B1/1K1R1R2,True,0.0,15,2027,5,0
r2q2k1/1r1p1pbp/2n1p1P1/p1p3N1/1p3BP1/P1PP4/1P2Q1B1/1K1R1R2,False,0.0,6,2013,5,0
r2q2k1/1r1p1pb1/2n1p1p1/p1p3N1/1p3BP1/P1PP4/1P2Q1B1/1K1R1R2,True,0.0,6,2027,5,0
r2q2k1/1r1p1pb1/2B1p1p1/p1p3N1/1p3BP1/P1PP4/1P2Q3/1K1R1R2,False,0.0,3,2013,5,0
r2q2k1/1r3pb1/2p1p1p1/p1p3N1/1p3BP1/P1PP4/1P2Q3/1K1R1R2,True,1.0,139,2027,5,0
r2q2k1/1r3pb1/2p1p1p1/p1p3N1/1p4P1/P1PP4/1P2Q3/1KBR1R2,False,0.02400000000000002,11,2013,5,0
r2q2k1/1r3pb1/2p1p1p1/p1p3N1/6P1/p1PP4/1P2Q3/1KBR1R2,True,1.0,11,2027,5,0
r2q2k1/1r3pb1/2p1p1p1/p1p3N1/6P1/p1PP4/1P2QR2/1KBR4,False,1.0,2,2013,5,0
r2q2k1/1r3pb1/2p1p1p1/p1p3N1/6P1/2PP4/1p2QR2/1KBR4,True,0.001,7,2027,5,0
r2q2k1/1r3pb1/2p1p1p1/p1p3N1/6P1/2PPB3/1p2QR2/1K1R4,False,1.0,8,2013,5,0
r2q2k1/1r3p2/2p1p1p1/p1p3N1/6P1/2bPB3/1p2QR2/1K1R4,True,0.002,2,2027,5,0
r2q2k1/1r3p2/2p1p1p1/p1p3N1/6P1/2bPB3/1p2QR2/1K3R2,False,0.6599999999999999,17,2013,5,0
r2q2k1/1r6/2p1p1p1/p1p2pN1/6P1/2bPB3/1p2QR2/1K3R2,True,0.858,2,2027,5,0
r2q2k1/1r6/2p1N1p1/p1p2p2/6P1/2bPB3/1p2QR2/1K3R2,False,0.0,11,2013,5,0
r5k1/1r6/2p1N1p1/p1pq1p2/6P1/2bPB3/1p2QR2/1K3R2,True,0.0,1,2027,5,0
r5k1/1r6/2p1N1p1/p1pq1P2/8/2bPB3/1p2QR2/1K3R2,False,0.0,14,2013,5,0
r5k1/1r6/2p1N1p1/2pq1P2/p7/2bPB3/1p2QR2/1K3R2,True,0.0,1,2027,5,0
r5k1/1r6/2p1N1p1/2Bq1P2/p7/2bP4/1p2QR2/1K3R2,False,0.0,14,2013,5,0
r5k1/1r6/2p1N1p1/2Bq1P2/8/p1bP4/1p2QR2/1K3R2,True,0.0,2,2027,5,0
r5k1/1r6/2p1N1p1/2Bq1P2/6Q1/p1bP4/1p3R2/1K3R2,False,0.0,10,2013,5,0
r5k1/1r6/2p1N1p1/2Bq1P2/6Q1/2bP4/pp3R2/1K3R2,True,0.0,2,2027,1,0
r5k1/1r6/2p1N1p1/2Bq1P2/6Q1/2bP4/ppK2R2/5R2,False,0.0,4,2013,5,0
r2qk2r/pppb1ppp/2np1n2/1Bb5/3NP3/2N5/PPP2PPP/R1BQ1RK1,True,0.0,2,2399,5,0
r2qk2r/pppb1ppp/2np1n2/1Bb2N2/4P3/2N5/PPP2PPP/R1BQ1RK1,False,0.0,4,2309,5,0
r2qk2r/ppp2ppp/2np1n2/1Bb2b2/4P3/2N5/PPP2PPP/R1BQ1RK1,True,0.0,2,2399,5,0
r2qk2r/ppp2ppp/2np1n2/1Bb2P2/8/2N5/PPP2PPP/R1BQ1RK1,False,0.019000000000000017,2,2309,5,0
r2q1rk1/ppp2ppp/2np1n2/1Bb2P2/8/2N5/PPP2PPP/R1BQ1RK1,True,0.0,2,2399,5,0
r2q1rk1/ppp2ppp/2np1n2/1Bb2PB1/8/2N5/PPP2PPP/R2Q1RK1,False,0.03700000000000003,4,2309,5,0
r2q1rk1/ppp2ppp/3p1n2/1Bb1nPB1/8/2N5/PPP2PPP/R2Q1RK1,True,0.0,20,2399,5,0
r2q1rk1/ppp2ppp/3p1n2/1Bb1nPB1/4N3/8/PPP2PPP/R2Q1RK1,False,0.0050000000000000044,5,2309,5,0
r2q1rk1/ppp2ppp/3p4/1Bb1nPB1/4n3/8/PPP2PPP/R2Q1RK1,True,0.0,2,2399,5,0
r2B1rk1/ppp2ppp/3p4/1Bb1nP2/4n3/8/PPP2PPP/R2Q1RK1,False,0.0,3,2309,5,0
3r1rk1/ppp2ppp/3p4/1Bb1nP2/4n3/8/PPP2PPP/R2Q1RK1,True,0.0,6,2399,5,0
3r1rk1/ppp2ppp/3p4/2b1nP2/4n3/3B4/PPP2PPP/R2Q1RK1,False,0.0,12,2309,5,0
3r1rk1/ppp2ppp/3p1n2/2b1nP2/8/3B4/PPP2PPP/R2Q1RK1,True,0.0,7,2399,5,0
3r1rk1/ppp2ppp/3p1n2/2b1nP2/8/3B3P/PPP2PP1/R2Q1RK1,False,0.0,3,2309,5,0
3r1rk1/pp3ppp/2pp1n2/2b1nP2/8/3B3P/PPP2PP1/R2Q1RK1,True,0.0010000000000000009,5,2399,5,0
3r1rk1/pp3ppp/2pp1n2/2b1nP2/8/3B3P/PPP2PPK/R2Q1R2,False,0.0,2,2309,5,0
3r1rk1/pp3ppp/2p2n2/2bpnP2/8/3B3P/PPP2PPK/R2Q1R2,True,0.0020000000000000018,1,2399,5,0
3r1rk1/pp3ppp/2p2n2/2bpnP2/5P2/3B3P/PPP3PK/R2Q1R2,False,0.0,10,2309,5,0
3r1rk1/pp1n1ppp/2p2n2/2bp1P2/5P2/3B3P/PPP3PK/R2Q1R2,True,0.0010000000000000009,4,2399,5,0
3r1rk1/pp1n1ppp/2p2n2/2bp1P2/5P2/3B1Q1P/PPP3PK/R4R2,False,0.0,5,2309,5,0
3rr1k1/pp1n1ppp/2p2n2/2bp1P2/5P2/3B1Q1P/PPP3PK/R4R2,True,0.014000000000000012,2,2399,5,0
3rr1k1/pp1n1ppp/2p2n2/2bp1P2/5P2/3B1Q1P/PPP3PK/4RR2,False,1.0,9,2309,5,0
3rr1k1/pp1n1ppp/2pb1n2/3p1P2/5P2/3B1Q1P/PPP3PK/4RR2,True,0.0,8,2399,5,0
3rr1k1/pp1n1ppp/2pb1n2/3p1P2/5PP1/3B1Q1P/PPP4K/4RR2,False,0.0,2,2309,5,0
3rr1k1/pp3ppp/2pb1n2/2np1P2/5PP1/3B1Q1P/PPP4K/4RR2,True,0.0,3,2399,5,0
3rr1k1/pp3ppp/2pb1n2/2np1P2/5PP1/3B1Q1P/PPP3K1/4RR2,False,0.0,3,2309,5,0
3rr1k1/pp3ppp/2pb4/2np1P2/4nPP1/3B1Q1P/PPP3K1/4RR2,True,0.01100000000000001,7,2399,5,0
3rr1k1/pp3ppp/2pb4/2np1P2/1P2nPP1/3B1Q1P/P1P3K1/4RR2,False,0.0,12,2309,5,0
3rr1k1/pp3ppp/2pb4/2np1P2/1P3PP1/3B1Q1P/P1Pn2K1/4RR2,True,0.0,6,2399,5,0
4r1k1/pp3ppp/2pb4/2np1P2/1P3PP1/3B1Q1P/P1Pn2K1/5R2,True,0.0,16,2399,5,0
4r1k1/pp3ppp/2pb4/2np1P2/1P3PP1/3B3P/P1Pn1QK1/5R2,False,0.0,9,2309,5,0
4r1k1/pp3ppp/2pb4/2np1P2/1P3PP1/3B3P/P1P2QK1/5n2,True,0.08999999999999997,7,2399,5,0
4r1k1/pp3ppp/2pb4/2Pp1P2/5PP1/3B3P/P1P2QK1/5n2,False,0.0,14,2309,5,0
4r1k1/pp3ppp/2pb4/2Pp1P2/5PP1/3Bn2P/P1P2QK1/8,True,0.0,3,2399,5,0
4r1k1/pp3ppp/2pb4/2Pp1P2/5PP1/3BnK1P/P1P2Q2/8,False,0.0,2,2309,5,0
4r1k1/pp3ppp/2p5/2bp1P2/5PP1/3BnK1P/P1P2Q2/8,True,0.0,4,2399,5,0
4r1k1/pp3ppp/2p5/2bp1P2/5PP1/3BnK1P/P1P1Q3/8,False,0.0,3,2309,5,0
4rk2/pp3ppp/2p5/2bp1P2/5PP1/3BnK1P/P1P1Q3/8,True,0.0,5,2399,5,0
4rk2/pp3ppp/2p5/2bp1P2/5PP1/3BnK1P/P1PQ4/8,False,0.0,9,2309,5,0
4rk2/p4ppp/1pp5/2bp1P2/5PP1/3BnK1P/P1PQ4/8,True,0.11,5,2399,5,0
4rk2/p4ppp/1pp5/2bp1PP1/5P2/3BnK1P/P1PQ4/8,False,0.09500000000000003,7,2309,5,0
4rk2/5ppp/1pp5/p1bp1PP1/5P2/3BnK1P/P1PQ4/8,True,0.218,5,2399,5,0
4rk2/5ppp/1pp5/p1bp1PP1/P4P2/3BnK1P/2PQ4/8,False,0.0,11,2309,5,0
4rk2/6pp/1pp2p2/p1bp1PP1/P4P2/3BnK1P/2PQ4/8,True,0.0,2,2399,5,0
4rk2/6pp/1pp2p2/p1bp1PP1/P4P1P/3BnK2/2PQ4/8,False,0.018999999999999996,52,2309,5,0
4r3/4k1pp/1pp2p2/p1bp1PP1/P4P1P/3BnK2/2PQ4/8,True,0.332,5,2399,5,0
4r3/4k1pp/1pp2p2/p1bp1PPP/P4P2/3BnK2/2PQ4/8,False,0.0,2,2309,5,0
4r3/4k1p1/1pp2p1p/p1bp1PPP/P4P2/3BnK2/2PQ4/8,True,0.11900000000000001,21,2399,5,0
4r3/4k1p1/1pp2p1p/p1bp1PPP/P4P2/3BnK2/2P4Q/8,False,0.967,5,2309,5,0
4r3/6p1/1ppk1p1p/p1bp1PPP/P4P2/3BnK2/2P4Q/8,True,0.009,14,2399,5,0
4r3/6p1/1ppk1p1p/p1bp1PPP/P4P1Q/3BnK2/2P5/8,False,0.0,16,2309,5,0
4r3/6p1/1ppk1p1p/p2p1PPP/P2b1P1Q/3BnK2/2P5/8,True,0.004,7,2399,5,0
4r3/6p1/1ppk1p1P/p2p1P1P/P2b1P1Q/3BnK2/2P5/8,False,0.0,3,2309,5,0
4r3/8/1ppk1p1p/p2p1P1P/P2b1P1Q/3BnK2/2P5/8,True,0.0,9,2399,5,0
4r3/8/1ppk1p1p/p2p1P1P/P2b1P2/3BnK2/2P5/7Q,False,0.004,3,2309,5,0
6r1/8/1ppk1p1p/p2p1P1P/P2b1P2/3BnK2/2P5/7Q,True,0.004,15,2399,5,0
6r1/8/1ppk1p1p/p2p1P1P/P2b1P2/3BnK2/2P5/2Q5,False,0.006,5,2309,5,0
6r1/8/1ppk1p1p/p1bp1P1P/P4P2/3BnK2/2P5/2Q5,True,0.0,5,2399,5,0
6r1/8/1ppk1p1p/p1bp1P1P/P4P2/3BnK2/1QP5/8,False,0.0,2,2309,5,0
6r1/8/1ppk1p1p/p1b2P1P/P2p1P2/3BnK2/1QP5/8,True,0.0,1,2399,5,0
r1bq1rk1/pp2ppbp/2n2np1/2pp4/8/3PPNB1/PPPNBPPP/R2QK2R,True,0.0,2,2075,5,0
r1bq1rk1/pp2ppbp/2n2np1/2pp4/8/3PPNB1/PPPNBPPP/R2Q1RK1,False,0.0,1,2141,5,0
r1bqr1k1/pp2ppbp/2n2np1/2pp4/8/3PPNB1/PPPNBPPP/R2Q1RK1,True,0.0,3,2075,5,0
r1bqr1k1/pp2ppbp/2n2np1/2pp4/8/P2PPNB1/1PPNBPPP/R2Q1RK1,False,0.017,19,2141,5,0
r1bqr1k1/p3ppbp/1pn2np1/2pp4/8/P2PPNB1/1PPNBPPP/R2Q1RK1,True,0.006,2,2075,5,0
r1bqr1k1/p3ppbp/1pn2np1/2pp4/8/P2PPNB1/1PPNBPPP/1R1Q1RK1,False,0.008,24,2141,5,0
r1bqr1k1/p4pbp/1pn2np1/2ppp3/8/P2PPNB1/1PPNBPPP/1R1Q1RK1,True,0.002,3,2075,5,0
r1bqr1k1/p4pbp/1pn2np1/2ppp3/4P3/P2P1NB1/1PPNBPPP/1R1Q1RK1,False,0.002,10,2141,5,0
r2qr1k1/pb3pbp/1pn2np1/2ppp3/4P3/P2P1NB1/1PPNBPPP/1R1Q1RK1,True,0.0,11,2075,5,0
r2qr1k1/pb3pbp/1pn2np1/2pPp3/8/P2P1NB1/1PPNBPPP/1R1Q1RK1,False,0.0,2,2141,5,0
r2qr1k1/pb3pbp/1pn3p1/2pnp3/8/P2P1NB1/1PPNBPPP/1R1Q1RK1,True,0.0,7,2075,5,0
r2qr1k1/pb3pbp/1pn3p1/2pnp3/2P5/P2P1NB1/1P1NBPPP/1R1Q1RK1,False,0.0,14,2141,5,0
r2qr1k1/pbn2pbp/1pn3p1/2p1p3/2P5/P2P1NB1/1P1NBPPP/1R1Q1RK1,True,0.0,3,2075,5,0
r2qr1k1/pbn2pbp/1pn3p1/2p1p3/2P5/P2P1NB1/1PQNBPPP/1R3RK1,False,0.0,9,2141,5,0
r2qr1k1/pbn2pbp/1p4p1/2p1p3/2Pn4/P2P1NB1/1PQNBPPP/1R3RK1,True,0.0,2,2075,5,0
r2qr1k1/pbn2pbp/1p4p1/2p1p3/2PN4/P2P2B1/1PQNBPPP/1R3RK1,False,0.0,3,2141,5,0
r2qr1k1/pbn2pbp/1p4p1/2p5/2Pp4/P2P2B1/1PQNBPPP/1R3RK1,True,0.0,3,2075,5,0
r2qr1k1/pbn2pbp/1p4p1/2p5/2Pp4/P2P2B1/1PQNBPPP/1R2R1K1,False,0.0,7,2141,5,0
r2qr1k1/pb3pbp/1p2n1p1/2p5/2Pp4/P2P2B1/1PQNBPPP/1R2R1K1,True,0.0,4,2075,5,0
r2qr1k1/pb3pbp/1p2n1p1/2p5/2Pp4/P2P1BB1/1PQN1PPP/1R2R1K1,False,0.0,9,2141,5,0
r2qr1k1/p4pbp/1p2n1p1/2p5/2Pp4/P2P1bB1/1PQN1PPP/1R2R1K1,True,0.0,3,2075,5,0
r2qr1k1/p4pbp/1p2n1p1/2p5/2Pp4/P2P1NB1/1PQ2PPP/1R2R1K1,False,0.102,49,2141,5,0
r2qrnk1/p4pbp/1p4p1/2p5/2Pp4/P2P1NB1/1PQ2PPP/1R2R1K1,True,0.087,2,2075,5,0
r2qrnk1/p4pbp/1p4p1/2p5/2Pp4/P2P1NBP/1PQ2PP1/1R2R1K1,False,0.0,7,2141,5,0
r2qr1k1/p2n1pbp/1p4p1/2p5/2Pp4/P2P1NBP/1PQ2PP1/1R2R1K1,True,0.27,3,2075,5,0
r2qr1k1/p2n1pbp/1p4p1/2p5/P1Pp4/3P1NBP/1PQ2PP1/1R2R1K1,False,0.0,7,2141,5,0
r2qr1k1/p4pbp/1p3np1/2p5/P1Pp4/3P1NBP/1PQ2PP1/1R2R1K1,True,0.0,9,2075,5,0
r2qr1k1/p4pbp/1p3np1/2p5/PPPp4/3P1NBP/2Q2PP1/1R2R1K1,False,0.0,9,2141,5,0
r3r1k1/p2q1pbp/1p3np1/2p5/PPPp4/3P1NBP/2Q2PP1/1R2R1K1,True,0.0,3,2075,5,0
r3r1k1/p2q1pbp/1p3np1/2P5/P1Pp4/3P1NBP/2Q2PP1/1R2R1K1,False,0.0,3,2141,5,0
r3r1k1/p2q1pbp/5np1/2p5/P1Pp4/3P1NBP/2Q2PP1/1R2R1K1,True,0.6759999999999999,3,2075,5,0
r3r1k1/p2q1pbp/5np1/1Rp5/P1Pp4/3P1NBP/2Q2PP1/4R1K1,False,0.0,18,2141,5,0
r5k1/p2q1pbp/5np1/1Rp5/P1Pp4/3P1NBP/2Q2PP1/4r1K1,True,0.0,2,2075,2,0
r5k1/p2q1pbp/5np1/1Rp5/P1Pp4/3P2BP/2Q2PP1/4N1K1,False,0.0,7,2141,5,0
r5k1/p4pbp/2q2np1/1Rp5/P1Pp4/3P2BP/2Q2PP1/4N1K1,True,0.0,8,2075,5,0
r5k1/p4pbp/2q2np1/1Rp5/P1Pp4/3P1NBP/2Q2PP1/6K1,False,0.0,7,2141,5,0
r5k1/p2n1pbp/2q3p1/1Rp5/P1Pp4/3P1NBP/2Q2PP1/6K1,True,0.0,7,2075,5,0
r5k1/p2n1pbp/2q3p1/1Rp5/P1Pp4/3P1NBP/5PP1/1Q4K1,False,0.0,14,2141,5,0
r5k1/p2n1pb1/2q3pp/1Rp5/P1Pp4/3P1NBP/5PP1/1Q4K1,True,0.0,3,2075,5,0
r5k1/p2n1pb1/2q3pp/PRp5/2Pp4/3P1NBP/5PP1/1Q4K1,False,0.0,13,2141,5,0
r5k1/p2n1p2/2q2bpp/PRp5/2Pp4/3P1NBP/5PP1/1Q4K1,True,0.967,2,2075,5,0
r5k1/pR1n1p2/2q2bpp/P1p5/2Pp4/3P1NBP/5PP1/1Q4K1,False,0.0,10,2141,5,0
r5k1/pR1n1p2/4qbpp/P1p5/2Pp4/3P1NBP/5PP1/1Q4K1,True,0.0,13,2075,5,0
r5k1/pR1n1p2/P3qbpp/2p5/2Pp4/3P1NBP/5PP1/1Q4K1,False,0.0,3,2141,5,0
r5k1/pR3p2/P3qbpp/2p1n3/2Pp4/3P1NBP/5PP1/1Q4K1,True,0.0,13,2075,5,0
r5k1/pR3p2/P3qbpp/2p1N3/2Pp4/3P2BP/5PP1/1Q4K1,False,0.0,1,2141,5,0
r5k1/pR3p2/P3q1pp/2p1b3/2Pp4/3P2BP/5PP1/1Q4K1,True,0.44099999999999995,2,2075,5,0
r5k1/pR3p2/P3q1pp/2p1B3/2Pp4/3P3P/5PP1/1Q4K1,False,0.0,1,2141,5,0
r5k1/pR3p2/P5pp/2p1q3/2Pp4/3P3P/5PP1/1Q4K1,True,0.22099999999999997,17,2075,5,0
r5k1/p2R1p2/P5pp/2p1q3/2Pp4/3P3P/5PP1/1Q4K1,False,0.0,2,2141,5,0
r7/p2R1pk1/P5pp/2p1q3/2Pp4/3P3P/5PP1/1Q4K1,True,0.0,3,2075,5,0
r7/pQ1R1pk1/P5pp/2p1q3/2Pp4/3P3P/5PP1/6K1,False,0.0,2,2141,5,0
r7/pQ1R1pk1/P5pp/2p5/2Pp4/3P3P/5PP1/4q1K1,True,0.0,2,2075,1,0
r7/pQ1R1pk1/P5pp/2p5/2Pp4/3P3P/5PPK/4q3,False,0.0,1,2141,5,0
r7/pQ1R1pk1/P5pp/2p5/2Pp4/3P3P/5qPK/8,True,0.0,5,2075,5,0
Q7/p2R1pk1/P5pp/2p5/2Pp4/3P3P/5qPK/8,False,0.0,3,2141,5,0
Q7/p2R1pk1/P5pp/2p5/2Pp1q2/3P3P/6PK/8,True,0.0,4,2075,3,0
Q7/p2R1pk1/P5pp/2p5/2Pp1q2/3P3P/6P1/6K1,False,0.0,2,2141,5,0
Q7/p2R1pk1/P5pp/2p5/2Pp4/3Pq2P/6P1/6K1,True,0.0,8,2075,3,0
Q7/p2R1pk1/P5pp/2p5/2Pp4/3Pq2P/6P1/7K,False,0.967,3,2141,5,0
Q7/p2R1pk1/P5pp/2p5/2Pp4/3P3P/6P1/4q2K,True,0.0,1,2075,1,0
r1bqk2r/pp2ppbp/2n2np1/3p4/3P1B2/2NBP3/PP3PPP/R2QK1NR,True,0.14600000000000002,1,2203,5,0
r1bqk2r/pp2ppbp/2n2np1/3p4/3P1B2/2NBP2P/PP3PP1/R2QK1NR,False,0.0050000000000000044,2,2212,5,0
r1bq1rk1/pp2ppbp/2n2np1/3p4/3P1B2/2NBP2P/PP3PP1/R2QK1NR,True,0.0,1,2203,5,0
r1bq1rk1/pp2ppbp/2n2np1/3p4/3P1B2/2NBPN1P/PP3PP1/R2QK2R,False,0.0,4,2212,5,0
r1bq1rk1/1p2ppbp/p1n2np1/3p4/3P1B2/2NBPN1P/PP3PP1/R2QK2R,True,0.0,2,2203,5,0
r1bq1rk1/1p2ppbp/p1n2np1/3p4/3P1B2/2NBPN1P/PP3PP1/R2Q1RK1,False,0.010000000000000009,6,2212,5,0
r1bq1rk1/1p2ppb1/p1n2npp/3p4/3P1B2/2NBPN1P/PP3PP1/R2Q1RK1,True,0.0,3,2203,5,0
r1bq1rk1/1p2ppb1/p1n2npp/3p4/N2P1B2/3BPN1P/PP3PP1/R2Q1RK1,False,0.0,11,2212,5,0
r1bq1rk1/4ppb1/p1n2npp/1p1p4/N2P1B2/3BPN1P/PP3PP1/R2Q1RK1,True,0.0,2,2203,5,0
r1bq1rk1/4ppb1/p1n2npp/1pNp4/3P1B2/3BPN1P/PP3PP1/R2Q1RK1,False,0.007000000000000006,2,2212,5,0
r1bq1rk1/3nppb1/p1n3pp/1pNp4/3P1B2/3BPN1P/PP3PP1/R2Q1RK1,True,0.0,8,2203,5,0
r1bq1rk1/3nppb1/p1n3pp/1pNp4/1P1P1B2/3BPN1P/P4PP1/R2Q1RK1,False,0.049000000000000044,3,2212,5,0
r1bq1rk1/4ppb1/pnn3pp/1pNp4/1P1P1B2/3BPN1P/P4PP1/R2Q1RK1,True,0.442,4,2203,5,0
r1bq1rk1/4ppb1/pnn3pp/1pNp4/1P1P1B2/P2BPN1P/5PP1/R2Q1RK1,False,0.06799999999999995,1,2212,5,0
r1bq1rk1/4ppb1/p1n3pp/1pNp4/1PnP1B2/P2BPN1P/5PP1/R2Q1RK1,True,0.11900000000000002,9,2203,5,0
r1bq1rk1/4ppb1/p1n3pp/1pNp4/1PBP1B2/P3PN1P/5PP1/R2Q1RK1,False,0.0,5,2212,5,0
r1bq1rk1/4ppb1/p1n3pp/1pN5/1PpP1B2/P3PN1P/5PP1/R2Q1RK1,True,0.0,13,2203,5,0
r1bq1rk1/4ppb1/p1n3pp/1pN5/1PpP1B2/P3PN1P/3Q1PP1/R4RK1,False,0.031,3,2212,5,0
r1bq1r2/4ppbk/p1n3pp/1pN5/1PpP1B2/P3PN1P/3Q1PP1/R4RK1,True,0.446,7,2203,5,0
r1bq1r2/4ppbk/p1n3pp/1pN5/PPpP1B2/4PN1P/3Q1PP1/R4RK1,False,0.0,5,2212,5,0
r2q1r2/4ppbk/p1n3pp/1pN2b2/PPpP1B2/4PN1P/3Q1PP1/R4RK1,True,0.0,5,2203,5,0
r2q1r2/4ppbk/p1n3pp/1pN2b2/PPpP1B2/4PN1P/R2Q1PP1/5RK1,False,0.0,33,2212,5,0
r2q1r2/4p1bk/p1n2ppp/1pN2b2/PPpP1B2/4PN1P/R2Q1PP1/5RK1,True,0.0,4,2203,5,0
r2q1r2/4p1bk/p1n2ppp/1pN2b2/PPpP1B2/4PN1P/R2Q1PP1/R5K1,False,0.0,37,2212,5,0
2rq1r2/4p1bk/p1n2ppp/1pN2b2/PPpP1B2/4PN1P/R2Q1PP1/R5K1,True,0.34199999999999997,19,2203,5,0
2rq1r2/4p1bk/p1n2ppp/1PN2b2/1PpP1B2/4PN1P/R2Q1PP1/R5K1,False,0.0,2,2212,5,0
2rq1r2/4p1bk/2n2ppp/1pN2b2/1PpP1B2/4PN1P/R2Q1PP1/R5K1,True,0.0,5,2203,5,0
2rq1r2/4p1bk/R1n2ppp/1pN2b2/1PpP1B2/4PN1P/3Q1PP1/R5K1,False,0.0,10,2212,5,0
1nrq1r2/4p1bk/R4ppp/1pN2b2/1PpP1B2/4PN1P/3Q1PP1/R5K1,True,0.015000000000000013,7,2203,5,0
1nrq1r2/R3p1bk/5ppp/1pN2b2/1PpP1B2/4PN1P/3Q1PP1/R5K1,False,0.0,17,2212,5,0
1nrq1r2/R3p1bk/5p1p/1pN2bp1/1PpP1B2/4PN1P/3Q1PP1/R5K1,True,0.16800000000000004,16,2203,5,0
1nrq1r2/R3p1bk/5p1p/1pN2bp1/1PpP4/4PNBP/3Q1PP1/R5K1,False,0.0,13,2212,5,0
2rq1r2/R3p1bk/2n2p1p/1pN2bp1/1PpP4/4PNBP/3Q1PP1/R5K1,True,0.0,5,2203,5,0
2rq1r2/1R2p1bk/2n2p1p/1pN2bp1/1PpP4/4PNBP/3Q1PP1/R5K1,False,0.0,17,2212,5,0
2rq1r2/1R4bk/2n2p1p/1pN1pbp1/1PpP4/4PNBP/3Q1PP1/R5K1,True,0.04600000000000004,15,2203,5,0
2rq1r2/1R4bk/2n2p1p/1pN1Pbp1/1Pp5/4PNBP/3Q1PP1/R5K1,False,0.0,4,2212,5,0
2r2r2/1R4bk/2n2p1p/1pN1Pbp1/1Pp5/4PNBP/3q1PP1/R5K1,True,0.0,2,2203,5,0
2r2r2/1R4bk/2n2p1p/1pN1Pbp1/1Pp5/4P1BP/3N1PP1/R5K1,False,0.01200000000000001,6,2212,5,0
2r2r2/1R4bk/5p1p/1pN1Pbp1/1np5/4P1BP/3N1PP1/R5K1,True,0.0,8,2203,5,0
2r2r2/1R4bk/5p1p/1pN1Pbp1/1np1P3/6BP/3N1PP1/R5K1,False,0.0,5,2212,5,0
2r2r2/1R4bk/5pbp/1pN1P1p1/1np1P3/6BP/3N1PP1/R5K1,True,0.15200000000000002,4,2203,5,0
2r2r2/1R4bk/4Npbp/1p2P1p1/1np1P3/6BP/3N1PP1/R5K1,False,0.0,5,2212,5,0
2r5/1R3rbk/4Npbp/1p2P1p1/1np1P3/6BP/3N1PP1/R5K1,True,0.047,8,2203,5,0
2r5/5rbk/4Npbp/1R2P1p1/1np1P3/6BP/3N1PP1/R5K1,False,0.0,16,2212,5,0
2r5/5rbk/4Npbp/1R2P1p1/1n2P3/2p3BP/3N1PP1/R5K1,True,0.023,15,2203,5,0
2r5/5rbk/4Npbp/4P1p1/1R2P3/2p3BP/3N1PP1/R5K1,False,0.967,1,2212,5,0
2r5/5rbk/4Npbp/4P1p1/1R2P3/6BP/3p1PP1/R5K1,True,0.0,3,2203,5,0
2r5/5rNk/5pbp/4P1p1/1R2P3/6BP/3p1PP1/R5K1,False,0.017,5,2212,5,0
2r5/5rk1/5pbp/4P1p1/1R2P3/6BP/3p1PP1/R5K1,True,0.0,7,2203,5,0
2r5/5rk1/5pbp/4P1p1/1R2P3/6BP/3p1PP1/3R2K1,False,0.0,4,2212,5,0
8/5rk1/5pbp/4P1p1/1R2P3/6BP/3p1PP1/2rR2K1,True,0.0,3,2203,5,0
8/5rk1/5pbp/4P1p1/4P3/6BP/3p1PP1/1RrR2K1,False,0.0,22,2212,5,0
8/5rk1/5pbp/4P1p1/4P3/6BP/3p1PP1/1r1R2K1,True,0.0,2,2203,5,0
8/5rk1/5pbp/4P1p1/4P3/6BP/3p1PP1/1R4K1,False,0.0,4,2212,5,0
8/3r2k1/5pbp/4P1p1/4P3/6BP/3p1PP1/1R4K1,True,0.0,2,2203,5,0
8/3r2k1/5pbp/4P1p1/4P3/6BP/3p1PP1/3R2K1,False,0.032,2,2212,5,0
8/3r2k1/6bp/4p1p1/4P3/6BP/3p1PP1/3R2K1,True,0.0,3,2203,5,0
8/3r1k2/6bp/4B1p1/4P3/7P/3p1PP1/3R2K1,True,0.0,1,2203,5,0
8/3r1k2/6bp/6p1/4P3/2B4P/3p1PP1/3R2K1,False,0.0,3,2212,5,0
8/3r1k2/7p/6p1/4b3/2B4P/3p1PP1/3R2K1,True,0.0,3,2203,5,0
r2qkb1r/ppp2ppp/2bp1n2/8/3QP3/2N2N2/PPP2PPP/R1B1K2R,True,0.033,1,2188,5,0
r2qkb1r/ppp2ppp/2bp1n2/6B1/3QP3/2N2N2/PPP2PPP/R3K2R,False,0.039999999999999994,1,2194,5,0
r2qk2r/ppp1bppp/2bp1n2/6B1/3QP3/2N2N2/PPP2PPP/2KR3R,False,0.0,2,2194,5,0
r2q1rk1/ppp1bppp/2bp1n2/6B1/3QP3/2N2N2/PPP2PPP/2KR3R,True,0.003999999999999997,1,2188,5,0
r2q1rk1/ppp1bppp/2bp1n2/4P1B1/3Q4/2N2N2/PPP2PPP/2KR3R,False,0.0,2,2194,5,0
r2q1rk1/ppp1bppp/2b2n2/4p1B1/3Q4/2N2N2/PPP2PPP/2KR3R,True,0.0,2,2188,5,0
r2q1rk1/ppp1bppp/2b2n2/4Q1B1/8/2N2N2/PPP2PPP/2KR3R,False,0.0,20,2194,5,0
r2q1rk1/ppp2ppp/2bb1n2/4Q1B1/8/2N2N2/PPP2PPP/2KR3R,True,0.179,2,2188,5,0
r2q1rk1/ppp2ppp/2bb1n2/6B1/3Q4/2N2N2/PPP2PPP/2KR3R,False,0.19300000000000006,27,2194,5,0
r2qr1k1/ppp2ppp/2bb1n2/6B1/3Q4/2N2N2/PPP2PPP/2KR3R,True,0.19699999999999998,5,2188,5,0
